carpeta|nif|denominacion|nota
alava6|B28111516|OSTALAZAR SL|EMPRESA. Domicilio social CL DOCTOR ESQUERDO 57 MADRID
alemania11|H79602397|CDAD PROP CL ALEMANIA N 11 FUENLABRADA|
alemania6|H79228748|CDAD PROP CL ALEMANIA N 6 FUENLABRADA|tarjeta moderna con CSV; NIF definitivo 18-08-1989
andalucia10|H79706339|CDAD PROP CL ANDALUCIA N 10 FUENLABRADA|
andalucia6|H79882866|CDAD PROP CL ANDALUCIA N 6 FUENLABRADA|el 6o digito salia borroso; se deduce por el digito de control, que solo cuadra con un 8. Sello del Registro de la Propiedad 27-JUN-2006
angeles14|H79741518|CDAD PROP CL LOS ANGELES N 14 FUENLABRADA|
angeles7|H79746053|CDAD PROP CL LOS ANGELES N 7 FUENLABRADA|CIF confirmado a mano en el libro de actas de 1983
argentina20|H79833398|CDAD PROP CL ARGENTINA N 20 FUENLABRADA|
austria8|H78759263|CDAD PROP CL AUSTRIA 8 FUENLABRADA|LA TARJETA ES LA VIEJA, con letra E (E78759263). El CIF vigente es con H, y lo certifica el Banco Sabadell el 14-05-2026 sobre la cuenta ES62 0081 0295 0400 0129 8234, y lo confirma el IEE. AVISO: su administradora habla de una MANCOMUNIDAD, y el IEE dice que el edificio comparte medianeria con CL AUSTRIA 10 y CL AUSTRIA 6, que NO estan en la lista. Presidente segun el IEE: RAFAEL EXPOSITO CABRERA, DNI 51861873R
avespana9|H78767076|CDAD PROP AV ESPAÑA 9 FUENLABRADA|NIF definitivo 08-03-1988
avestados1|H79104279|CDAD PROP AV LOS ESTADOS N 1 FUENLABRADA|NIF definitivo 13-04-1989
avestados18|H79825618|CDAD PROP AV DE LOS ESTADOS N 18 FUENLABRADA|NIF definitivo 01-01-1991
avestados4|E78447554|CDAD PROP AVDA DE LOS ESTADOS 4 DE FUENLABRADA|LETRA E. CP 28945
avfranciscojaviersauquillo22|H80207020|CDAD PROP CL FRANCISCO JAVIER SAUQUILLO N 22 FUENLABRADA|
avprovincias10|H80024334|CDAD PROP AV DE LAS PROVINCIAS N 10 FUENLABRADA|la matriz de puntos esta comida; lo leyo Monica a ojo el 3-oct y el digito de control cuadra
avprovincias14|H78576980|CDAD PROP CL AV PROVINCIAS 14 FUENLABRADA|CP 28941. NIF definitivo 10-11-1987
avprovincias16|H80135908|CDAD PROP AV DE LAS PROVINCIAS N 16 FUENLABRADA|NIF definitivo 08-04-1992
avprovincias46|H79490140|CDAD PROP AV DE LAS PROVINCIAS N 46 FUENLABRADA|
avregiones6|H79783130|CDAD PROP AV DE LAS REGIONES N 6 FUENLABRADA|NIF definitivo 01-12-1990
belen7|H79707493|CDAD PROP CL BELEN N 7 FUENLABRADA|
brunete3|H79277513|CDAD PROP CL BRUNETE N 3 FUENLABRADA|el sobre dice ADMINISTRACIONES ROYMAR SL como apoderado
callao31|H79634564|CDAD PROP CL CALLAO N 31 FUENLABRADA|CP 28945 corregido a mano
callao35|H79121620|CDAD PROP CL CALLAO 35 FUENLABRADA|
canarias8|H78347028|CDAD PROP CANARIAS 8 FUENLABRADA|NIF definitivo 01-12-1986
castillalanueva33|H79387577|CDAD PROP CL CASTILLA LA NUEVA N 33 FUENLABRADA|
castillalanueva37bis|H79410346|CDAD PROP CL CASTILLA LA NUEVA N 37 BIS FUENLABRADA|EL BIS ES EL PORTAL B del 37. CP 28941. NIF 10-04-1990
castillalanueva40|H79562864|CDAD PROP CL CASTILLA LA NUEVA N 40 FUENLABRADA|NIF definitivo 31-10-1990
castillalavieja8|H79679098|CDAD PROP CL CASTILLA LA VIEJA N 8 FUENLABRADA|
castillejos23|H79442745|CDAD PROP CL CASTILLEJOS N 23 FUENLABRADA|
comunidaddemadrid9|H80074024|CDAD PROP CL COMUNIDAD DE MADRID FUENLABRADA|la denominacion NO lleva numero; el domicilio si: CL COMUNIDAD DE MADRID 9
delicias1|H79760112|CDAD PROP CL DELICIAS N 1 FUENLABRADA|
delicias7|H81223174|CDAD PROP CL DELICIAS N 7 DE FUENLABRADA|CP 28944. NIF definitivo 29-06-1995
eras9|H79934220|CDAD PROP CL LAS HERAS N 9 FUENLABRADA|OJO: la calle oficial es LAS HERAS, no ERAS. CP 28944
fatima6|H79266052|CDAD PROP CL FATIMA 6|la denominacion no lleva FUENLABRADA
francia5|H79704250|CDAD PROP CL FRANCIA N 5 FUENLABRADA|NIF definitivo 27-11-1990
francia50|H79661443|CDAD PROP CL FRANCIA N 50 FUENLABRADA|
francia7|H79538823|CDAD PROP CL FRANCIA N 7 FUENLABRADA|NIF definitivo 16-10-1990
habana41|H79697546|CDAD PROP CL HABANA N 41 FUENLABRADA|
humera16|H79112322|CDAD PROP CL HUMERA 16 FUENLABRADA|NIF definitivo 20-04-1989
humera23|H79617072|CDAD PROP CL HUMERA N 23 FUENLABRADA|NIF definitivo 01-11-1990
hungria4|H79740700|CDAD PROP CL HUNGRIA N 4 FUENLABRADA|
islasbritanicas26|H79253514|CDAD PROP CL ISLAS BRITANICAS 26 FUENLABRADA|
italia11|H79803797|CDAD PROP CL ITALIA N 11 FUENLABRADA|
italia35|H79044913|CDAD PROP CL ITALIA 35 DE FUENLABRADA|
lavega6|H79858643|CDAD PROP CL LA VEGA N 6 FUENLABRADA|NIF definitivo 25-02-1991
leganes14|H79801049|CDAD PROP CL LEGANES N 14 FUENLABRADA|CP 28945. NIF definitivo 01-12-1990
lima5|H81427155|CDAD PROP CL LIMA N 5 DE FUENLABRADA|CP 28944
malaga22|H80459464|CDAD PROP CL MALAGA 22 FUENLABRADA|
mostoles3portal2|H79267993|CDAD PROP CL MOSTOLES N 3 BLOQUE 2 FUENLABRADA|la tarjeta dice BLOQUE 2, no portal 2
mostoles3portal4|H84265164|CDAD PROP C/ MOSTOLES 3 EN FUENLABRADA|la denominacion NO dice el portal; el domicilio si: CL MOSTOLES PORTAL 4, 3. CP 28944. 03-03-2005
mostoles3portal7|H79568283|CDAD PROP CL MOSTOLES N 3 PORTAL 7 FUENLABRADA|NIF definitivo 02-11-1990
mostoles3portal8|H79265153|CDAD PROP CL MOSTOLES N 3 FUENLABRADA|la denominacion NO dice el portal. NIF definitivo 23-10-1989
nazaret14|H79549671|CDAD PROP CL NAZARET N 14 FUENLABRADA|
nazaret32bis|H79706172|CDAD PROP CL NAZARET N 32 BIS FUENLABRADA|CP 28941. El libro de actas dice: edificio sito en CALLE ANDALUCIA 8, HOY calle Nazaret 32 BIS. La calle cambio de nombre
oriente6|H79699617|CDAD PROP CL ORIENTE N 6 FUENLABRADA|NIF definitivo 01-11-1990
paseodegranada2|H79943031|CDAD PROP PS GRANADA N 2 FUENLABRADA|NIF 01-02-1991. Administra ARACASA ASESORES, CL CALLAO 52
paseodoctorseveroochoa10|H85862803|CDAD PROP PS DOCTOR SEVERO OCHOA N 10 FUENLABRADA|CP 28945. NIF definitivo 15-01-2010
paseoolimpo16|H79607446|CDAD PROP PS DEL OLIMPO N 16 FUENLABRADA|NIF definitivo 01-11-1990
paseosanantonio3|H79741195|(sin denominacion oficial)|NO ES TARJETA: es una autorizacion firmada. CIF valido. PRESIDENTE: FERNANDO OLIVA RELAÑO, DNI 51315138E (17-01-2022)
paseosanantonio4|H79574778|CDAD PROP PS SAN ANTONIO N 4 FUENLABRADA|NIF definitivo 15-11-2022
paular5|H80228158|CDAD PROP CL PAULAR N 5 FUENLABRADA|NIF 01-01-1992. Administra AEA FINCAS, C CONSTITUCION 28 LOCAL
pelayos11|H79674370|(sin denominacion oficial)|NO ES TARJETA: autorizacion firmada. CIF valido. PRESIDENTE: ANTONIO ARTERO HOMBRADO, DNI 51973224D (17-01-2022)
plazadenicaragua3|H79775755|CDAD PROP CL NICARAGUA N 3 FUENLABRADA|OJO: la tarjeta dice CALLE Nicaragua, tu lista dice PLAZA DE Nicaragua
polvoranca23|H78425139|CDAD PROP CL POLVORANCA 23 FUENLABRADA|NIF definitivo 16-02-1987
sanandres1|H79702627|CDAD PROP CL SAN ANDRES N 1 FUENLABRADA|CP 28945. NIF 01-11-1990
sanandres2|H80783475|CDAD PROP CL SAN ANDRES N 2 FUENLABRADA|CP 28945
sanfranciscojavier2|H79655023|CDAD PROP CL SAN FRANCISCO JAVIER N 2 FUENLABRADA|
sanjose9|H78548823|CDAD PROP CL SAN JOSE 9 FUENLABRADA|
turquia22|H81284598|CDAD PROP CL TURQUIA N 22 DE FUENLABRADA|CP 28943
villaviciosadeodon2|H79098539|CDAD PROP CL VILLAVICIOSA DE ODON N 2 FUENLABRADA|NIF definitivo 11-04-1989
zamora1-3-5|H79663209|CDAD PROP ED ZAMORA CL ZAMORA FUENLABRADA|EDIFICIO ZAMORA, calle Zamora S/N: abarca los numeros 1, 3 y 5. Administra VALENTIN ALCOCER, CL SORIA 1
zamora25|H78759206|CDAD PROP ZAMORA 25 FUENLABRADA|NIF definitivo 04-03-1988
zamora6|H79997185|CDAD PROP CL ZAMORA 6 FUENLABRADA|
zaragoza7|H79490132|CDAD PROP CL ZARAGOZA N 7 FUENLABRADA|
plazaparis5|H80030885|CDAD PROP PZ PARIS 5 FUENLABRADA|coincide con el CIF que ya habia en la base
plazaparis6|H79647061|CDAD PROP PZ PARIS N 6 FUENLABRADA|coincide con la base. Libro de actas de 1981 sellado: INSCRITA EN EL CENSO DE ENTIDADES JURIDICAS con ese CI, 20-NOV-1990
plazaparis7|H81561797|CDAD PROP PZ PARIS N 7 FUENLABRADA|CP 28943
