administrador,veces,monton,carpeta
A través de rosa,9,5 no hay administrador: lo trae un tercero,ALCORCON / guadalajara3
Trámites a través de Antonio Sevillano. Consultar a Javier Parra,2,5 no hay administrador: lo trae un tercero,ALCOBENDAS / constitucion65
Administración de Fincas Arco,1,"3 NUEVO, parece una empresa",ALCORCON / alameda11
Rosa Mª Rincón Redondo Administración de Fincas,1,"3 NUEVO, parece una empresa",ARANJUEZ / florida32
NO SE HAN PEDIDO DATOS PROMOTOR PORQUE ES UNA EMPRESA Y SOLAMENTE HAY QUE HACER UN INFORME,1,"3 NUEVO, parece una empresa",ARGANDA DEL REY / laton8
GORDON ASESORES CB,1,"3 NUEVO, parece una empresa",COLLADO VILLALBA / plazalosbelgas12
"SAIZ ASESORES, S.L",1,"3 NUEVO, parece una empresa",COLMENAR VIEJO / madrid2
"Torres & Asociados Pedidos docs a novillo el 18/09, 24/09",1,"3 NUEVO, parece una empresa",FUENLABRADA / alemania6
LIZÁN ADMINISTRACIÓN DE FINCAS S.L.U,1,"3 NUEVO, parece una empresa",FUENLABRADA / avandes11
CONSTRUCTIVE SOLUTIONS 2019 SL,1,"3 NUEVO, parece una empresa",FUENLABRADA / fatima8
Administración de fincas. Asesoría jurídica. Correduría de s,1,"3 NUEVO, parece una empresa",FUENLABRADA / migueldeunamuno25
SOLUTIONA FINCAS,1,"3 NUEVO, parece una empresa",FUENLABRADA / zamora28
Pedido a Alberto Calleja,1,"3 NUEVO, parece una empresa",GETAFE / andalucia2
GRUPO CR,1,"3 NUEVO, parece una empresa",GETAFE / cuentasaltas1
IGUAL QUE RIOJA 54,1,"3 NUEVO, parece una empresa",LEGANES / alcarria13
Rafael Leborán Alberca,1,"3 NUEVO, parece una empresa",LEGANES / avdrmartinveguejaudenes33-35-37
ADMINSTRACION DE FINCAS OFILEGA,1,"3 NUEVO, parece una empresa",LEGANES / indias10
Clara Fernández Fernández Administradora de Fincas y Abogada,1,"3 NUEVO, parece una empresa",LEGANES / pensamiento5
ASESORIA-ADMON. FINCAS,1,"3 NUEVO, parece una empresa",LEGANES / polvoranca18
ALFONSO AMIGO DE ROPERO 699244851,1,"3 NUEVO, parece una empresa",LEGANES / valles9
R & F abogados y asesores. Bermez Abogados y Asesores S.L,1,"3 NUEVO, parece una empresa",LEGANES / velasco19
Pedido a oscar lopez,1,"3 NUEVO, parece una empresa",MOSTOLES / avcerroprieto7
GALICIA OLMEDO FINCAS Y SERVICIOS,1,"3 NUEVO, parece una empresa",MOSTOLES / carcavilla1
"Admón.Fincas A.Barrera, S.L",1,"3 NUEVO, parece una empresa",MOSTOLES / españoleto5
"Pedidos docs cp 21/12/22, 04/01/2023",1,"3 NUEVO, parece una empresa",MOSTOLES / oviedo9
VALENTIN SALCHEZ MORENO,1,"3 NUEVO, parece una empresa",MOSTOLES / tenienteruiz2
ASESORIA JURIDICA PROLEY,1,"3 NUEVO, parece una empresa",PARLA / enriquegranados 7A
SIGLO 21 ABOGADOS,1,"3 NUEVO, parece una empresa",PARLA / fuentebella8
RAQUEL MARÍN ABOGADOS,1,"3 NUEVO, parece una empresa",PARLA / jerusalen16
ADMIN B Y R,1,"3 NUEVO, parece una empresa",PARLA / leganes12
IMPERIAL ADMINISTRACION DE FINCAS,1,"3 NUEVO, parece una empresa",POZUELO DE ALARCON / aragon-cerrolaza
JOSE ANTONIO GARCIA,1,"3 NUEVO, parece una empresa",TORREJON DE ARDOZ / sanfelipe4
AURAL LEGIS ABOGADOS < >,1,"3 NUEVO, parece una empresa",VALDEMORO / andalucia9-9b-11
FINCAS ORTEGADELGADO,1,"3 NUEVO, parece una empresa",VALDEMORO / paseodelarambla13
Contacto a través de Schindler,1,5 no hay administrador: lo trae un tercero,ALCOBENDAS / isladecorcega3
A través de Javier parra de coinsa,1,5 no hay administrador: lo trae un tercero,ALCORCON / avdeloeste1-3
A TRAVES DE DAVID CAMARA,1,5 no hay administrador: lo trae un tercero,ALCORCON / trujillo3
A través de pedro de inpe,1,5 no hay administrador: lo trae un tercero,PARLA / fuentebella68
A TRAVES DE COINSA,1,5 no hay administrador: lo trae un tercero,SAN FERNANDO DE HENARES / avzarauz29
