n,carpeta,png,comunidad_id,comunidad,cif_en_base
1,alava6,C:\Users\mfavi\AppData\Local\Temp\tarjetas\alava6.png,12acf0ab-118a-4344-b022-9580a922c9c9,ALAVA 6 FUENLABRADA,B28111516
2,alemania11,C:\Users\mfavi\AppData\Local\Temp\tarjetas\alemania11.png,b6769ff9-794d-4efb-8f75-e07c31347e1f,ALEMANIA 11 FUENLABRADA,H79602397
3,alemania6,C:\Users\mfavi\AppData\Local\Temp\tarjetas\alemania6.png,19f23b15-f7fe-435a-b3be-649a64cc6083,ALEMANIA 6 FUENLABRADA,H79228748
4,andalucia10,C:\Users\mfavi\AppData\Local\Temp\tarjetas\andalucia10.png,9db87e08-a03d-4410-885d-a868b6b2b630,ANDALUCIA 10 FUENLABRADA,H79706339
5,andalucia6,C:\Users\mfavi\AppData\Local\Temp\tarjetas\andalucia6.png,fbe45529-238b-4ea8-9d68-b2b5a54868a8,ANDALUCIA 6 FUENLABRADA,H79882866
6,angeles14,C:\Users\mfavi\AppData\Local\Temp\tarjetas\angeles14.png,e7baf195-d913-4a98-8677-d9d944e28c6d,ANGELES 14 FUENLABRADA,H79741518
7,angeles7,C:\Users\mfavi\AppData\Local\Temp\tarjetas\angeles7.png,bbbb08ba-2396-4178-b6b2-10fb50f7225f,ANGELES 7 FUENLABRADA,H79746053
8,argentina20,C:\Users\mfavi\AppData\Local\Temp\tarjetas\argentina20.png,5b394477-311b-42d6-bd82-981dafdee873,ARGENTINA 20 FUENLABRADA,H79833398
9,austria8,C:\Users\mfavi\AppData\Local\Temp\tarjetas\austria8.png,e25df94f-655f-481e-a62a-6f96a34af8be,AUSTRIA 8 FUENLABRADA,H78759263
10,avespaña9,C:\Users\mfavi\AppData\Local\Temp\tarjetas\avespaa9.png,495f2ec1-80d4-4803-9f8a-7755995cfc81,AV ESPAÑA 9 FUENLABRADA,H78767076
11,avestados1,C:\Users\mfavi\AppData\Local\Temp\tarjetas\avestados1.png,3fc023cd-0494-4f97-8148-edcfba0212d2,AV ESTADOS 1 FUENLABRADA,H79104279
12,avestados18,C:\Users\mfavi\AppData\Local\Temp\tarjetas\avestados18.png,98414baa-5491-4149-9c14-7793a68ca1a3,AV ESTADOS 18 FUENLABRADA,H79825618
13,avestados4,C:\Users\mfavi\AppData\Local\Temp\tarjetas\avestados4.png,0dde6533-8233-4bf1-8d1d-c2873cc605e1,AV ESTADOS 4 FUENLABRADA,E78447554
14,avfranciscojaviersauquillo22,C:\Users\mfavi\AppData\Local\Temp\tarjetas\avfranciscojaviersauquillo22.png,da6b79d3-0da0-47f1-8944-6f581a7f4f12,AV FRANCISCO JAVIER SAUQUILLO 22 FUENLABRADA,H80207020
15,avprovincias10,C:\Users\mfavi\AppData\Local\Temp\tarjetas\avprovincias10.png,c6830be5-cbe0-497f-9929-f22f20916c08,AV PROVINCIAS 10 FUENLABRADA,
16,avprovincias14,C:\Users\mfavi\AppData\Local\Temp\tarjetas\avprovincias14.png,0d5d29c6-fe46-46e3-8cdf-b5264282b8e3,AV PROVINCIAS 14 FUENLABRADA,H78576980
17,avprovincias16,C:\Users\mfavi\AppData\Local\Temp\tarjetas\avprovincias16.png,723cfc0b-bfca-4601-a6cf-4f6c0067a638,AV PROVINCIAS 16 FUENLABRADA,H80135908
18,avprovincias46,C:\Users\mfavi\AppData\Local\Temp\tarjetas\avprovincias46.png,4c5e5fc0-0e30-4552-88ac-28843e108a98,AV PROVINCIAS 46 FUENLABRADA,H79490140
19,avregiones6,C:\Users\mfavi\AppData\Local\Temp\tarjetas\avregiones6.png,fb720b3d-53c6-44c3-8380-ac1017f387fd,AV REGIONES 6 FUENLABRADA,H79783130
20,belen7,C:\Users\mfavi\AppData\Local\Temp\tarjetas\belen7.png,56f15a13-b4c0-4293-ac5a-69299532c175,BELEN 7 FUENLABRADA,H79707493
21,brunete3,C:\Users\mfavi\AppData\Local\Temp\tarjetas\brunete3.png,92536a60-a776-4678-b6c5-9b1cdf1255fe,BRUNETE 3 FUENLABRADA,H79277513
22,callao31,C:\Users\mfavi\AppData\Local\Temp\tarjetas\callao31.png,b358d605-74c3-48fe-91c1-a03fc8fd3203,CALLAO 31 FUENLABRADA,H79634564
23,callao35,C:\Users\mfavi\AppData\Local\Temp\tarjetas\callao35.png,985f7e68-b4cd-432f-bd61-e412b32a7988,CALLAO 35 FUENLABRADA,H79121620
24,canarias8,C:\Users\mfavi\AppData\Local\Temp\tarjetas\canarias8.png,aacf53b6-a8a5-40a1-ad8e-9d1f71357853,CANARIAS 8 FUENLABRADA,H78347028
25,castillalanueva33,C:\Users\mfavi\AppData\Local\Temp\tarjetas\castillalanueva33.png,6557b7d3-aa87-4a7b-b629-d5065f1de377,CASTILLA LA NUEVA 33 FUENLABRADA,H79387577
26,castillalanueva37bis,C:\Users\mfavi\AppData\Local\Temp\tarjetas\castillalanueva37bis.png,1aeefaf3-8d4e-4526-8aa0-0663ea7caeb8,CASTILLA LA NUEVA 37BIS FUENLABRADA,H79410346
27,castillalanueva40,C:\Users\mfavi\AppData\Local\Temp\tarjetas\castillalanueva40.png,c26757c1-f4d2-412f-b373-f581ebd1cdba,CASTILLA LA NUEVA 40 FUENLABRADA,H79562864
28,castillalavieja8,C:\Users\mfavi\AppData\Local\Temp\tarjetas\castillalavieja8.png,25ced794-c5ea-4e66-8628-636287914876,CASTILLA LA VIEJA 8 FUENLABRADA,H79679098
29,castillejos23,C:\Users\mfavi\AppData\Local\Temp\tarjetas\castillejos23.png,808adbce-ab8b-4eab-98df-2fb3fc945fa9,CASTILLEJOS 23 FUENLABRADA,
30,comunidaddemadrid9,C:\Users\mfavi\AppData\Local\Temp\tarjetas\comunidaddemadrid9.png,8a202224-66be-4f74-acb8-ca0df94f6e60,COMUNIDAD DE MADRID 9 FUENLABRADA,H80074024
31,delicias1,C:\Users\mfavi\AppData\Local\Temp\tarjetas\delicias1.png,88b9544e-c4b2-4050-9a29-5f564b27c3f6,DELICIAS 1 FUENLABRADA,H79760112
32,delicias7,C:\Users\mfavi\AppData\Local\Temp\tarjetas\delicias7.png,9ec7ddd2-359f-4391-a0ab-f6c473061d84,DELICIAS 7 FUENLABRADA,H81223174
33,eras9,C:\Users\mfavi\AppData\Local\Temp\tarjetas\eras9.png,6dc61222-c376-4c7d-a75c-e72775f920d1,ERAS 9 FUENLABRADA,H79934220
34,fatima6,C:\Users\mfavi\AppData\Local\Temp\tarjetas\fatima6.png,8e62b50c-bed0-46bc-b0c9-a25f039ad6f5,FATIMA 6 FUENLABRADA,H79266052
35,francia5,C:\Users\mfavi\AppData\Local\Temp\tarjetas\francia5.png,f904d0dc-a6c0-45fe-9639-640175c33c5e,FRANCIA 5 FUENLABRADA,H79704250
36,francia50,C:\Users\mfavi\AppData\Local\Temp\tarjetas\francia50.png,df00e0a7-b0bc-4c8e-a44c-8fb1ea62b214,FRANCIA 50 FUENLABRADA,H79661443
37,francia7,C:\Users\mfavi\AppData\Local\Temp\tarjetas\francia7.png,e59d8c8f-9796-48b4-8402-2b63cd27e228,FRANCIA 7 FUENLABRADA,H79538823
38,habana41,C:\Users\mfavi\AppData\Local\Temp\tarjetas\habana41.png,7eeacfa9-347d-476d-acc4-8977f927fe68,HABANA 41 FUENLABRADA,H79697546
39,humera16,C:\Users\mfavi\AppData\Local\Temp\tarjetas\humera16.png,3c89acf9-aaaf-44e8-afd4-b64a723dca01,HUMERA 16 FUENLABRADA,H79112322
40,humera23,C:\Users\mfavi\AppData\Local\Temp\tarjetas\humera23.png,f8278ede-c0bf-43d0-be37-c4f3e0e365d0,HUMERA 23 FUENLABRADA,
41,hungria4,C:\Users\mfavi\AppData\Local\Temp\tarjetas\hungria4.png,b90ba8e3-5f1b-47f7-9b7c-4c08f050b002,HUNGRIA 4 FUENLABRADA,H79740700
42,islasbritanicas26,C:\Users\mfavi\AppData\Local\Temp\tarjetas\islasbritanicas26.png,ff077c70-7e85-4f34-8118-5f60279f90aa,ISLAS BRITANICAS 26 FUENLABRADA,H79253514
43,italia11,C:\Users\mfavi\AppData\Local\Temp\tarjetas\italia11.png,d9a44b01-7259-49c3-95db-0dc247583c02,ITALIA 11 FUENLABRADA,H79803797
44,italia35,C:\Users\mfavi\AppData\Local\Temp\tarjetas\italia35.png,da5c0264-43b7-4910-9a90-a35338107359,ITALIA 35 FUENLABRADA,H79044913
45,lavega6,C:\Users\mfavi\AppData\Local\Temp\tarjetas\lavega6.png,bfa1c11a-35d6-4065-9544-fe289edc9f8c,LA VEGA 6 FUENLABRADA,
46,leganes14,C:\Users\mfavi\AppData\Local\Temp\tarjetas\leganes14.png,48088491-7938-4d92-8f55-4e724008eba0,LEGANES 14 FUENLABRADA,H79801049
47,lima5,C:\Users\mfavi\AppData\Local\Temp\tarjetas\lima5.png,fbadaf26-24f6-4c79-9c52-5c03c6dc8036,LIMA 5 FUENLABRADA,H81427155
48,malaga22,C:\Users\mfavi\AppData\Local\Temp\tarjetas\malaga22.png,a71ccddc-bd76-43c2-9102-e7f3c1ca8f81,MALAGA 22 FUENLABRADA,H80459464
49,mostoles3portal2,C:\Users\mfavi\AppData\Local\Temp\tarjetas\mostoles3portal2.png,9a6ff4c1-469f-496d-b565-96d5157e33f6,MOSTOLES 3 PORTAL 2 FUENLABRADA,H79267993
50,mostoles3portal4,C:\Users\mfavi\AppData\Local\Temp\tarjetas\mostoles3portal4.png,c77b587d-7780-44ae-a16b-ed5f100718ef,MOSTOLES 3 PORTAL 4 FUENLABRADA,H84265164
51,mostoles3portal7,C:\Users\mfavi\AppData\Local\Temp\tarjetas\mostoles3portal7.png,1c6a4271-52a1-48b1-b6d3-09d9ee970508,MOSTOLES 3 PORTAL 7 FUENLABRADA,H79568283
52,mostoles3portal8,C:\Users\mfavi\AppData\Local\Temp\tarjetas\mostoles3portal8.png,5cca43a3-76f5-4c3d-a9e1-141310f617b6,MOSTOLES 3 PORTAL 8 FUENLABRADA,
53,nazaret14,C:\Users\mfavi\AppData\Local\Temp\tarjetas\nazaret14.png,792fe691-1cd8-4c54-8282-b1bb741d47df,NAZARET 14 FUENLABRADA,H79549671
54,nazaret32bis,C:\Users\mfavi\AppData\Local\Temp\tarjetas\nazaret32bis.png,c02c4bd2-61af-46c1-b725-07a2a5f57ffb,NAZARET 32 BIS FUENLABRADA,H79706172
55,oriente6,C:\Users\mfavi\AppData\Local\Temp\tarjetas\oriente6.png,1c9c3f63-0b35-402e-806d-be3ae7df02f5,ORIENTE 6 FUENLABRADA,H79699617
56,paseodegranada2,C:\Users\mfavi\AppData\Local\Temp\tarjetas\paseodegranada2.png,2c07f47c-c111-45b3-a049-6e0677dec772,PASEO DE GRANADA 2 FUENLABRADA,H79943031
57,paseodoctorseveroochoa10,C:\Users\mfavi\AppData\Local\Temp\tarjetas\paseodoctorseveroochoa10.png,ffaf3897-176e-4798-a60b-19a849d26451,PASEO DR SEVERO OCHOA 10 FUENLABRADA,H85862803
58,paseoolimpo16,C:\Users\mfavi\AppData\Local\Temp\tarjetas\paseoolimpo16.png,ab618319-49c7-4ff1-a49a-41521da8609b,PASEO OLIMPO 16 FUENLABRADA,H79607446
59,paseosanantonio3,C:\Users\mfavi\AppData\Local\Temp\tarjetas\paseosanantonio3.png,24d7ba90-a4bd-49d7-b091-7d9d03d160f6,PASEO SAN ANTONIO 3 FUENLABRADA,H79741195
60,paseosanantonio4,C:\Users\mfavi\AppData\Local\Temp\tarjetas\paseosanantonio4.png,9fe5264c-18b1-4d3e-b34b-4d2f2c257ea0,PASEO SAN ANTONIO 4 FUENLABRADA,H79574778
61,paular5,C:\Users\mfavi\AppData\Local\Temp\tarjetas\paular5.png,cbb6f301-efe2-4cc8-a99a-20d5c3e1f884,PAULAR 5 FUENLABRADA,H80228158
62,pelayos11,C:\Users\mfavi\AppData\Local\Temp\tarjetas\pelayos11.png,8466c774-dbc6-41df-b6b0-63dd329dd4c7,PELAYOS 11 FUENLABRADA,H79674370
63,plazadenicaragua3,C:\Users\mfavi\AppData\Local\Temp\tarjetas\plazadenicaragua3.png,c679477c-bd85-4df3-acc2-204a5980bb64,PLAZA DE NICARAGUA 3 FUENLABRADA,H79775755
64,plazaparis5,C:\Users\mfavi\AppData\Local\Temp\tarjetas\plazaparis5.png,691b9c2f-666e-410a-a92f-c8bde8369b53,PLAZA PARIS 5 FUENLABRADA,H80030885
65,plazaparis6,C:\Users\mfavi\AppData\Local\Temp\tarjetas\plazaparis6.png,66440957-d8a2-400f-94ee-42996342df99,PLAZA PARIS 6 FUENLABRADA,H79647061
66,plazaparis7,C:\Users\mfavi\AppData\Local\Temp\tarjetas\plazaparis7.png,afb8e294-3f51-4d72-895c-8ad8d9090537,PLAZA PARIS 7 FUENLABRADA,
67,polvoranca23,C:\Users\mfavi\AppData\Local\Temp\tarjetas\polvoranca23.png,78e40d93-88c1-4aa0-bef0-f67b250d9306,POLVORANCA 23 FUENLABRADA,
68,sanandres1,C:\Users\mfavi\AppData\Local\Temp\tarjetas\sanandres1.png,b0c5760f-bca4-437a-b01a-43253872a90a,SAN ANDRES 1 FUENLABRADA,H79702627
69,sanandres2,C:\Users\mfavi\AppData\Local\Temp\tarjetas\sanandres2.png,7f2adbc4-30e3-4517-80d9-8492d733d230,SAN ANDRES 2 FUENLABRADA,H80783475
70,sanfranciscojavier2,C:\Users\mfavi\AppData\Local\Temp\tarjetas\sanfranciscojavier2.png,e2136681-7055-4fbb-97c5-4aed2afd32f1,SAN FRANCISCO JAVIER 2 FUENLABRADA,
71,sanjose9,C:\Users\mfavi\AppData\Local\Temp\tarjetas\sanjose9.png,bf6a8ebf-241b-426a-a52c-4a375d4fc48f,SAN JOSE 9 FUENLABRADA,H78548823
72,turquia22,C:\Users\mfavi\AppData\Local\Temp\tarjetas\turquia22.png,a4990a2f-f19b-43b2-b65e-7bcc3430d788,TURQUIA 22 FUENLABRADA,H81284598
73,villaviciosadeodon2,C:\Users\mfavi\AppData\Local\Temp\tarjetas\villaviciosadeodon2.png,c6945c3a-199c-46ef-98d8-24d8c76183e6,VILLAVICIOSA DE ODON 2 FUENLABRADA,H79098539
74,zamora1-3-5,C:\Users\mfavi\AppData\Local\Temp\tarjetas\zamora135.png,4dc0ab7b-b490-46a0-a08f-535614a70288,ZAMORA 1-3-5 FUENLABRADA,H79663209
75,zamora25,C:\Users\mfavi\AppData\Local\Temp\tarjetas\zamora25.png,23dce9f1-ef00-4c3f-9a14-0c2f105ef6ed,ZAMORA 25 FUENLABRADA,H78759206
76,zamora6,C:\Users\mfavi\AppData\Local\Temp\tarjetas\zamora6.png,c16cbe40-297a-4fa6-a1c0-6798f2f81e4e,ZAMORA 6 FUENLABRADA,H79997185
77,zaragoza7,C:\Users\mfavi\AppData\Local\Temp\tarjetas\zaragoza7.png,6d7163d0-f036-4f73-92d4-f3c50d8282c1,ZARAGOZA 7 FUENLABRADA,H79490132
