edificio,cif_ficha,n_tarjetas,n_fichas,nombre_oficial,rutas_tarjeta
alameda11,—,0,1,—,
alpes4,—,0,1,—,
alpes8,—,0,1,—,
aranjuez4,—,0,1,—,
arboleda1,H78776291,1,1,CDAD. PROP. CL ARBOLEDA 1. ALCORCON,MADRID\1APROVINCIA\ALCORCON\arboleda1\1.DATOS\2.DOCUMENTACION\CIF COMUNIDAD PROP.pdf
avdelasflores79-81,—,0,1,—,
avdeloeste1-3,H82474545,1,1,CDAD USUARIOS APARCAMIENTO VALLADOLID DE ALCORCON,MADRID\1APROVINCIA\ALCORCON\avdeloeste1-3\1.DATOS\2.DOCUMENTACION\CIF Valladolid.pdf
avila3,H79717740,1,1,CDAD PROP CL AVILA 3 ALCORCON,MADRID\1APROVINCIA\ALCORCON\avila3\1.DATOS\2.DOCUMENTACION\CIF AVILA 3.pdf
badajoz20,—,1,1,—,MADRID\1APROVINCIA\ALCORCON\badajoz20\DATOS\datos\cif (7).pdf
bilbao1,H80580558,1,1,CDAD PROP CL BILBAO Nº 1 DE ALCORCON,MADRID\1APROVINCIA\ALCORCON\bilbao1\1.DATOS\2.DOCUMENTACION\CIF BILBAO 1.pdf
caceres20,H79128005,1,1,CDAD PROP CACERES 20 ALCORCON,MADRID\1APROVINCIA\ALCORCON\caceres20\1.DATOS\2.DOCUMENTACION\CIF NUEVO.pdf
caceres24,B98952690,0,1,"ROSERSE SERVICIOS INTEGRALES, S. L.",
caceres25,—,0,1,—,
caceres30,H79654000,1,1,CDAD PROP CL CACERES 30 ALCORCON,MADRID\1APROVINCIA\ALCORCON\caceres30\1.DATOS\2.DOCUMENTACION\CIF.pdf
caceres48,—,0,1,—,
cañada16,—,0,1,—,
cañada22,H79648440,2,2,CDAD PROP CL CAÑADA 22 ALCORCON,MADRID\1APROVINCIA\ALCORCON\cañada22\ASCENSOR 2026\1.DATOS\2.DOCUMENTACION\CIF CAÑADA 22.pdf ; MADRID\1APROVINCIA\ALCORCON\cañada22\RAMPA 2025\1.DATOS\2.DOCUMENTACION\CIF CAÑADA 22.pdf
cañada8,H79908042,1,1,CDAD PROP CAÑADA 8 ALCORCON,MADRID\1APROVINCIA\ALCORCON\cañada8\1.DATOS\documentacion\CIF.pdf
cisneros24,—,4,2,—,MADRID\1APROVINCIA\ALCORCON\cisneros24\ascensor\DATOS\datos\CIF COMUNIDAD C- CISNEROS.pdf ; MADRID\1APROVINCIA\ALCORCON\cisneros24\ascensor\DATOS\datos\CIF COMUNIDAD NUEVO.pdf ; MADRID\1APROVINCIA\ALCORCON\cisneros24\licencia de cala\1.DATOS\2.DOCUMENTACION\CIF COMUNIDAD C- CISNEROS.pdf ; MADRID\1APROVINCIA\ALCORCON\cisneros24\licencia de cala\1.DATOS\2.DOCUMENTACION\CIF COMUNIDAD NUEVO.pdf
cisneros31,—,1,1,—,MADRID\1APROVINCIA\ALCORCON\cisneros31\DATOS\datos\TARJETA CIF CISNEROS 31.pdf
colon22,—,0,1,—,
colon35,—,0,1,—,
espada21,—,0,1,—,
estacion1,—,0,1,—,
europa22,—,0,1,—,
fuenlabrada13,—,0,1,—,
fuenlabrada15,H79701868,2,2,CP FUENLABRADA 15,MADRID\1APROVINCIA\ALCORCON\fuenlabrada15\DATOS\documentacion\CIF COMUNIDAD.pdf ; MADRID\1APROVINCIA\ALCORCON\fuenlabrada15\PROYECTO\SUBVENCION\SUBV CAM 2023\Doc trabajo\CIF COMUNIDAD.pdf
gardenias21-23-25-27-29-31-33-35-37-39,—,0,1,—,
guadalajara3,H79762258,1,1,CDAD PROP. CL GUADALAJARA 3. ALCORCON,MADRID\1APROVINCIA\ALCORCON\guadalajara3\1.DATOS\2.DOCUMENTACION\cif guadalajara 3.pdf
iglesia16portal1,H79601373,0,1,CDAD PROP CL IGLESIA N 16 PORTAL 1 ALCORCON,
iglesia16portal4,H80238470,0,1,CDAD PROP CL LA IGLESIA N 16 PORTAL 4 ALCORCON,
iglesia22,H80620081,2,1,CDAD PROP SANTA MARIA LA BLANCA 3 Y 5 E IGLESIA 22 ALCORCON,"MADRID\1APROVINCIA\ALCORCON\iglesia22\1.DATOS\2.DOCUMENTACION\CIF.pdf ; MADRID\1APROVINCIA\ALCORCON\iglesia22\1.DATOS\2.DOCUMENTACION\antiguo\CIF IGLESIA, 22, ALCORCON.pdf"
infantas1,—,0,1,—,
infantas5,—,0,1,—,
infantas9,H79265344,1,1,CDAD PROP CL INFANTAS 9 ALCORCON,MADRID\1APROVINCIA\ALCORCON\infantas9\1.DATOS\2.DOCUMENTACION\CIF INFANTAS 9.pdf
jaboneria36,H79915757,1,1,CDAD PROP JABONERIA 36 ALCORCON,MADRID\1APROVINCIA\ALCORCON\jaboneria36\1.DATOS\2.DOCUMENTACION\cif.pdf
jaboneria4,—,0,1,—,
jaboneria61,—,0,1,—,
lilos6,—,0,1,—,
loscantos7-9,—,0,1,—,
luna12,—,0,1,—,
malaga4,—,0,1,—,
malaga6,—,0,1,—,
mancomunidadloscastillosyviñagrande,H78817582,1,1,MANCOMUNIDAD DE PROPIETARIOS HABITAT M-7,MADRID\1APROVINCIA\ALCORCON\mancomunidadloscastillosyviñagrande\1.DATOS\2.DOCUMENTACION\DOC CASTILLOS\CIF Castillos 32.pdf
matadero18,—,0,1,—,
mayor27,—,0,1,—,
mayor80,—,0,1,—,
montoro8,—,0,1,—,
nardos6,—,0,1,—,
navarra2,—,0,1,—,
olimpicoaureliogarcia,—,0,1,—,
parquecomercialalcoraplaza,—,0,1,—,
paseocastilla1,—,3,2,—,MADRID\1APROVINCIA\ALCORCON\paseocastilla1\DATOS\datos\cif de la comunidad.pdf ; MADRID\1APROVINCIA\ALCORCON\paseocastilla1\PROYECTO\SUBV CAM 2022\Doc trabajo\CIF de la comunidad.pdf ; MADRID\1APROVINCIA\ALCORCON\paseocastilla1\PROYECTO\SUBV CAM 2023 (concedida)\Doc trabajo\CIF de la comunidad.pdf
plazadelahispanidad9,—,0,1,—,
plazadelasescuelas6,—,0,1,—,
polvoranca25,—,0,1,—,
polvoranca40,—,0,1,—,
portocolon10,—,1,0,—,MADRID\1APROVINCIA\ALCORCON\portocolon10\DATOS\datos\CIF CDAD..pdf
portocolón10,—,0,1,—,
princesa12,H79601811,1,1,CDAD PROP CL PRINCESA N 12 ALCORCON,MADRID\1APROVINCIA\ALCORCON\princesa12\1.DATOS\2.DOCUMENTACION\CIF.pdf
princesa25,H81475170,1,1,CDAD PROP CL PRINCESA N 25 DE ALCORCON,MADRID\1APROVINCIA\ALCORCON\princesa25\1.DATOS\2.DOCUMENTACION\CIF PRINCESA 25.pdf
principedonjuancarlos2,—,0,1,—,
sanblas6,—,0,1,—,
sanignacio6,H80626294,1,1,CDAD PROP CL SAN IGNACIO 6 ALCORCON,MADRID\1APROVINCIA\ALCORCON\sanignacio6\1.DATOS\2.DOCUMENTACION\CIF San Ignacio 6 Alcorcon.pdf
sanjose7,—,0,1,—,
sanpedro6,—,0,1,—,
santamarialablanca3,H80620081,5,1,CDAD PROP SANTA MARIA LA BLANCA 3-5 E IGLESIA 22,"MADRID\1APROVINCIA\ALCORCON\santamarialablanca3\1.DATOS\2.DOCUMENTACIÓN\CIF.pdf ; MADRID\1APROVINCIA\ALCORCON\santamarialablanca3\1.DATOS\2.DOCUMENTACIÓN\antiguo\CIF IGLESIA, 22, ALCORCON.pdf ; MADRID\1APROVINCIA\ALCORCON\santamarialablanca3\2.PROYECTO\SUBVENCION\SUBV ASCENSORES CAM 2023\Doc trabajo\CIF.pdf ; MADRID\1APROVINCIA\ALCORCON\santamarialablanca3\2.PROYECTO\SUBVENCION\SUBV CAM 2022\Doc trabajo\CIF.pdf ; MADRID\1APROVINCIA\ALCORCON\santamarialablanca3\2.PROYECTO\SUBVENCION\SUBV CAM 2023\Doc trabajo\CIF.pdf"
santamarialablanca5,H80620081,8,1,CDAD PROP SANTA MARIA LA BLANCA 3-5 E IGLESIA 22,"MADRID\1APROVINCIA\ALCORCON\santamarialablanca5\1.DATOS\2.DOCUMENTACION\CIF.pdf ; MADRID\1APROVINCIA\ALCORCON\santamarialablanca5\1.DATOS\2.DOCUMENTACION\antiguo\CIF IGLESIA, 22, ALCORCON.pdf ; MADRID\1APROVINCIA\ALCORCON\santamarialablanca5\1.DATOS\2.DOCUMENTACION\antiguo\CIF SANTA MARIA LA BLANCA 3-5 ALCORCON.pdf ; MADRID\1APROVINCIA\ALCORCON\santamarialablanca5\2.PROYECTO\SUBVENCION\SUBV ASCENSORES CAM 2023\Doc trabajo\CIF.pdf ; MADRID\1APROVINCIA\ALCORCON\santamarialablanca5\2.PROYECTO\SUBVENCION\SUBV CAM 2022\Doc Trabajo\CIF SANTA MARIA LA BLANCA 3-5 ALCORCON.pdf ; MADRID\1APROVINCIA\ALCORCON\santamarialablanca5\2.PROYECTO\SUBVENCION\SUBV CAM 2022\Doc Trabajo\CIF.pdf ; MADRID\1APROVINCIA\ALCORCON\santamarialablanca5\2.PROYECTO\SUBVENCION\SUBV CAM 2023\Doc trabajo\CIF SANTA MARIA LA BLANCA 3-5 ALCORCON.pdf ; MADRID\1APROVINCIA\ALCORCON\santamarialablanca5\2.PROYECTO\SUBVENCION\SUBV CAM 2023\Doc trabajo\CIF.pdf"
sierradealbarracin13,H79947008,2,1,CDAD PROP CL SIERRA DE ALBARRACIN 13 ALCORCON,MADRID\1APROVINCIA\ALCORCON\sierradealbarracin13\1.DATOS\2.DOCUMENTACION\CIF.pdf ; MADRID\1APROVINCIA\ALCORCON\sierradealbarracin13\2.PROYECTO\4.SUBVENCION\SUBV ERRP P1 NG\Doc Trabajo\CIF.pdf
sierradealbarracin17,H79201265,2,1,CDAD PROP CL SIERRA ALBARRACIN 17 ALCORCON,"MADRID\1APROVINCIA\ALCORCON\sierradealbarracin17\1.DATOS\2.DOCUMENTACION\CIF. SIERRA DE ALBARRACIN, 17, ALCORCON..pdf ; MADRID\1APROVINCIA\ALCORCON\sierradealbarracin17\2.PROYECTO\4.SUBVENCION\SUBV ERRP P1 NG\Doc Trabajo\CIF.pdf"
sieteojos4,H79700076,1,1,CDAD PROP CL SIETEOJOS N 4 ALCORCON,MADRID\1APROVINCIA\ALCORCON\sieteojos4\1.DATOS\2.DOCUMENTACION\CIF COMUNIDAD 20 07 16.pdf
toledo2,H79296166,0,1,CDAD PROP CL TOLEDO 2 ALCORCON,
trujillo3,H84629849,1,1,CDAD PROP CL TRUJILLO N 3 DE ALCORCON,MADRID\1APROVINCIA\ALCORCON\trujillo3\DATOS\datos\CIF TRUJILLO 3.pdf
virgendeiciar15,H82954199,1,1,CDAD PROP VIRGEN DE ICIAR 15 ESCALERA 4,"MADRID\1APROVINCIA\ALCORCON\virgendeiciar15\1.DATOS\2.DOCUMENTACION\CIF VIRGEN DE ICIAR 15, ESC4.pdf"
virgendeiciar15escalera4,H82954199,1,1,CDAD PROP VIRGEN DE ICIAR 15 ESCALERA 4,"MADRID\1APROVINCIA\ALCORCON\virgendeiciar15escalera4\1. DATOS\2.DOCUMENTACION\CIF VIRGEN DE ICIAR 15, ESC4.pdf"
virgendeiciar17,H79575122,3,2,CDAD PROP CL VIRGEN DE ICIAR 17 ALCORCON,MADRID\1APROVINCIA\ALCORCON\virgendeiciar17\ORIGINAL(completo)\1.DATOS\2.DOCUMENTACION\CIF VIRGEN DE ICIAR 17.pdf ; MADRID\1APROVINCIA\ALCORCON\virgendeiciar17\ORIGINAL(completo)\2.PROYECTO\4.SUBVENCION\SUBV ERRP P1 NG\Doc trabajo\CIF VIRGEN DE ICIAR 17.pdf ; MADRID\1APROVINCIA\ALCORCON\virgendeiciar17\cubierta y esc emergencia\1.DATOS\2.DOCUMENTACION\CIF VIRGEN DE ICIAR 17.pdf
virgendeiciar22,H79764825,1,1,CDAD PROP CL VIRGEN DE ICIAR N 22 ALCORCON,MADRID\1APROVINCIA\ALCORCON\virgendeiciar22\1.DATOS\2.DOCUMENTACION\CIF.pdf
vizcaya26,—,0,1,—,
