estado,carpeta,comunidad,parecido
CASA,alpes4,ALPES 4 ALCORCÓN,1.0
CASA,arboleda1,ARBOLEDA 1 ALCORCON,1.0
CASA,avdelasflores79-81,AVDA. LAS FLORES 79-81 ALCORCON,0.94
CASA,avdeloeste1-3,AV DEL OESTE 1-3 ALCORCON,1.0
CASA,avila3,AVILA 3 ALCORCON,1.0
CASA,badajoz20,BADAJOZ 20 ALCORCON,1.0
CASA,bilbao1,BILBAO 1 ALCORCON,1.0
CASA,caceres20,CACERES 20 ALCORCON,1.0
CASA,caceres30,CACERES 30 ALCORCON,1.0
CASA,caceres48,CACERES 48 ALCORCON,1.0
CASA,cañada16,CAÑADA 16 ALCORCÓN,1.0
CASA,cañada22,CAÑADA 22 ALCORCON,1.0
CASA,cañada8,CAÑADA 8 ALCORCON,1.0
CASA,estacion1,ESTACION 1 ALCORCON,1.0
CASA,fuenlabrada15,FUENLABRADA 15 ALCORCON,1.0
CASA,guadalajara3,GUADALAJARA 3 ALCORCON,1.0
CASA,iglesia16portal1,IGLESIA 16 PORTAL 1 ALCORCON,1.0
CASA,iglesia16portal4,IGLESIA 16 PORTAL 4 ALCORCON,1.0
CASA,iglesia22,IGLESIA 22 ALCORCON,1.0
CASA,infantas9,INFANTAS 9 ALCORCON,1.0
CASA,jaboneria36,JABONERIA 36 ALCORCON,1.0
CASA,luna12,LUNA 12 ALCORCON,1.0
CASA,malaga4,MALAGA 4 ALCORCON,1.0
CASA,mancomunidadloscastillosyviñagrande,MANCOMUNIDAD LOS CASTILLOS Y VIÑAGRANDE ALCORCON,1.0
CASA,mayor27,MAYOR 27 ALCORCON,1.0
CASA,mayor80,MAYOR 80 ALCORCON,1.0
CASA,paseocastilla1,PASEO CASTILLA 1 ALCORCON,1.0
CASA,princesa12,PRINCESA 12 ALCORCON,1.0
CASA,princesa25,PRINCESA 25 ALCORCON,1.0
CASA,sanignacio6,SAN IGNACIO 6 ALCORCON,1.0
CASA,santamarialablanca3,SANTA MARIA LA BLANCA 3 ALCORCON,1.0
CASA,santamarialablanca5,SANTA MARIA LA BLANCA 5 ALCORCON,1.0
CASA,sierradealbarracin13,SIERRA DE ALBARRACIN 13 ALCORCON,1.0
CASA,toledo2,TOLEDO 2 ALCORCON,1.0
CASA,virgendeiciar15escalera4,VIRGEN DE ICIAR 15 ESCALERA 4 ALCORCON,1.0
CASA,virgendeiciar17,VIRGEN DE ICIAR 17 ALCORCON,1.0
CASA,virgendeiciar22,VIRGEN DE ICIAR 22 ALCORCON,1.0
SIN PAREJA,alameda11,,0.0
SIN PAREJA,alpes8,CAÑADA 8 ALCORCON,0.31
SIN PAREJA,aranjuez4,ALPES 4 ALCORCÓN,0.4
SIN PAREJA,badajoz7,,0.0
SIN PAREJA,caceres25,PRINCESA 25 ALCORCON,0.53
SIN PAREJA,cisneros24,,0.0
SIN PAREJA,cisneros31,,0.0
SIN PAREJA,colon22,CAÑADA 22 ALCORCON,0.53
SIN PAREJA,colon35,,0.0
SIN PAREJA,espada21,,0.0
SIN PAREJA,espada29,,0.0
SIN PAREJA,europa22,IGLESIA 22 ALCORCON,0.47
SIN PAREJA,fuenlabrada13,SIERRA DE ALBARRACIN 13 ALCORCON,0.42
SIN PAREJA,gardenias21-23-25-27-29-31-33-35-37-39,,0.0
SIN PAREJA,guindales25,PRINCESA 25 ALCORCON,0.57
SIN PAREJA,infantas1,BILBAO 1 ALCORCON,0.38
SIN PAREJA,infantas5,SANTA MARIA LA BLANCA 5 ALCORCON,0.36
SIN PAREJA,jaboneria4,ALPES 4 ALCORCÓN,0.38
SIN PAREJA,jaboneria61,,0.0
SIN PAREJA,lasvegas17,VIRGEN DE ICIAR 17 ALCORCON,0.24
SIN PAREJA,loscantos7-9,,0.0
SIN PAREJA,malaga6,SAN IGNACIO 6 ALCORCON,0.33
SIN PAREJA,matadero18,,0.0
SIN PAREJA,montoro8,CAÑADA 8 ALCORCON,0.27
SIN PAREJA,nardos6,SAN IGNACIO 6 ALCORCON,0.44
SIN PAREJA,navalcarnero9,INFANTAS 9 ALCORCON,0.36
SIN PAREJA,navarra2,TOLEDO 2 ALCORCON,0.13
SIN PAREJA,olimpicoaureliogarcia,MANCOMUNIDAD LOS CASTILLOS Y VIÑAGRANDE ALCORCON,0.21
SIN PAREJA,parquecomercialalcoraplaza,MANCOMUNIDAD LOS CASTILLOS Y VIÑAGRANDE ALCORCON,0.3
SIN PAREJA,plazadelahispanidad9,INFANTAS 9 ALCORCON,0.34
SIN PAREJA,plazadelasescuelas6,LOS LILOS 6 ALCORCÓN,0.36
SIN PAREJA,polvoranca25,PRINCESA 25 ALCORCON,0.64
SIN PAREJA,polvoranca40,,0.0
SIN PAREJA,portocolon10,,0.0
SIN PAREJA,principedonjuancarlos2,TOLEDO 2 ALCORCON,0.28
SIN PAREJA,sanblas6,SAN IGNACIO 6 ALCORCON,0.53
SIN PAREJA,sanjose7,,0.0
SIN PAREJA,sanpedro6,SAN IGNACIO 6 ALCORCON,0.5
SIN PAREJA,sierradealbarracin17,VIRGEN DE ICIAR 17 ALCORCON,0.46
SIN PAREJA,sierrapeñalara6,SIETE OJOS 6 ALCORCON,0.4
SIN PAREJA,sieteojos4,ALPES 4 ALCORCÓN,0.38
SIN PAREJA,trujillo3,SANTA MARIA LA BLANCA 3 ALCORCON,0.43
SIN PAREJA,virgendeiciar15,FUENLABRADA 15 ALCORCON,0.43
SIN PAREJA,vizcaya26,BETANZOS 26 ALCORCON,0.32
dudoso,lilos6,LOS LILOS 6 ALCORCÓN,0.8
