carpeta,nif_tarjeta,nif_ficha,cotejo,denominacion_tarjeta,nombre_ficha,origen
arboleda1,H78776291,H78776291,coincide,CDAD PROP CL ARBOLEDA 1 ALCORCON,CDAD. PROP. CL ARBOLEDA 1. ALCORCON,tarjeta AEAT
avdeloeste1-3,H82474545,H82474545,coincide,CDAD USUARIOS APARCAMIENTO VALLADOLID DE ALCORCON,CDAD USUARIOS APARCAMIENTO VALLADOLID DE ALCORCON,tarjeta AEAT (es el garaje)
avila3,H79717740,H79717740,coincide,CDAD PROP CL AVILA N 3 ALCORCON,CDAD PROP CL AVILA 3 ALCORCON,tarjeta antigua
badajoz20,H79272555,—,LA FICHA NO LO TENIA,CDAD PROP CL BADAJOZ N 20 ALCORCON,—,tarjeta AEAT
bilbao1,H80580558,H80580558,coincide,CDAD PROP CL BILBAO N 1 DE ALCORCON,CDAD PROP CL BILBAO Nº 1 DE ALCORCON,tarjeta AEAT
cañada22,H79648440,H79648440,coincide,CDAD PROP CL LA CAÑADA N 22 ALCORCON,CDAD PROP CL CAÑADA 22 ALCORCON,tarjeta antigua
cañada8,H79908042,H79908042,coincide,CDAD PROP CL CAÑADA N 8 ALCORCON,CDAD PROP CAÑADA 8 ALCORCON,tarjeta AEAT
fuenlabrada15,H79701868,H79701868,coincide,CDAD PROP CL FUENLABRADA N 15 ALCORCON,CP FUENLABRADA 15,tarjeta antigua
iglesia22,H80620081,H80620081,coincide,CODAD PROP CL SANTAMARIA LA BLANCA 3 Y 5 IGLESIA 22,CDAD PROP SANTA MARIA LA BLANCA 3 Y 5 E IGLESIA 22 ALCORCON,tarjeta AEAT
infantas9,H79265344,H79265344,coincide,CDAD PROP CL INFANTAS N 9 ALCORCON,CDAD PROP CL INFANTAS 9 ALCORCON,tarjeta antigua
jaboneria36,H79915757,H79915757,coincide,CDAD PROP CL JABONERIA N 36 DE ALCORCON,CDAD PROP JABONERIA 36 ALCORCON,tarjeta antigua
paseocastilla1,H79889184,—,LA FICHA NO LO TENIA,(no hay tarjeta: es el SELLO del libro de actas),—,"sello, lectura dudosa"
princesa12,H79601811,H79601811,coincide,CDAD PROP CL PRINCESA N 12 ALCORCON,CDAD PROP CL PRINCESA N 12 ALCORCON,tarjeta antigua
princesa25,H81475170,H81475170,coincide,CDAD PROP CL PRINCESA N 25 DE ALCORCON,CDAD PROP CL PRINCESA N 25 DE ALCORCON,tarjeta antigua
sanignacio6,H80626294,H80626294,coincide,CDAD PROP CL SAN IGNACIO N 6 DE ALCORCON,CDAD PROP CL SAN IGNACIO 6 ALCORCON,tarjeta antigua
santamarialablanca3,H80620081,H80620081,coincide,CODAD PROP CL SANTAMARIA LA BLANCA 3 Y 5 IGLESIA 22,CDAD PROP SANTA MARIA LA BLANCA 3-5 E IGLESIA 22,misma tarjeta que iglesia22
sierradealbarracin13,H79947008,H79947008,coincide,CDAD PROP CL SIERRA ALBARRACIN N 13 DE ALCORCON,CDAD PROP CL SIERRA DE ALBARRACIN 13 ALCORCON,tarjeta antigua
virgendeiciar15escalera4,H82954199,H82954199,coincide,"CDAD PROP VIRGEN DE ICIAR 15, ESCALERA 4",CDAD PROP VIRGEN DE ICIAR 15 ESCALERA 4,tarjeta antigua
virgendeiciar17,H79575122,H79575122,coincide,CDAD PROP CL VIRGEN DE ICIAR N 17 ALCORCON,CDAD PROP CL VIRGEN DE ICIAR 17 ALCORCON,tarjeta antigua
virgendeiciar22,H79764825,H79764825,coincide,CDAD PROP CL VIRGEN DE ICIAR N 22 ALCORCON,CDAD PROP CL VIRGEN DE ICIAR N 22 ALCORCON,tarjeta AEAT
