municipio|carpeta|modelo|contenido|comunidad|opps|ruta
ALCOBENDAS|franciscadelgado7|moderna|mezcla|CDAD PROP SOTO VEGA|1c0dd854-f0a5-4c15-8734-5d9bea0cc2f6|C:\accesalia Dropbox\D SM\Ascensores y rehabilitaciones\MADRID\1APROVINCIA\ALCOBENDAS\franciscadelgado7\FICHA DATOS.docx
ALCORCON|sanignacio6|moderna|mezcla|CDAD PROP CL SAN IGNACIO N 6 DE ALCORCON|cae94d2b-b1d1-47e1-9d85-f3cf183c4d2d|C:\accesalia Dropbox\D SM\Ascensores y rehabilitaciones\MADRID\1APROVINCIA\ALCORCON\sanignacio6\FICHA DATOS.docx
FUENLABRADA|andalucia6|moderna|vacio|CDAD PROP CL ANDALUCIA N 6 FUENLABRADA|5c048b80-5baf-420d-8f9b-9d1880a0a465|C:\accesalia Dropbox\D SM\Ascensores y rehabilitaciones\MADRID\1APROVINCIA\FUENLABRADA\andalucia6\FICHA DATOS TECNICOS.docx
FUENLABRADA|avestados4|moderna|vacio|CDAD PROP AVDA DE LOS ESTADOS 4 DE FUENLABRADA|a4100a7f-26dd-4daf-a2fa-d992b4d2bb9f|C:\accesalia Dropbox\D SM\Ascensores y rehabilitaciones\MADRID\1APROVINCIA\FUENLABRADA\avestados4\FICHA SATE DATOS TECNICOS.docx
FUENLABRADA|avregiones6|moderna|sin etiqueta|CDAD PROP AV DE LAS REGIONES N 6 FUENLABRADA|d0bf1792-d02e-47ab-a82d-f4a3c6b5c2fb|C:\accesalia Dropbox\D SM\Ascensores y rehabilitaciones\MADRID\1APROVINCIA\FUENLABRADA\avregiones6\ASCENSOR\FICHA DATOS TECNICOS.docx
FUENLABRADA|delicias1|moderna|mezcla|CDAD PROP CL DELICIAS N 1 FUENLABRADA|d6db56e7-72bd-4863-9ae1-afe5df91518f|C:\accesalia Dropbox\D SM\Ascensores y rehabilitaciones\MADRID\1APROVINCIA\FUENLABRADA\delicias1\FICHA DATOS TECNICOS.docx
FUENLABRADA|humera16|moderna|sin etiqueta|CDAD PROP CL HUMERA 16 FUENLABRADA|00f88dd2-d2e1-4934-8cfb-1f1848f60d08|C:\accesalia Dropbox\D SM\Ascensores y rehabilitaciones\MADRID\1APROVINCIA\FUENLABRADA\humera16\FICHA DATOS.docx
FUENLABRADA|mostoles3portal4|moderna|mezcla|CDAD PROP C/ MOSTOLES 3 EN FUENLABRADA|5bb9d0d5-0d16-4750-ae9a-d41b2dbf3a38|C:\accesalia Dropbox\D SM\Ascensores y rehabilitaciones\MADRID\1APROVINCIA\FUENLABRADA\mostoles3portal4\FICHA DATOS TECNICOS.docx
FUENLABRADA|nazaret14|moderna|sin etiqueta|CDAD PROP CL NAZARET N 14 FUENLABRADA|7e596fe5-6160-4dc0-8947-a0a29218ad46|C:\accesalia Dropbox\D SM\Ascensores y rehabilitaciones\MADRID\1APROVINCIA\FUENLABRADA\nazaret14\FICHA DATOS.docx
FUENLABRADA|paseodoctorseveroochoa10|moderna|sin etiqueta|CDAD PROP PS DOCTOR SEVERO OCHOA N 10 FUENLABRADA|b82690c2-0a52-4a71-b54f-66361cf97dd9|C:\accesalia Dropbox\D SM\Ascensores y rehabilitaciones\MADRID\1APROVINCIA\FUENLABRADA\paseodoctorseveroochoa10\FICHA DATOS.docx
FUENLABRADA|plazaparis6|moderna|mezcla|CDAD PROP PZ PARIS N 6 FUENLABRADA|a079f5f1-3a9d-48d9-b0ec-41c418f9780b|C:\accesalia Dropbox\D SM\Ascensores y rehabilitaciones\MADRID\1APROVINCIA\FUENLABRADA\plazaparis6\FICHA DATOS TECNICOS.docx
ALCOBENDAS|constitucion65|otra|limpia|CDAD PROP CL CONSTITUCION N 65 ALCOBENDAS|89ce8c3b-2dfa-4026-81d0-2ce75584d533|C:\accesalia Dropbox\D SM\Ascensores y rehabilitaciones\MADRID\1APROVINCIA\ALCOBENDAS\constitucion65\FICHA DE DATOS.docx
FUENLABRADA|comunidaddemadrid9|otra|limpia|CDAD PROP CL COMUNIDAD DE MADRID FUENLABRADA|1f3e8724-b844-407e-97eb-e8e42bd12b57|C:\accesalia Dropbox\D SM\Ascensores y rehabilitaciones\MADRID\1APROVINCIA\FUENLABRADA\comunidaddemadrid9\FICHA SATE COMUNIDAD DE MADRID 9 FUENLABRADA.docx
FUENLABRADA|humera23|otra|mezcla|CDAD PROP CL HUMERA N 23 FUENLABRADA|cdd02526-e4f1-47c7-8419-ddac056b7c5a|C:\accesalia Dropbox\D SM\Ascensores y rehabilitaciones\MADRID\1APROVINCIA\FUENLABRADA\humera23\FICHA DE DATOS SATE.docx
ALCORCON|badajoz20|vieja|mezcla|CDAD PROP CL BADAJOZ N 20 ALCORCON|108fa8c2-2ee7-478d-82c8-99253b815b3e|C:\accesalia Dropbox\D SM\Ascensores y rehabilitaciones\MADRID\1APROVINCIA\ALCORCON\badajoz20\FICHA DE DATOS ACCESALIA.docx
FUENLABRADA|angeles7|vieja|mezcla|CDAD PROP CL LOS ANGELES N 7 FUENLABRADA|3b133497-42f4-4a73-aade-f43db9d4111b|C:\accesalia Dropbox\D SM\Ascensores y rehabilitaciones\MADRID\1APROVINCIA\FUENLABRADA\angeles7\sate - accesalia\FICHA DE DATOS ACCESALIA.docx
FUENLABRADA|avprovincias10|vieja|mezcla|CDAD PROP AV DE LAS PROVINCIAS N 10 FUENLABRADA|6100c5ea-2c53-41ab-b31f-4d74b34f95b2|C:\accesalia Dropbox\D SM\Ascensores y rehabilitaciones\MADRID\1APROVINCIA\FUENLABRADA\avprovincias10\FICHA DE DATOS ACCESALIA.docx
FUENLABRADA|castillejos23|vieja|mezcla|CDAD PROP CL CASTILLEJOS N 23 FUENLABRADA|45d646bb-7a33-45c5-a051-843a2c0bfd07|C:\accesalia Dropbox\D SM\Ascensores y rehabilitaciones\MADRID\1APROVINCIA\FUENLABRADA\castillejos23\FICHA DE DATOS ACCESALIA.docx
FUENLABRADA|lavega6|vieja|mezcla|CDAD PROP CL LA VEGA N 6 FUENLABRADA|eb08ed79-3f98-4b4a-b424-4bb71ec687c6|C:\accesalia Dropbox\D SM\Ascensores y rehabilitaciones\MADRID\1APROVINCIA\FUENLABRADA\lavega6\sate\FICHA DE DATOS ACCESALIA sate.docx
FUENLABRADA|mostoles3portal8|vieja|sin etiqueta|CDAD PROP CL MOSTOLES N 3 FUENLABRADA|55ae340a-744e-473a-b48f-707cac71e68b|C:\accesalia Dropbox\D SM\Ascensores y rehabilitaciones\MADRID\1APROVINCIA\FUENLABRADA\mostoles3portal8\FICHA DE DATOS ACCESALIA.docx
FUENLABRADA|plazaparis7|vieja|mezcla|CDAD PROP PZ PARIS N 7 FUENLABRADA|26f392c0-3238-41a0-8a9f-e17bf307bac6|C:\accesalia Dropbox\D SM\Ascensores y rehabilitaciones\MADRID\1APROVINCIA\FUENLABRADA\plazaparis7\FICHA DE DATOS ACCESALIA.docx
FUENLABRADA|polvoranca23|vieja|mezcla|CDAD PROP CL POLVORANCA 23 FUENLABRADA|94ba70a5-0398-40da-8247-0d9c9fd97de7|C:\accesalia Dropbox\D SM\Ascensores y rehabilitaciones\MADRID\1APROVINCIA\FUENLABRADA\polvoranca23\FICHA DE DATOS ACCESALIA.docx
FUENLABRADA|sanfranciscojavier2|vieja|mezcla|CDAD PROP CL SAN FRANCISCO JAVIER N 2 FUENLABRADA|649e399b-6193-47e6-bd06-c909d4ee4c59|C:\accesalia Dropbox\D SM\Ascensores y rehabilitaciones\MADRID\1APROVINCIA\FUENLABRADA\sanfranciscojavier2\FICHA DE DATOS ACCESALIA.docx
