edificio,cif
0 legalizacion rampa exterior,H79694949
1 Cambio Ascendentes y Bajantes octubre 2021,H78347028
1 DEMOLICION,B28111516
1 ascensor,H19111780
1 conjunto ascensor y sate,H78870003
1 plataforma,H79694949
1 pry conjunto ascensor cubierta y sate NO VALE,E78909728
1b sate,H78870003
1b sate y cubierta NO VALE,E78909728
1c cubierta,E78909728
1d solo sate,E78909728
2 DAR DE BAJA EN AYTO PASO CARRUAJES Y EDIFICIO,B28111516
2 Humedades post sate,H79580593
2 modificacion proyecto,H19111780
3 Mejora accesibilidad,H78347028
3 PROYECTO VALLAS PARCELA,B28111516
ACCESIBILIDAD,H19116383
ASCENSOR 2026,H79648440
Ascensor TERMINADO,H79267993
BlascodeGaray46,H78895554
GIRASOL21 - INFORME PERICIAL,H80556558
GIRASOL21 - SATE,H80556558
INFORME CARGA PATIO,H80439763
ManuelLaborda15-Carmelitas22,H79966685
ORIGINAL(completo),H79575122
PROYECTO DE DEMOLICION,B28111516
RAMPA 2025,H79648440
SATE Y AEROTERMIA,H79783130
SATE+FV,H80166309
SATE-en pausa,H78759206
SATE_no lo van a hacer,H78325750
SOLICITUD DE RAMPA,H80006257
abejuela17,H79433082
aceuchal18,E78569407
aeronave33,H78892098
alameda4,E78298577
alava14,H78290624
alava6,B28111516
albalatedelarzobispo5,H80814924
albertoaguilera68,H78165586
albertoconti6,H79769816
alcala320,E78338878
alcaladeguadaira38,H79357729
alcaladeguadaira41,H79919213
alcarria60,E28941417
alcarria62,E78386331
alcarria9,H79799748
alcaudon41,H80545338
alemania11,H79602397
alemania6,H79228748
alfonsoxii16,H80340623
alfonsoxii4,H79265641
alfredoaleix20,H79563490
alfredocastrocamba24,H79646717
algaba5,H79848230
algodre2,H78578218
alhambra24 - LOCAL,B86374055
alheli6,H79675518
almonacid24,H81417545
altamirano32,H80637036
altamirano48,H83069831
altea7,H79789277
alvarodebazan4,H79930186
alzina3,H79082723
amaniel34,H79397212
ampurdan10,H79139945
ampurdan12,H78814696
ampurdan7,H79705505
andalucia10,H79706339
andalucia6,H79882866
andalucia9-9b-11,H83186932
angelbarajas4,H75438945
angeles12,H79668091
angeles14,H79741518
angelripoll52,H79855920
animas3,H79664207
antoniomoreno18,H81122756
antoniopirala9,E80180235
apostolsantiago49,H79832499
aragon-cerrolaza,H85235182
aragon11,H78418126
arboleda1,H78776291
arcosdejalon68,H78922572
argentina20,H79833398
armenteros21,H79934337
armenteros28,H79571337
arroyo1,H79740551
arroyodelamedialegua27,H79365011
arroyofontarron381,H79561395
ascendentes y bajantes,H80028194
ascensor TERMINADO,H80207020
ascensor externo,H79882031
austria8,H78759263
avCarlosV32,H78251949
avCarlosV42,H79251815
avaguilas74,E78913308
avalbufera250,H78201415
avamerica13,H80180573
avandes11,H79726394
avaragon14,H79217626
avaviacion91a101,H79544458
avbetanzos60,H79749693
avbetanzos74,H79864583
avburgos16.A,H79207411
avcanillejasavicalvaro63,H79312757
avcarabanchelalto16,H79150546
avcardenalherreraoria260,H80089824
avcastilla2-4-6,H79888681
avcolmenarviejo18,H79187894
avcolmenarviejo8,E78946852
avdelamancha15,H79653473
avdelamancha18,H79909834
avdeloeste1-3,H82474545
avdoctorgarciatapia133-135-137,H78193547
avdosdemayo71,H79874780
avdrfleming14,H79738951
avdrfleming32,E28955706
avdrmartinveguejaudenes22,H79170387
avdrmartinveguejaudenes33-35-37,H78557071
avdrmendiguchiacarriche27,H28589315
avdrmendiguchiacarriche38,E78418100
avelinofernandezdelapoza11,H79510012
avespaña20,H80645229
avespaña27,E78918745
avespaña33,H79727517
avespaña9,H78767076
avestados1,H79104279
avestados18,H79825618
avestados4,E78447554
aveuropa20,B83402883
avgibraltar4-6-8,H79425880
avila3,H79717740
avisabeldefarnesio6,H82509092
avjuancarlosI10A-B,H81093320
avllanocastellano5,H78916913
avlogroño156-162,H79129425
avmadrid42,B79389185
avmarmediterraneo79-109garaje,H83688572
avmarquesdecorbera22C,H79169694
avmarquesdecorbera24B,H79235271
avmarquesdecorbera28B,H79141404
avmarquesdecorbera30B,H79437745
avmarquesdecorbera32B,H80650492
avmarquesdecorbera36B,H79825444
avmoratalaz21,H79098729
avnuestraseñoradevalvanera106,H78571247
avonu76,H78682002
avpresidentecarmona3,H83654764
avpresidentecarmona5D,H83654764
avprovincias14,H78576980
avprovincias16,H80135908
avprovincias46,H79490140
avquinta26,H79873360
avrafaelaybarra33,H79574588
avreyescatólicos29,H79107876
avsierra5,H78808797
avvirgendelval47,H79571980
avzarauz29,H79529087
ayamonte2portala-b,H79421285
azcona5eraso6ardemans9,H79341699
badalona48,H79696548
balaguer4,H79164968
baleares34,H78251907
baleares8,E78213519
ballesta12,E78232360
barberanycollar48,H86346897
barbieri9,H79263778
barrionuevo6,H79871018
batalladeclavijo1,H79797569
batalladeclavijo7,E78007324
batalladetorrijos23,H79567988
belen7,H79707493
belgrado1,H80293079
belgrado2,H80572191
belvisdelajara7,H81145161
benimamet59,H79968558
berastegui33,H81003659
bilbao1,H80580558
biosca18,H81135378
blascabrera137,H79118295
blascodegaray46 1-6,H78895554
boldano10,H79667622
brauliogutierrez7,H79729422
bravomurillo177,H78576832
bravomurillo41Qesc17,H79562344
brunete10,H79660007
brunete11,E78122819
brunoayllon3,H79757191
burgos6,H79539581
caceres20,H79128005
caceres24,B98952690
caceres30,H79654000
calderondelabarca6,H81286825
calderondelabarca8,E28604957
callao21,H80571219
callao31,H79634564
callao35,H79121620
camarena157-159,H78185220
camarena200,H79910444
camarena304,H78657012
camarena75,H79185518
cambio tuberias,H80459464
caminodeganapanes31-33-35,H79024014
caminodelascruces28,H79611729
caminodelosvinateros138,H79573473
caminodevalderribas96,H78253515
canciondelolvido33,H79727038
carabelos41,H79789368
cardeñosa34,H79711842
carlosarniches25,H79019600
carlosmartinalvarez104,H79677118
carlossole44-52garaje,H79194197
carolinacoronado37,H80261340
carretas15,H78632759
carreteradeboadilladelmonte55,E78411956
carreteradelliria10,H98007297
cartagena4portal4,H10858785
casabermeja2,H79657011
casabermeja4,H79713624
casimiroescudero11,E78950961
castellon1,H79906475
castellon15,H78928322
castilla13,H79716056
castilla20,H28608149
castilla7,H79811899
castillalanueva33,H79387577
castillalanueva37bis,H79410346
castillalanueva40,H79562864
castillalavieja8,H79679098
castillodesimancas7,H79854519
cañada46,E78227840
cañadatoledana2,H81432817
cebreros1,H79552097
centeno27,H79697124
cerrodelaalcazaba19,E78679057
chucuri10,H80590615
ciudades1,H79652145
claudiocoello14,B86496031
clavijo3,H79020582
colibri5,E78126885
comunidaddemadrid9,H80074024
condesadeteba21,H79570404
condesdebarcelona6,H28973063
constitucion65,H80737760
corregidordiegocabezadevaca18,H79883492
covadonga18,H80681513
covadonga22,E28541647
cubierta y esc emergencia,H79575122
cuestadelavirgen6,H79514170
datil7,H83186197
delicias1,H79760112
delicias7,H81223174
diariolanacion18,H79423885
diariolanacion20,H79421277
doctoradealcala5,H80531080
doctoresquerdo55 local FAIN,B28111516
doctoresquerdo59,H81900466
doctorvallejo39,H79444115
domingoparraga62,H79637146
dr,H79934220
duquedesesto22,H88436324
elfo76,H79110672
elgreco12,H79879250
elprovencio31,H79986972
eltoboso134-140,H78594116
emilioferrari101,H79979191
encarnaciondelpino2,H79712436
encarnacionoviol50,H79653788
enciso1,H79033148
encomiendadepalacios318,H81170581
encomiendadepalacios320,H79471074
encomiendadepalacios49,H79161626
entrearroyos56,H79627733
entrearroyos98,E78204864
eras 3 5 7 9 11 13,H79934220
escribanos5,H79756235
escuelaspias1,H79784914
estanislaofigueras8,H80950918
estebancollantes26,H79725925
estebancollantes31,H79534483
estocolmo6,H79633772
etna14,H79617759
etruria43,H79656799
ezequielsolana105,H79726667
ezequielsolana97,H79689105
faisanes15,H80012040
faisanes25,H79790507
faro4-6,H79261970
fatima6,H79266052
fatima8,H79718540
felipealvarez28,H78366291
felipecastro5,H79743795
felipecastro6,H79988531
feria8,H79720959
fermincaballero75,H79593661
florenciogarcia11,H79673489
florida32,H79779336
fotovoltaica - renovae,H79746053
francia5,H79704250
francia50,H79661443
francia7,H79538823
franciscadelgado7,H81791089
franciscofatou24,H78366291
franciscofatou26,H78366291
franciscoiglesias15,H79259628
frayjosecerdeiriña66,H79672424
frayjuangil3,E78998267
fraymelchorcano22,H79789574
fuenlabrada15,H79701868
fuentebella28,H79306148
fuentebella45,H79764353
fuentebella68,H79617312
fuentebella8,H80152523
galiana28,E78778743
galicia7,H79679346
galicia8,H79862280
gallegos12,H79926473
gandhi21,H79689030
garciadeparedes44,H78325933
garciallamas43,H85283984
generalramirez22,E78221041
generalricardos232,H78171220
generalricardos238,H78508710
generalricardos92,H79986568
genserico7,H79671137
gerardocordon49,H78361912
germanperezcarrasco54,H80556632
glorietadetamarindo4,H80838717
godella237,H79866729
gomeznarro233,H79608022
gomeznarro249,H79368759
gonzalodecespedes21,H79622395
goya55,H79993390
gregoriodonas8,H79544581
guadalajara3,H79762258
guadarrama26,H79893616
guancha1,H80482797
guillendecastro13,H79660643
habana41,H79697546
haciendadepavones117,H78193786
haciendadepavones151,H79817128
haciendadepavones222,E78973104
helsinki7,H79752622
hermanosmachado41,H80172406
hermanosmachado5,H79932794
hermenegildobielsa27,H85326742
hilados12,H78934411
hispanidad 3,H81524076
holanda10,H79578563
hontanillas2,H79329942
hornachos3,H79233094
huertadecastañeda13,H79607305
huertadecastañeda26,E78751609
huertadelbayo13,H79038683
huertavillaverde9,H79605549
humera16,H79112322
humera2,H79669404
humilladero5,H79692190
hungria4,H79740700
ibiza3,H79728911
iglesia16portal1,H79601373
iglesia16portal4,H80238470
iglesia22,H80620081
iliada19,H79621983
iliada39,H79585154
imagen32,H79770392
independencia43,H81642738
infantas13,H78306586
infantas9,H79265344
isaacperal5,H79575627
isladecorcega3,Q2868988C
islamalaita5,H79223921
islasbritanicas26,H79253514
isturiz9,E78090404
italia11,H79803797
italia35,H79044913
jaboneria36,H79915757
jarama1,H79879573
jarama24,H79155727
jeromin23,E78939733
jesus40,H28612398
josemariapereda43,H79692968
josuelillo5,H79441416
juanantoniomaroto1,H79988663
juanramonjimenez2,H79544698
juansebastianelcano4,H83664524
juantornero62,H80532898
juliopalacios2-4-6,H78236502
lagoconstanza34,H79251179
laspalmas43,H78788874
laton8,A28228864
leganes14,H79801049
lepanto9,H87804134
licenciadovidriera5,H79587796
llanosdeescudero37,H79286894
llanosdeescudero8,H80018344
londres13,H79888046
londres15,H78912938
longares8B-garaje,H81464109
lopezgrass42,H79743597
lospeñascales17,H79586020
losurquiza10,H79193520
luisruiz88,H79118238
luisvives11,H79032009
madrid2,H81459224
madrid38-40,H79655619
madrid79,H80651581
maestroturina12,H82385857
maestroturina6,H79671145
magdalena3,H85095487
maldonado33,H79121471
maldonado4,H79985479
mancomunidadloscastillosyviñagrande,H78817582
manresa17-19,H79612396
manresa56,H79675328
marcelinoroavazquez45,H78999174
mariapedraza25,H78699360
mariblanca10,H79993036
marmenor24,H80609498
marquesadesilvela11,H80081367
marquesdevaldavia76,H78758497
martell27,H79745253
martell28,H79547691
martin de los heros 38,E78274834
martindelosheros59b,E78200193
mejico39,H78680261
mejora accesibilidad,E78347028
mercedesarteaga45-47,H81427312
mieses2,H79934535
milan1,H79887956
milan3,H79887980
milan7,H79888087
milan9,H79888012
miraflores12,H79173191
miraflores6-8,H78572203
modestoalonso8,H79559191
modificacion licencia-NO VALE,H80008279
monseñoroscarromero6,H79647251
montejurra25,H79124012
montejurra31,H79720488
montejurra33,H79808614
monteperdido10,H84081462
montevideo2,H79254017
moral2,H78825064
moraña24,H79355525
mostoles3portal4,H84265164
muelle6,H82293523
narvaez33,H87048336
nataliotortuero6,H19119361
navasdelrey51,H79677449
navasdetolosa7,H79687166
nazaret14,H79549671
niza2,H79026068
normas3-5-7,H79334116
nuestraseñoradegracia13,H79231601
nuestraseñoradelaesperanza3,H79735221
nuestraseñoradelamacarena7,E78259686
nuestraseñoradelamacarena9,H79674990
nuestraseñoradelasangustias17,H79290284
nuestraseñoradelasoledad16,H80132939
nuestraseñoradelasoledad20,H79168530
nuestraseñoradelosangeles4,H79993721
nuestraseñoradelvillar7,H78682200
nueva2,H79369534
nueva6,H79914016
nuria28-32,H79540969
nuñogomez16,H80941651
odonnell35,H86478666
odonnell47,H78207081
olesademonserrat34,H80232267
oriente3,H79590139
oriente6,H79699617
orquidea5,H79634580
oviedo9,H78496684
pablocasals26,H80001076
pablolafargue38,H79917811
padilla4,H79145702
padilla8,H79807129
palencia12,H80203466
palermo7,H80688732
paloma5,H79590980
paloma9,H78824877
palomares75-77-79,H88443007
parla20,H79646725
parvillasaltas27,H79629127
paseodelahaya2,H79705851
paseodelospontones29,H79188850
paseodesanillan5,H84098375
paseodrseveroochoa10,H85862803
paseomelancolicos51,Q2880005J
paseoperales15portal1,H81677635
paseosanantonio3,H79741195
paseosantamariadelacabeza27,H79739041
paular1,H79824298
paular5,H80228158
pedrofernandezlabrada3esc2,H79096962
pedrolaborde58,H79549234
pedrounanue22,E78890019
peironcely40,H79863601
pelayos11,H79674370
pensamiento5,E78451770
perdiz5,H80137037
pez11,H79484630
piedrahita2,H80740715
pingüino9,H79684635
pintorvelazquez65,H80035843
plataforma,H78201993
platino36,H79846804
plazaconcordia1,H80745524
plazadelaalbufera11,H79970174
plazadelaflor6,H79797585
plazadelainmaculada6,H83403634
plazadelasfloras7,H79737417
plazadelpaular1,H79884581
plazadelpaular2,H79884581
plazadenicaragua3,H79775755
plazadosdemayo5,E78776309
plazahernancortes6,H79264875
plazalucadetena11,H28548014
plazaparis5,H80030885
plazaparis6,H79647061
plazaparis7,H81561797
plazaparvillas1,H80364763
plazavilladetalence2,H80698756
poceria,H79971206
poetavillaespesa2,H79869848
polvoranca26,H79853685
pontevedra1,H79794061
portugalete27,H79714382
princesa12,H79601811
princesa25,H81475170
principedevergara25,H79286761
puertodealazores11,H79283933
puertodecotos11,E78590643
puertodelabonaigua46,H80605090
puertodelamorcuera11,H78026994
puertodelmonasterio20,H79582961
rabat10,H82317280
rafaelcalvo5,H78229077
rafaelcalvo9,H78295615
ramongomezdelaserna103,Q2868318C
ramongomezdelaserna45,H78281417
rampa,H80178197
rampa CONJUNTA PORTAL 17 Y 19,H79755823
real7,H79918082
realvieja5,H79472965
realvieja8,H80868243
reina5,H82602251
reparar fachada,H79616652
repullesyvargas7,H88424502
ribadumia4,H79565826
ribota11,H79690079
ricardoortiz96,H78975190
rioaragon6,H79914503
riocifuentes4,H79179388
rioduero1,H78456498
rioduero12,H81014292
rioduero65,E28607141
rioduero71,H28575017
riogenil4,E78941515
riogenil7,H79271300
rioguadalquivir10,E28960458
rioguadalquivir12,E28965598
rioguadalquivir3,H79338216
rioja19,H78553146
rioja57,H79720546
riojanos4,H79613402
riollobregat10,H79480661
riomanzanares22,H81175507
riomanzanares26,H81384638
riosalado6,H82787359
riotietar1,H79523817
riotormes1,H81543472
riotormes2,H80592371
rondadesegovia29,H79107694
rufinoblanco20,H80553563
sahara83,H79596169
salvadordali6,H80143878
sanandres2,H80783475
sananton70,H79704060
sanchezpreciado38,H81559973
sanchezpreciado40,H82570219
sanclaudio117,H79583050
sanclaudio99,H79962890
sanclemente2,H79717732
sandacio36,H79542312
sandaliolopez19,H80337090
sandamaso4,E78572146
sangregorio4,H79926747
sanherculano2,H79710141
sanignacio6,H80626294
sanjose9,H78548823
sanjustiniano1,H79160735
sanluciano7,H79947719
sanmaximiliano23,H79597597
sannicolas19,E78809399
sanroque14,H82014838
santacruzdemarcenado1escC,H79191615
santacruzdemarcenado1escD,H79191615
santacruzdemarcenado1escE,H79191615
santaeduvigis5,H70721980
santaeduvigis7,H70721956
santaeduvigis9,H28601979
santamarialablanca3,H80620081
santamarialablanca5,H80620081
santarosa3,H79726873
santatecla46,H10983310
santateresa2,H79309365
santavirgilia20,H28604775
santavirgilia24,H79955357
santelesforo17,H79711800
santelesforo19,H79664843
santiagoramonycajal9,H81033433
santodomingodeguzman5,H81975682
santurce1,H79684148
sanvaleriano1,H79179610
sanvenancio1,H80543622
sate + ascensor,H79277513
sate NO CONTRATADO,H80207020
sate externo,H79882031
secoya24,B81665168
segovia49,H80769680
seminario24,H79212841
siena55,H81408965
sierradealbarracin13,H79947008
sierradealbarracin17,H79201265
sierradecontraviesa38-40,E28932325
sierradelvalle52,H79569711
sierrademolina11,H79596508
sierragador50,H80604887
sieteojos4,H79700076
simonhernandez43-45,H78929312
solado portal,H79597324
solsona7,H79770533
sonsoles4,E78883626
titulcia12,H80623655
toledo2,H79296166
torrecilladelleal21,H79238879
torrejon12,H79888145
torrejon9,H79854857
torrubia4,H79622650
travesiadesantiagoalio2,H79986626
travesiainfantamercedes4,H79141453
travesiasanonofre4,H79776688
trujillo3,H84629849
tubo5,H78259603
turquia22,H81284598
valdecanillas5,H79924841
valdecanillas51,H79710356
valdemorillo1,H79630547
valderrobres37,H78949120
valdevarnes24,H79724944
valdevarnes4,H79920500
valdeverdeja31,H79068441
valencia10,H79027074
valenciadedonjuan4,Q2868644B
valentinagarcialopez1,H79858460
valentinagarcialopez3,H83695486
valmojado243,E78969649
valverde36,H84478551
vargasmachuca1,H79725107
velezrubio195,H79638516
venanciomartin48,H80014046
viacomplutense24ydiegodetorres8,H79309308
vicentealeixandre15,H81806531
vicentecamaron1,E78259629
vidrieria3,H81833337
villalon1,H48673833
villamanin37,H79501508
villasandino10,H79649380
villaviciosadeodon2,H79098539
virgendearanzazu23,H78170446
virgendeiciar15,H82954199
virgendeiciar15escalera4,H82954199
virgendeiciar22,H79764825
virgendelaoliva49,H79112926
virgendelasnieves40,H80561541
virgendelcamino4,H81476640
virgendellluc140,H79488409
zamora6,H79997185
zaragoza7,H79490132
zuloaga7,H79716411
