edificio,cif,ruta_dropbox,fichero
0 legalizacion rampa exterior,H79694949,1APROVINCIA\MOSTOLES\becquer19\0 legalizacion rampa exterior\FICHA DATOS TECNICOS.docx,FICHA DATOS TECNICOS.docx
1 Cambio Ascendentes y Bajantes octubre 2021,H78347028,1APROVINCIA\FUENLABRADA\canarias8\1 Cambio Ascendentes y Bajantes octubre 2021\FICHA DATOS TECNICOS.docx,FICHA DATOS TECNICOS.docx
1 DEMOLICION,B28111516,Andarrios9\1 DEMOLICION\FICHA DATOS TECNICOS.docx,FICHA DATOS TECNICOS.docx
1 ascensor,H19111780,CASTILLA LA MANCHA\GUADALAJARA\1PROVINCIA\AZUQUECA DE HENARES\calvario1\1 ascensor\FICHA DATOS TECNICOS.docx,FICHA DATOS TECNICOS.docx
1 conjunto ascensor y sate,H78870003,avcardenalherreraoria283\1 conjunto ascensor y sate\FICHA DATOS TECNICOS.docx,FICHA DATOS TECNICOS.docx
1 plataforma,H79694949,1APROVINCIA\MOSTOLES\becquer19\1 plataforma\FICHA DATOS TECNICOS.docx,FICHA DATOS TECNICOS.docx
1 pry conjunto ascensor cubierta y sate NO VALE,E78909728,1APROVINCIA\ALCALA DE HENARES\hernancortes13\1 pry conjunto ascensor cubierta y sate NO VALE\FICHA DATOS TECNICOS.docx,FICHA DATOS TECNICOS.docx
1a ascensor,E78909728,1APROVINCIA\ALCALA DE HENARES\hernancortes13\1a ascensor\FICHA DATOS.docx,FICHA DATOS.docx
1a ascensor,H78870003,avcardenalherreraoria283\1a ascensor\FICHA DATOS TECNICOS ASCENSOR.docx,FICHA DATOS TECNICOS ASCENSOR.docx
1b sate,H78870003,avcardenalherreraoria283\1b sate\FICHA DATOS TECNICOS.docx,FICHA DATOS TECNICOS.docx
1b sate y cubierta NO VALE,E78909728,1APROVINCIA\ALCALA DE HENARES\hernancortes13\1b sate y cubierta NO VALE\FICHA DATOS.docx,FICHA DATOS.docx
1c cubierta,E78909728,1APROVINCIA\ALCALA DE HENARES\hernancortes13\1c cubierta\FICHA DATOS.docx,FICHA DATOS.docx
1d solo sate,E78909728,1APROVINCIA\ALCALA DE HENARES\hernancortes13\1d solo sate\FICHA DATOS.docx,FICHA DATOS.docx
2 DAR DE BAJA EN AYTO PASO CARRUAJES Y EDIFICIO,B28111516,Andarrios9\2 DAR DE BAJA EN AYTO PASO CARRUAJES Y EDIFICIO\FICHA DATOS TECNICOS.docx,FICHA DATOS TECNICOS.docx
2 Humedades post sate,H79580593,1APROVINCIA\PARLA\virgendelafuencisla8\2 Humedades post sate\FICHA DATOS.docx,FICHA DATOS.docx
2 modificacion proyecto,H19111780,CASTILLA LA MANCHA\GUADALAJARA\1PROVINCIA\AZUQUECA DE HENARES\calvario1\2 modificacion proyecto\FICHA DATOS.docx,FICHA DATOS.docx
3 Mejora accesibilidad,H78347028,1APROVINCIA\FUENLABRADA\canarias8\3 Mejora accesibilidad\FICHA DATOS TECNICOS.docx,FICHA DATOS TECNICOS.docx
3 PROYECTO VALLAS PARCELA,B28111516,Andarrios9\3 PROYECTO VALLAS PARCELA\2.PROYECTO\1.ESCRITOS\FICHA DATOS TECNICOS (1).docx,FICHA DATOS TECNICOS (1).docx
3 PROYECTO VALLAS PARCELA,B28111516,Andarrios9\3 PROYECTO VALLAS PARCELA\FICHA DATOS TECNICOS.docx,FICHA DATOS TECNICOS.docx
ACCESIBILIDAD,H19116383,CASTILLA LA MANCHA\GUADALAJARA\sanroque18\ACCESIBILIDAD\FICHA DATOS TECNICOS.docx,FICHA DATOS TECNICOS.docx
ASCENSOR,H78325750,etruria26-28lucano65\ASCENSOR\FICHA DATOS TECNICOS.docx,FICHA DATOS TECNICOS.docx
ASCENSOR,H78759206,1APROVINCIA\FUENLABRADA\zamora25\ASCENSOR\FICHA DATOS TECNICOS.docx,FICHA DATOS TECNICOS.docx
ASCENSOR,H79592747,llanosdeescudero6\ASCENSOR\FICHA DATOS.docx,FICHA DATOS.docx
ASCENSOR,H79783130,1APROVINCIA\FUENLABRADA\avregiones6\ASCENSOR\FICHA DATOS TECNICOS.docx,FICHA DATOS TECNICOS.docx
ASCENSOR,H80006257,1APROVINCIA\MOSTOLES\alfonsoxii10\ASCENSOR\FICHA DATOS TECNICOS.docx,FICHA DATOS TECNICOS.docx
ASCENSOR,H80166309,corraldecantos19\ASCENSOR\20211020 CORRALDECANTOS19 FICHA DATOS TECNICOS.docx,20211020 CORRALDECANTOS19 FICHA DATOS TECNICOS.docx
ASCENSOR,H80166309,corraldecantos19\ASCENSOR\FICHA DATOS TECNICOS.docx,FICHA DATOS TECNICOS.docx
ASCENSOR,H82827130,joaquinibarra37\ASCENSOR\FICHA DATOS TECNICOS.docx,FICHA DATOS TECNICOS.docx
ASCENSOR 2026,H79648440,1APROVINCIA\ALCORCON\cañada22\ASCENSOR 2026\FICHA DATOS.docx,FICHA DATOS.docx
Ascensor TERMINADO,H79267993,1APROVINCIA\FUENLABRADA\mostoles3portal2\Ascensor TERMINADO\FICHA DATOS TECNICOS.docx,FICHA DATOS TECNICOS.docx
BlascodeGaray46,H78895554,BlascodeGaray46\FICHA DATOS TECNICOS.docx,FICHA DATOS TECNICOS.docx
GIRASOL21 - INFORME PERICIAL,H80556558,girasol21\GIRASOL21 - INFORME PERICIAL\FICHA DATOS.docx,FICHA DATOS.docx
GIRASOL21 - SATE,H80556558,girasol21\GIRASOL21 - SATE\FICHA DATOS.docx,FICHA DATOS.docx
INFORME CARGA PATIO,H80439763,ceferinorodriguez17\INFORME CARGA PATIO\FICHA DATOS TECNICOS informe.docx,FICHA DATOS TECNICOS informe.docx
ManuelLaborda15-Carmelitas22,H79966685,ManuelLaborda15-Carmelitas22\FICHA DATOS TECNICOS.docx,FICHA DATOS TECNICOS.docx
ORIGINAL(completo),H79575122,1APROVINCIA\ALCORCON\virgendeiciar17\ORIGINAL(completo)\FICHA DATOS TECNICOS.docx,FICHA DATOS TECNICOS.docx
PROYECTO DE DEMOLICION,B28111516,Andarrios9\1 DEMOLICION\PROYECTO DE DEMOLICION\FICHA DATOS TECNICOS.docx,FICHA DATOS TECNICOS.docx
RAMPA,H79706172,1APROVINCIA\FUENLABRADA\nazaret32bis\RAMPA\FICHA DATOS TECNICOS.docx,FICHA DATOS TECNICOS.docx
RAMPA,H83060087,1APROVINCIA\TORRELAGUNA\santabarbara20\RAMPA\FICHA DATOS TECNICOS.docx,FICHA DATOS TECNICOS.docx
RAMPA 2025,H79648440,1APROVINCIA\ALCORCON\cañada22\RAMPA 2025\FICHA DATOS.docx,FICHA DATOS.docx
SATE,H19116383,CASTILLA LA MANCHA\GUADALAJARA\sanroque18\SATE\FICHA DATOS TECNICOS.docx,FICHA DATOS TECNICOS.docx
SATE,H79164356,1APROVINCIA\LEGANES\saavedrafajardo2\SATE\FICHA DATOS TECNICOS.docx,FICHA DATOS TECNICOS.docx
SATE,H79568283,1APROVINCIA\FUENLABRADA\mostoles3portal7\SATE\FICHA DATOS TECNICOS.docx,FICHA DATOS TECNICOS.docx
SATE,H79574778,1APROVINCIA\FUENLABRADA\paseosanantonio4\SATE\FICHA DATOS.docx,FICHA DATOS.docx
SATE,H79655569,manresa25-27\SATE\FICHA DATOS TECNICOS.docx,FICHA DATOS TECNICOS.docx
SATE,H79663209,1APROVINCIA\FUENLABRADA\zamora1-3-5\SATE\FICHA DATOS TECNICOS.docx,FICHA DATOS TECNICOS.docx
SATE,H79706172,1APROVINCIA\FUENLABRADA\nazaret32bis\SATE\FICHA DATOS TECNICOS.docx,FICHA DATOS TECNICOS.docx
SATE,H80439763,ceferinorodriguez17\SATE\FICHA DATOS TECNICOS.docx,FICHA DATOS TECNICOS.docx
SATE,H81427155,1APROVINCIA\FUENLABRADA\lima5\SATE\FICHA DATOS TECNICOS.docx,FICHA DATOS TECNICOS.docx
SATE Y AEROTERMIA,H79783130,1APROVINCIA\FUENLABRADA\avregiones6\SATE Y AEROTERMIA\FICHA DATOS TECNICOS.docx,FICHA DATOS TECNICOS.docx
SATE+FV,H80166309,corraldecantos19\SATE+FV\CORRALDECANTOS19 FICHA SATE.docx,CORRALDECANTOS19 FICHA SATE.docx
SATE-en pausa,H78759206,1APROVINCIA\FUENLABRADA\zamora25\SATE-en pausa\FICHA DATOS TECNICOS.docx,FICHA DATOS TECNICOS.docx
SATE_no lo van a hacer,H78325750,etruria26-28lucano65\SATE_no lo van a hacer\FICHA DATOS TECNICOS.docx,FICHA DATOS TECNICOS.docx
SOLICITUD DE RAMPA,H80006257,1APROVINCIA\MOSTOLES\alfonsoxii10\SOLICITUD DE RAMPA\FICHA DATOS TECNICOS.docx,FICHA DATOS TECNICOS.docx
abejuela17,H79433082,abejuela17\FICHA DATOS TECNICOS.docx,FICHA DATOS TECNICOS.docx
accesibilidad,E78156957,pabloserrano9\accesibilidad\FICHA DATOS TECNICOS.docx,FICHA DATOS TECNICOS.docx
accesibilidad,H28984292,isturiz11\accesibilidad\FICHA DATOS TECNICOS.docx,FICHA DATOS TECNICOS.docx
accesibilidad,H79943031,1APROVINCIA\FUENLABRADA\paseodegranada2\accesibilidad\FICHA DATOS TECNICOS.docx,FICHA DATOS TECNICOS.docx
accesibilidad,H80010341,castillodeucles53\accesibilidad\FICHA DATOS TECNICOS.docx,FICHA DATOS TECNICOS.docx
aceuchal18,E78569407,aceuchal18\FICHA DATOS TECNICOS.docx,FICHA DATOS TECNICOS.docx
aeronave33,H78892098,acuerdo34\aeronave33\FICHA DATOS TECNICOS.docx,FICHA DATOS TECNICOS.docx
alameda4,E78298577,alameda4\FICHA DATOS.docx,FICHA DATOS.docx
alava14,H78290624,1APROVINCIA\FUENLABRADA\alava14\FICHA DATOS TECNICOS.docx,FICHA DATOS TECNICOS.docx
alava6,B28111516,1APROVINCIA\FUENLABRADA\alava6\FICHA DATOS TECNICOS.docx,FICHA DATOS TECNICOS.docx
albalatedelarzobispo5,H80814924,albalatedelarzobispo5\FICHA DATOS TECNICOS.docx,FICHA DATOS TECNICOS.docx
albertoaguilera68,H78165586,albertoaguilera68\FICHA DATOS.docx,FICHA DATOS.docx
albertoconti6,H79769816,1APROVINCIA\MOSTOLES\albertoconti6\FICHA DATOS TECNICOS (1).docx,FICHA DATOS TECNICOS (1).docx
alcala320,E78338878,alcala320\FICHA DATOS.docx,FICHA DATOS.docx
alcaladeguadaira38,H79357729,alcaladeguadaira38\FICHA DATOS.docx,FICHA DATOS.docx
alcaladeguadaira41,H79919213,alcaladeguadaira41\FICHA DATOS TECNICOS.docx,FICHA DATOS TECNICOS.docx
alcarria60,E28941417,1APROVINCIA\LEGANES\alcarria60\FICHA DATOS.docx,FICHA DATOS.docx
alcarria62,E78386331,1APROVINCIA\LEGANES\alcarria62\FICHA DATOS TECNICOS.docx,FICHA DATOS TECNICOS.docx
alcarria9,H79799748,1APROVINCIA\LEGANES\alcarria9\FICHA DATOS TECNICOS.docx,FICHA DATOS TECNICOS.docx
alcaudon41,H80545338,alcaudon41\FICHA DATOS TECNICOS.docx,FICHA DATOS TECNICOS.docx
alemania11,H79602397,1APROVINCIA\FUENLABRADA\alemania11\FICHA DATOS TECNICOS.docx,FICHA DATOS TECNICOS.docx
alemania6,H79228748,1APROVINCIA\FUENLABRADA\alemania6\FICHA DATOS TECNICOS.docx,FICHA DATOS TECNICOS.docx
alfonsoxii16,H80340623,1APROVINCIA\MOSTOLES\alfonsoxii16\FICHA DATOS TECNICOS.docx,FICHA DATOS TECNICOS.docx
alfonsoxii4,H79265641,1APROVINCIA\MOSTOLES\alfonsoxii4\FICHA DATOS TECNICOS.docx,FICHA DATOS TECNICOS.docx
alfredoaleix20,H79563490,alfredoaleix20\FICHA DATOS.docx,FICHA DATOS.docx
alfredocastrocamba24,H79646717,alfredocastrocamba24\FICHA DATOS TECNICOS.docx,FICHA DATOS TECNICOS.docx
algaba5,H79848230,algaba5\FICHA DATOS TECNICOS.docx,FICHA DATOS TECNICOS.docx
algodre2,H78578218,algodre2\FICHA DATOS.docx,FICHA DATOS.docx
alhambra24 - LOCAL,B86374055,alhambra24 - LOCAL\FICHA DATOS TECNICOS (Copia en conflicto de D SM 2026-03-03).docx,FICHA DATOS TECNICOS (Copia en conflicto de D SM 2026-03-03).docx
alhambra24 - LOCAL,B86374055,alhambra24 - LOCAL\FICHA DATOS TECNICOS.docx,FICHA DATOS TECNICOS.docx
alheli6,H79675518,1APROVINCIA\LEGANES\alheli6\FICHA DATOS.docx,FICHA DATOS.docx
almonacid24,H81417545,almonacid24\FICHA DATOS TECNICOS.docx,FICHA DATOS TECNICOS.docx
altamirano32,H80637036,altamirano32\FICHA DATOS.docx,FICHA DATOS.docx
altamirano48,H83069831,altamirano48\FICHA DATOS TECNICOS.docx,FICHA DATOS TECNICOS.docx
altea7,H79789277,altea7\FICHA DATOS TECNICOS.docx,FICHA DATOS TECNICOS.docx
alvarodebazan4,H79930186,1APROVINCIA\ALCALA DE HENARES\alvarodebazan4\FICHA DATOS TECNICOS.docx,FICHA DATOS TECNICOS.docx
alzina3,H79082723,alzina3\FICHA DATOS.docx,FICHA DATOS.docx
amaniel34,H79397212,amaniel34\FICHA DATOS.docx,FICHA DATOS.docx
ampurdan10,H79139945,1APROVINCIA\LEGANES\ampurdan10\FICHA DATOS TECNICOS.docx,FICHA DATOS TECNICOS.docx
ampurdan12,H78814696,1APROVINCIA\LEGANES\ampurdan12\FICHA DATOS TECNICOS.docx,FICHA DATOS TECNICOS.docx
ampurdan7,H79705505,1APROVINCIA\LEGANES\ampurdan7\FICHA DATOS TECNICOS.docx,FICHA DATOS TECNICOS.docx
andalucia10,H79706339,1APROVINCIA\FUENLABRADA\andalucia10\FICHA DATOS TECNICOS.docx,FICHA DATOS TECNICOS.docx
andalucia6,H79882866,1APROVINCIA\FUENLABRADA\andalucia6\FICHA DATOS TECNICOS.docx,FICHA DATOS TECNICOS.docx
andalucia9-9b-11,H83186932,1APROVINCIA\VALDEMORO\andalucia9-9b-11\FICHA DATOS TECNICOS.docx,FICHA DATOS TECNICOS.docx
angelbarajas4,H75438945,1APROVINCIA\POZUELO DE ALARCON\angelbarajas4\FICHA DATOS TECNICOS.docx,FICHA DATOS TECNICOS.docx
angeles12,H79668091,1APROVINCIA\FUENLABRADA\angeles12\FICHA DATOS TECNICOS.docx,FICHA DATOS TECNICOS.docx
angeles14,H79741518,1APROVINCIA\FUENLABRADA\angeles14\FICHA DATOS TECNICOS.docx,FICHA DATOS TECNICOS.docx
angelripoll52,H79855920,angelripoll52\FICHA DATOS TECNICOS.docx,FICHA DATOS TECNICOS.docx
animas3,H79664207,1APROVINCIA\LEGANES\animas3\FICHA DATOS TECNICOS.docx,FICHA DATOS TECNICOS.docx
antoniomoreno18,H81122756,antoniomoreno18\FICHA DATOS.docx,FICHA DATOS.docx
antoniopirala9,E80180235,antoniopirala9\FICHA DATOS TECNICOS.docx,FICHA DATOS TECNICOS.docx
apostolsantiago49,H79832499,apostolsantiago49\FICHA DATOS TECNICOS.docx,FICHA DATOS TECNICOS.docx
aragon-cerrolaza,H85235182,1APROVINCIA\POZUELO DE ALARCON\aragon-cerrolaza\FICHA DATOS TECNICOS.docx,FICHA DATOS TECNICOS.docx
aragon11,H78418126,1APROVINCIA\LEGANES\aragon11\FICHA DATOS TECNICOS.docx,FICHA DATOS TECNICOS.docx
arboleda1,H78776291,1APROVINCIA\ALCORCON\arboleda1\FICHA DATOS TECNICOS.docx,FICHA DATOS TECNICOS.docx
arcosdejalon68,H78922572,arcosdejalon68\FICHA DATOS TECNICOS.docx,FICHA DATOS TECNICOS.docx
argentina20,H79833398,1APROVINCIA\FUENLABRADA\argentina20\FICHA DATOS TECNICOS.docx,FICHA DATOS TECNICOS.docx
armenteros21,H79934337,armenteros21\FICHA DATOS TECNICOS.docx,FICHA DATOS TECNICOS.docx
armenteros28,H79571337,armenteros28\FICHA DATOS TECNICOS.docx,FICHA DATOS TECNICOS.docx
arroyo1,H79740551,1APROVINCIA\TORREJON DE ARDOZ\arroyo1\FICHA DATOS TECNICOS.docx,FICHA DATOS TECNICOS.docx
arroyodelamedialegua27,H79365011,arroyodelamedialegua27\FICHA DATOS TECNICOS.docx,FICHA DATOS TECNICOS.docx
arroyofontarron381,H79561395,arroyofontarron381\FICHA DATOS.docx,FICHA DATOS.docx
ascendentes y bajantes,H80028194,1APROVINCIA\FUENLABRADA\malaga28\ascendentes y bajantes\FICHA DATOS TECNICOS.docx,FICHA DATOS TECNICOS.docx
ascensor,E78142668,quintana9\ascensor\FICHA DATOS TECNICOS.docx,FICHA DATOS TECNICOS.docx
ascensor,H78176971,tenerife8\ascensor\FICHA DATOS TECNICOS.docx,FICHA DATOS TECNICOS.docx
ascensor,H79277513,1APROVINCIA\FUENLABRADA\brunete3\ascensor\FICHA DATOS TECNICOS.docx,FICHA DATOS TECNICOS.docx
ascensor,H79934220,1APROVINCIA\FUENLABRADA\eras9\ascensor\FICHA DATOS TECNICOS.docx,FICHA DATOS TECNICOS.docx
ascensor,H80008279,1APROVINCIA\GETAFE\avangeles6\ascensor\FICHA DATOS TECNICOS.docx,FICHA DATOS TECNICOS.docx
ascensor,H80178197,1APROVINCIA\MOSTOLES\alfonsoxii18\ascensor\FICHA DATOS TECNICOS.docx,FICHA DATOS TECNICOS.docx
ascensor,H80718141,velezblanco46\ascensor\FICHA DATOS TECNICOS.docx,FICHA DATOS TECNICOS.docx
ascensor,H83554519,1APROVINCIA\LEGANES\nuestraseñoradelamacarena11\ascensor\FICHA DATOS TECNICOS.docx,FICHA DATOS TECNICOS.docx
ascensor TERMINADO,H80207020,1APROVINCIA\FUENLABRADA\avfranciscojaviersauquillo22\ascensor TERMINADO\FICHA DATOS TECNICOS.docx,FICHA DATOS TECNICOS.docx
ascensor externo,H79882031,guadalete6\ascensor externo\FICHA DATOS ASCENSOR EXTERNO.docx,FICHA DATOS ASCENSOR EXTERNO.docx
austria8,H78759263,1APROVINCIA\FUENLABRADA\austria8\FICHA DATOS TECNICOS.docx,FICHA DATOS TECNICOS.docx
avCarlosV32,H78251949,1APROVINCIA\MOSTOLES\avCarlosV32\FICHA DATOS TECNICOS.docx,FICHA DATOS TECNICOS.docx
avCarlosV42,H79251815,1APROVINCIA\MOSTOLES\avCarlosV42\FICHA DATOS TECNICOS.docx,FICHA DATOS TECNICOS.docx
avaguilas74,E78913308,avaguilas74\FICHA DATOS TECNICOS.docx,FICHA DATOS TECNICOS.docx
avalbufera250,H78201415,avalbufera250\FICHA DATOS TECNICOS.docx,FICHA DATOS TECNICOS.docx
avamerica13,H80180573,avamerica13\FICHA DATOS TECNICOS.docx,FICHA DATOS TECNICOS.docx
avandes11,H79726394,1APROVINCIA\FUENLABRADA\avandes11\FICHA DATOS TECNICOS.docx,FICHA DATOS TECNICOS.docx
avaragon14,H79217626,1APROVINCIA\GETAFE\avaragon14\FICHA DATOS TECNICOS.docx,FICHA DATOS TECNICOS.docx
avaviacion91a101,H79544458,avaviacion91a101\FICHA DATOS TECNICOS.docx,FICHA DATOS TECNICOS.docx
avbetanzos60,H79749693,avbetanzos60\FICHA DATOS TECNICOS.docx,FICHA DATOS TECNICOS.docx
avbetanzos74,H79864583,avbetanzos74\FICHA DATOS TECNICOS.docx,FICHA DATOS TECNICOS.docx
avburgos16.A,H79207411,avburgos16.A\FICHA DATOS TECNICOS.docx,FICHA DATOS TECNICOS.docx
avcanillejasavicalvaro63,H79312757,avcanillejasavicalvaro63\FICHA DATOS TECNICOS.docx,FICHA DATOS TECNICOS.docx
avcarabanchelalto16,H79150546,avcarabanchelalto16\FICHA DATOS TECNICOS.docx,FICHA DATOS TECNICOS.docx
avcardenalherreraoria260,H80089824,avcardenalherreraoria260\2.PROYECTO\4.SUBVENCION\4.IEE\03.Recursos\FICHA DATOS TECNICOS.docx,FICHA DATOS TECNICOS.docx
avcardenalherreraoria260,H80089824,avcardenalherreraoria260\FICHA DATOS TECNICOS.docx,FICHA DATOS TECNICOS.docx
avcastilla2-4-6,H79888681,1APROVINCIA\ALCALA DE HENARES\avcastilla2-4-6\FICHA DATOS TECNICOS.docx,FICHA DATOS TECNICOS.docx
avcolmenarviejo18,H79187894,1APROVINCIA\SAN SEBASTIAN DE LOS REYES\avcolmenarviejo18\FICHA DATOS TECNICOS.docx,FICHA DATOS TECNICOS.docx
avcolmenarviejo8,E78946852,1APROVINCIA\SAN SEBASTIAN DE LOS REYES\avcolmenarviejo8\FICHA DATOS.docx,FICHA DATOS.docx
avdelamancha15,H79653473,1APROVINCIA\LEGANES\avdelamancha15\FICHA DATOS.docx,FICHA DATOS.docx
avdelamancha18,H79909834,1APROVINCIA\LEGANES\avdelamancha18\FICHA DATOS.docx,FICHA DATOS.docx
avdeloeste1-3,H82474545,1APROVINCIA\ALCORCON\avdeloeste1-3\FICHA DATOS.docx,FICHA DATOS.docx
avdoctorgarciatapia133-135-137,H78193547,avdoctorgarciatapia133-135-137\FICHA DATOS.docx,FICHA DATOS.docx
avdosdemayo71,H79874780,1APROVINCIA\MOSTOLES\avdosdemayo71\FICHA DATOS TECNICOS.docx,FICHA DATOS TECNICOS.docx
avdrfleming14,H79738951,1APROVINCIA\LEGANES\avdrfleming14\FICHA DATOS.docx,FICHA DATOS.docx
avdrfleming32,E28955706,1APROVINCIA\LEGANES\avdrfleming32\FICHA DATOS TECNICOS.docx,FICHA DATOS TECNICOS.docx
avdrmartinveguejaudenes22,H79170387,1APROVINCIA\LEGANES\avdrmartinveguejaudenes22\FICHA DATOS TECNICOS.docx,FICHA DATOS TECNICOS.docx
avdrmartinveguejaudenes33-35-37,H78557071,1APROVINCIA\LEGANES\avdrmartinveguejaudenes33-35-37\FICHA DATOS TECNICOS.docx,FICHA DATOS TECNICOS.docx
avdrmendiguchiacarriche27,H28589315,1APROVINCIA\LEGANES\avdrmendiguchiacarriche27\FICHA DATOS TECNICOS.docx,FICHA DATOS TECNICOS.docx
avdrmendiguchiacarriche38,E78418100,1APROVINCIA\LEGANES\avdrmendiguchiacarriche38\FICHA DATOS TECNICOS.docx,FICHA DATOS TECNICOS.docx
avelinofernandezdelapoza11,H79510012,avelinofernandezdelapoza11\FICHA DATOS TECNICOS.docx,FICHA DATOS TECNICOS.docx
avespaña20,H80645229,1APROVINCIA\FUENLABRADA\avespaña20\FICHA DE DATOS ACCESALIA 2.docx,FICHA DE DATOS ACCESALIA 2.docx
avespaña27,E78918745,1APROVINCIA\GETAFE\avespaña27\FICHA DATOS TECNICOS.docx,FICHA DATOS TECNICOS.docx
avespaña33,H79727517,1APROVINCIA\GETAFE\avespaña33\FICHA DATOS TECNICOS.docx,FICHA DATOS TECNICOS.docx
avespaña9,H78767076,1APROVINCIA\FUENLABRADA\avespaña9\FICHA DATOS.docx,FICHA DATOS.docx
avestados1,H79104279,1APROVINCIA\FUENLABRADA\avestados1\FICHA ascensor y rampa DATOS TECNICOS.docx,FICHA ascensor y rampa DATOS TECNICOS.docx
avestados18,H79825618,1APROVINCIA\FUENLABRADA\avestados18\FICHA DATOS TECNICOS.docx,FICHA DATOS TECNICOS.docx
avestados4,E78447554,1APROVINCIA\FUENLABRADA\avestados4\FICHA SATE DATOS TECNICOS.docx,FICHA SATE DATOS TECNICOS.docx
aveuropa20,B83402883,1APROVINCIA\ALCOBENDAS\aveuropa20\FICHA DATOS.docx,FICHA DATOS.docx
avgibraltar4-6-8,H79425880,1APROVINCIA\GETAFE\avgibraltar4-6-8\FICHA DATOS TECNICOS.docx,FICHA DATOS TECNICOS.docx
avila3,H79717740,1APROVINCIA\ALCORCON\avila3\FICHA DATOS TECNICOS.docx,FICHA DATOS TECNICOS.docx
avisabeldefarnesio6,H82509092,1APROVINCIA\BOADILLA DEL MONTE\avisabeldefarnesio6\FICHA DATOS TECNICOS.docx,FICHA DATOS TECNICOS.docx
avjuancarlosI10A-B,H81093320,1APROVINCIA\AJALVIR\avjuancarlosI10A-B\FICHA DATOS TECNICOS.docx,FICHA DATOS TECNICOS.docx
avllanocastellano5,H78916913,avllanocastellano5\FICHA ASCENSOR LLANO CASTELLANO 5 MADRID.docx,FICHA ASCENSOR LLANO CASTELLANO 5 MADRID.docx
avlogroño156-162,H79129425,avlogroño156-162\FICHA DATOS TECNICOS.docx,FICHA DATOS TECNICOS.docx
avmadrid42,B79389185,1APROVINCIA\SAN MARTIN DE VALDEIGLESIAS\avmadrid42\FICHA DATOS TECNICOS.docx,FICHA DATOS TECNICOS.docx
avmarmediterraneo79-109garaje,H83688572,1APROVINCIA\VALDEMORO\avmarmediterraneo79-109garaje\FICHA DATOS TECNICOS.docx,FICHA DATOS TECNICOS.docx
avmarquesdecorbera22C,H79169694,avmarquesdecorbera22C\FICHA DATOS.docx,FICHA DATOS.docx
avmarquesdecorbera24B,H79235271,avmarquesdecorbera24B\FICHA DATOS.docx,FICHA DATOS.docx
avmarquesdecorbera28B,H79141404,avmarquesdecorbera28B\FICHA DATOS.docx,FICHA DATOS.docx
avmarquesdecorbera30B,H79437745,avmarquesdecorbera30B\FICHA DATOS.docx,FICHA DATOS.docx
avmarquesdecorbera32B,H80650492,avmarquesdecorbera32B\FICHA DATOS.docx,FICHA DATOS.docx
avmarquesdecorbera36B,H79825444,avmarquesdecorbera36B\FICHA DATOS TECNICOS.docx,FICHA DATOS TECNICOS.docx
avmoratalaz21,H79098729,avmoratalaz21\FICHA DATOS.docx,FICHA DATOS.docx
avnuestraseñoradevalvanera106,H78571247,avnuestraseñoradevalvanera106\FICHA DATOS TECNICOS.docx,FICHA DATOS TECNICOS.docx
avonu76,H78682002,1APROVINCIA\MOSTOLES\avonu76\FICHA DATOS TECNICOS.docx,FICHA DATOS TECNICOS.docx
avpresidentecarmona3,H83654764,avpresidentecarmona3\FICHA DATOS TECNICOS.docx,FICHA DATOS TECNICOS.docx
avpresidentecarmona5D,H83654764,avpresidentecarmona5D\FICHA DATOS TECNICOS.docx,FICHA DATOS TECNICOS.docx
avprovincias14,H78576980,1APROVINCIA\FUENLABRADA\avprovincias14\FICHA DATOS TECNICOS.docx,FICHA DATOS TECNICOS.docx
avprovincias16,H80135908,1APROVINCIA\FUENLABRADA\avprovincias16\FICHA DATOS TECNICOS.docx,FICHA DATOS TECNICOS.docx
avprovincias46,H79490140,1APROVINCIA\FUENLABRADA\avprovincias46\FICHA DATOS.docx,FICHA DATOS.docx
avquinta26,H79873360,avquinta26\FICHA DATOS TECNICOS.docx,FICHA DATOS TECNICOS.docx
avrafaelaybarra33,H79574588,avrafaelaybarra33\FICHA DATOS TECNICOS.docx,FICHA DATOS TECNICOS.docx
avreyescatólicos29,H79107876,1APROVINCIA\GETAFE\avreyescatólicos29\FICHA DATOS TECNICOS.docx,FICHA DATOS TECNICOS.docx
avsierra5,H78808797,1APROVINCIA\SAN SEBASTIAN DE LOS REYES\avsierra5\FICHA DATOS TECNICOS.docx,FICHA DATOS TECNICOS.docx
avvirgendelval47,H79571980,1APROVINCIA\ALCALA DE HENARES\avvirgendelval47\FICHA DATOS TECNICOS.docx,FICHA DATOS TECNICOS.docx
avzarauz29,H79529087,1APROVINCIA\SAN FERNANDO DE HENARES\avzarauz29\FICHA DATOS TECNICOS.docx,FICHA DATOS TECNICOS.docx
ayamonte2portala-b,H79421285,ayamonte2portala-b\FICHA DATOS.docx,FICHA DATOS.docx
azcona5eraso6ardemans9,H79341699,azcona5eraso6ardemans9\FICHA DATOS TECNICOS.docx,FICHA DATOS TECNICOS.docx
badalona48,H79696548,badalona48\FICHA DATOS TECNICOS.docx,FICHA DATOS TECNICOS.docx
balaguer4,H79164968,balaguer4\FICHA DATOS.docx,FICHA DATOS.docx
baleares34,H78251907,1APROVINCIA\MOSTOLES\baleares34\FICHA DATOS TECNICOS.docx,FICHA DATOS TECNICOS.docx
baleares8,E78213519,1APROVINCIA\LEGANES\baleares8\FICHA DATOS TECNICOS.docx,FICHA DATOS TECNICOS.docx
ballesta12,E78232360,ballesta12\FICHA DATOS.docx,FICHA DATOS.docx
barberanycollar48,H86346897,1APROVINCIA\ALCALA DE HENARES\barberanycollar48\FICHA DATOS TECNICOS.docx,FICHA DATOS TECNICOS.docx
barbieri9,H79263778,barbieri9\FICHA DATOS.docx,FICHA DATOS.docx
barrionuevo6,H79871018,1APROVINCIA\LEGANES\barrionuevo6\FICHA DATOS TECNICOS.docx,FICHA DATOS TECNICOS.docx
batalladeclavijo1,H79797569,1APROVINCIA\LEGANES\batalladeclavijo1\FICHA DATOS.docx,FICHA DATOS.docx
batalladeclavijo7,E78007324,1APROVINCIA\LEGANES\batalladeclavijo7\FICHA DATOS.docx,FICHA DATOS.docx
batalladetorrijos23,H79567988,batalladetorrijos23\FICHA DATOS TECNICOS.docx,FICHA DATOS TECNICOS.docx
belen7,H79707493,1APROVINCIA\FUENLABRADA\belen7\FICHA DATOS TECNICOS.docx,FICHA DATOS TECNICOS.docx
belgrado1,H80293079,1APROVINCIA\TORREJON DE ARDOZ\belgrado1\FICHA DATOS TECNICOS.docx,FICHA DATOS TECNICOS.docx
belgrado2,H80572191,1APROVINCIA\TORREJON DE ARDOZ\belgrado2\FICHA DATOS TECNICOS.docx,FICHA DATOS TECNICOS.docx
belvisdelajara7,H81145161,belvisdelajara7\FICHA DATOS TECNICOS.docx,FICHA DATOS TECNICOS.docx
benimamet59,H79968558,benimamet59\FICHA DATOS.docx,FICHA DATOS.docx
berastegui33,H81003659,berastegui33\FICHA DATOS TECNICOS.docx,FICHA DATOS TECNICOS.docx
bilbao1,H80580558,1APROVINCIA\ALCORCON\bilbao1\FICHA DATOS TECNICOS.docx,FICHA DATOS TECNICOS.docx
biosca18,H81135378,biosca18\FICHA DATOS TECNICOS.docx,FICHA DATOS TECNICOS.docx
blascabrera137,H79118295,blascabrera137\FICHA DATOS TECNICOS.docx,FICHA DATOS TECNICOS.docx
blascodegaray46 1-6,H78895554,blascodegaray46 1-6\FICHA DATOS TECNICOS.docx,FICHA DATOS TECNICOS.docx
boldano10,H79667622,boldano10\FICHA DATOS TECNICOS.docx,FICHA DATOS TECNICOS.docx
brauliogutierrez7,H79729422,brauliogutierrez7\FICHA DATOS TECNICOS.docx,FICHA DATOS TECNICOS.docx
bravomurillo177,H78576832,bravomurillo177\FICHA DATOS.docx,FICHA DATOS.docx
bravomurillo41Qesc17,H79562344,bravomurillo41Qesc17\FICHA DATOS.docx,FICHA DATOS.docx
brunete10,H79660007,1APROVINCIA\GETAFE\brunete10\FICHA DATOS.docx,FICHA DATOS.docx
brunete11,E78122819,1APROVINCIA\GETAFE\brunete11\FICHA DATOS TECNICOS.docx,FICHA DATOS TECNICOS.docx
brunoayllon3,H79757191,brunoayllon3\FICHA DATOS.docx,FICHA DATOS.docx
burgos6,H79539581,1APROVINCIA\MOSTOLES\burgos6\FICHA DATOS TECNICOS.docx,FICHA DATOS TECNICOS.docx
caceres20,H79128005,1APROVINCIA\ALCORCON\caceres20\FICHA DATOS.docx,FICHA DATOS.docx
caceres24,B98952690,1APROVINCIA\ALCORCON\caceres24\FICHA DATOS TECNICOS.docx,FICHA DATOS TECNICOS.docx
caceres30,H79654000,1APROVINCIA\ALCORCON\caceres30\FICHA DATOS.docx,FICHA DATOS.docx
calderondelabarca6,H81286825,1APROVINCIA\LEGANES\calderondelabarca6\FICHA DATOS TECNICOS.docx,FICHA DATOS TECNICOS.docx
calderondelabarca8,E28604957,1APROVINCIA\LEGANES\calderondelabarca8\FICHA DATOS TECNICOS.docx,FICHA DATOS TECNICOS.docx
callao21,H80571219,1APROVINCIA\FUENLABRADA\callao21\FICHA DATOS TECNICOS.docx,FICHA DATOS TECNICOS.docx
callao31,H79634564,1APROVINCIA\FUENLABRADA\callao31\FICHA DATOS TECNICOS.docx,FICHA DATOS TECNICOS.docx
callao35,H79121620,1APROVINCIA\FUENLABRADA\callao35\FICHA DATOS TECNICOS.docx,FICHA DATOS TECNICOS.docx
camarena157-159,H78185220,camarena157-159\FICHA DATOS TECNICOS.docx,FICHA DATOS TECNICOS.docx
camarena200,H79910444,camarena200\FICHA DATOS TECNICOS.docx,FICHA DATOS TECNICOS.docx
camarena304,H78657012,camarena304\FICHA DATOS.docx,FICHA DATOS.docx
camarena75,H79185518,camarena75\FICHA DATOS.docx,FICHA DATOS.docx
cambio tuberias,H80459464,1APROVINCIA\FUENLABRADA\malaga22\cambio tuberias\FICHA DATOS TECNICOS.docx,FICHA DATOS TECNICOS.docx
caminodeganapanes31-33-35,H79024014,caminodeganapanes31-33-35\FICHA DATOS.docx,FICHA DATOS.docx
caminodelascruces28,H79611729,caminodelascruces28\FICHA DATOS TECNICOS.docx,FICHA DATOS TECNICOS.docx
caminodelosvinateros138,H79573473,caminodelosvinateros138\FICHA DATOS.docx,FICHA DATOS.docx
caminodevalderribas96,H78253515,caminodevalderribas96\FICHA DATOS.docx,FICHA DATOS.docx
canciondelolvido33,H79727038,canciondelolvido33\FICHA DATOS.docx,FICHA DATOS.docx
carabelos41,H79789368,carabelos41\FICHA DATOS TECNICOS.docx,FICHA DATOS TECNICOS.docx
cardeñosa34,H79711842,cardeñosa34\FICHA DATOS.docx,FICHA DATOS.docx
carlosarniches25,H79019600,carlosarniches25\FICHA DATOS TECNICOS.docx,FICHA DATOS TECNICOS.docx
carlosmartinalvarez104,H79677118,carlosmartinalvarez104\FICHA DATOS.docx,FICHA DATOS.docx
carlossole44-52garaje,H79194197,carlossole44-52garaje\FICHA DATOS.docx,FICHA DATOS.docx
carolinacoronado37,H80261340,carolinacoronado37\FICHA DATOS TECNICOS.docx,FICHA DATOS TECNICOS.docx
carretas15,H78632759,carretas15\FICHA DATOS TECNICOS.docx,FICHA DATOS TECNICOS.docx
carreteradeboadilladelmonte55,E78411956,carreteradeboadilladelmonte55\FICHA DATOS TECNICOS.docx,FICHA DATOS TECNICOS.docx
carreteradelliria10,H98007297,COMUNIDAD VALENCIANA\VALENCIA\BURJASOT\carreteradelliria10\FICHA DATOS.docx,FICHA DATOS.docx
cartagena4portal4,H10858785,1APROVINCIA\ALCALA DE HENARES\cartagena4portal4\FICHA DATOS TECNICOS.docx,FICHA DATOS TECNICOS.docx
casabermeja2,H79657011,casabermeja2\FICHA DATOS.docx,FICHA DATOS.docx
casabermeja4,H79713624,casabermeja4\FICHA DATOS.docx,FICHA DATOS.docx
casimiroescudero11,E78950961,casimiroescudero11\FICHA DATOS.docx,FICHA DATOS.docx
castellon1,H79906475,1APROVINCIA\MOSTOLES\castellon1\FICHA DATOS TECNICOS.docx,FICHA DATOS TECNICOS.docx
castellon15,H78928322,1APROVINCIA\MOSTOLES\castellon15\FICHA DATOS.docx,FICHA DATOS.docx
castilla13,H79716056,1APROVINCIA\PINTO\castilla13\FICHA DATOS TECNICOS.docx,FICHA DATOS TECNICOS.docx
castilla20,H28608149,1APROVINCIA\LEGANES\castilla20\FICHA DATOS TECNICOS.docx,FICHA DATOS TECNICOS.docx
castilla7,H79811899,castilla7\FICHA DATOS TECNICOS.docx,FICHA DATOS TECNICOS.docx
castillalanueva33,H79387577,1APROVINCIA\FUENLABRADA\castillalanueva33\FICHA DATOS TECNICOS.docx,FICHA DATOS TECNICOS.docx
castillalanueva37bis,H79410346,1APROVINCIA\FUENLABRADA\castillalanueva37bis\FICHA DATOS.docx,FICHA DATOS.docx
castillalanueva40,H79562864,1APROVINCIA\FUENLABRADA\castillalanueva40\FICHA DATOS TECNICOS.docx,FICHA DATOS TECNICOS.docx
castillalavieja8,H79679098,1APROVINCIA\FUENLABRADA\castillalavieja8\FICHA DATOS TECNICOS.docx,FICHA DATOS TECNICOS.docx
castillodesimancas7,H79854519,castillodesimancas7\FICHA DATOS.docx,FICHA DATOS.docx
cañada46,E78227840,cañada46\FICHA DATOS TECNICOS.docx,FICHA DATOS TECNICOS.docx
cañada8,H78541893,cañada8\FICHA DATOS.docx,FICHA DATOS.docx
cañada8,H79908042,1APROVINCIA\ALCORCON\cañada8\FICHA DATOS TECNICOS.docx,FICHA DATOS TECNICOS.docx
cañadatoledana2,H81432817,1APROVINCIA\GRIÑON\cañadatoledana2\FICHA DATOS TECNICOS.docx,FICHA DATOS TECNICOS.docx
cebreros1,H79552097,cebreros1\2.PROYECTO\4.SUBVENCION\IEE\trabajo\FICHA DATOS TECNICOS.docx,FICHA DATOS TECNICOS.docx
cebreros1,H79552097,cebreros1\FICHA DATOS TECNICOS.docx,FICHA DATOS TECNICOS.docx
centeno27,H79697124,centeno27\FICHA DATOS TECNICOS.docx,FICHA DATOS TECNICOS.docx
cerrodelaalcazaba19,E78679057,cerrodelaalcazaba19\FICHA DATOS TECNICOS.docx,FICHA DATOS TECNICOS.docx
chucuri10,H80590615,chucuri10\FICHA DATOS TECNICOS.docx,FICHA DATOS TECNICOS.docx
ciudades1,H79652145,1APROVINCIA\PARLA\ciudades1\FICHA DATOS TECNICOS.docx,FICHA DATOS TECNICOS.docx
claudiocoello14,B86496031,claudiocoello14\FICHA DATOS TECNICOS.docx,FICHA DATOS TECNICOS.docx
clavijo3,H79020582,clavijo3\FICHA DATOS TECNICOS.docx,FICHA DATOS TECNICOS.docx
colibri5,E78126885,1APROVINCIA\GETAFE\colibri5\FICHA DATOS TECNICOS.docx,FICHA DATOS TECNICOS.docx
comunidaddemadrid9,H80074024,1APROVINCIA\FUENLABRADA\comunidaddemadrid9\FICHA SATE COMUNIDAD DE MADRID 9 FUENLABRADA.docx,FICHA SATE COMUNIDAD DE MADRID 9 FUENLABRADA.docx
condesadeteba21,H79570404,condesadeteba21\FICHA DATOS.docx,FICHA DATOS.docx
condesdebarcelona6,H28973063,condesdebarcelona6\FICHA DATOS TECNICOS.docx,FICHA DATOS TECNICOS.docx
constitucion65,H80737760,1APROVINCIA\ALCOBENDAS\constitucion65\FICHA DE DATOS.docx,FICHA DE DATOS.docx
corregidordiegocabezadevaca18,H79883492,corregidordiegocabezadevaca18\FICHA DATOS TECNICOS.docx,FICHA DATOS TECNICOS.docx
covadonga18,H80681513,1APROVINCIA\LEGANES\covadonga18\FICHA DATOS TECNICOS.docx,FICHA DATOS TECNICOS.docx
covadonga22,E28541647,1APROVINCIA\LEGANES\covadonga22\FICHA DATOS TECNICOS.docx,FICHA DATOS TECNICOS.docx
cubierta y esc emergencia,H79575122,1APROVINCIA\ALCORCON\virgendeiciar17\cubierta y esc emergencia\FICHA DATOS TECNICOS.docx,FICHA DATOS TECNICOS.docx
cuestadelavirgen6,H79514170,1APROVINCIA\MOSTOLES\cuestadelavirgen6\FICHA DATOS TECNICOS.docx,FICHA DATOS TECNICOS.docx
datil7,H83186197,datil7\FICHA DATOS.docx,FICHA DATOS.docx
delicias1,H79760112,1APROVINCIA\FUENLABRADA\delicias1\FICHA DATOS TECNICOS.docx,FICHA DATOS TECNICOS.docx
delicias7,H81223174,1APROVINCIA\FUENLABRADA\delicias7\FICHA DATOS TECNICOS.docx,FICHA DATOS TECNICOS.docx
diariolanacion18,H79423885,diariolanacion18\FICHA DATOS TECNICOS (2).docx,FICHA DATOS TECNICOS (2).docx
diariolanacion20,H79421277,diariolanacion20\FICHA DATOS TECNICOS.docx,FICHA DATOS TECNICOS.docx
doctoradealcala5,H80531080,1APROVINCIA\ALCALA DE HENARES\doctoradealcala5\FICHA DATOS TECNICOS.docx,FICHA DATOS TECNICOS.docx
doctoresquerdo55 local FAIN,B28111516,doctoresquerdo55 local FAIN\FICHA DATOS TECNICOS.docx,FICHA DATOS TECNICOS.docx
doctoresquerdo59,H81900466,doctoresquerdo59\FICHA DATOS TECNICOS.docx,FICHA DATOS TECNICOS.docx
doctorvallejo39,H79444115,doctorvallejo39\FICHA DATOS.docx,FICHA DATOS.docx
domingoparraga62,H79637146,domingoparraga62\FICHA DATOS TECNICOS.docx,FICHA DATOS TECNICOS.docx
dr,H79934220,1APROVINCIA\FUENLABRADA\eras9\dr\FICHA DATOS.docx,FICHA DATOS.docx
duquedesesto22,H88436324,duquedesesto22\FICHA DATOS TECNICOS.docx,FICHA DATOS TECNICOS.docx
elfo76,H79110672,elfo76\FICHA DATOS.docx,FICHA DATOS.docx
elgreco12,H79879250,1APROVINCIA\MEJORADA DEL CAMPO\elgreco12\FICHA DATOS TECNICOS.docx,FICHA DATOS TECNICOS.docx
elprovencio31,H79986972,elprovencio31\FICHA DATOS TECNICOS.docx,FICHA DATOS TECNICOS.docx
eltoboso134-140,H78594116,eltoboso134-140\FICHA DATOS TECNICOS.docx,FICHA DATOS TECNICOS.docx
emilioferrari101,H79979191,emilioferrari101\FICHA DATOS TECNICOS.docx,FICHA DATOS TECNICOS.docx
encarnaciondelpino2,H79712436,encarnaciondelpino2\FICHA DATOS TECNICOS.docx,FICHA DATOS TECNICOS.docx
encarnacionoviol50,H79653788,encarnacionoviol50\FICHA DATOS TECNICOS.docx,FICHA DATOS TECNICOS.docx
enciso1,H79033148,enciso1\FICHA DATOS TECNICOS.docx,FICHA DATOS TECNICOS.docx
encomiendadepalacios318,H81170581,encomiendadepalacios318\FICHA DATOS TECNICOS.docx,FICHA DATOS TECNICOS.docx
encomiendadepalacios320,H79471074,encomiendadepalacios320\FICHA DATOS.docx,FICHA DATOS.docx
encomiendadepalacios49,H79161626,encomiendadepalacios49\FICHA DATOS TECNICOS.docx,FICHA DATOS TECNICOS.docx
entrearroyos56,H79627733,entrearroyos56\FICHA DATOS TECNICOS.docx,FICHA DATOS TECNICOS.docx
entrearroyos98,E78204864,entrearroyos98\FICHA DATOS TECNICOS.docx,FICHA DATOS TECNICOS.docx
eras 3 5 7 9 11 13,H79934220,1APROVINCIA\FUENLABRADA\eras 3 5 7 9 11 13\FICHA DE DATOS ACCESALIA.docx,FICHA DE DATOS ACCESALIA.docx
escribanos5,H79756235,escribanos5\FICHA DATOS TECNICOS.docx,FICHA DATOS TECNICOS.docx
escuelaspias1,H79784914,1APROVINCIA\ALCALA DE HENARES\escuelaspias1\FICHA DATOS TECNICOS.docx,FICHA DATOS TECNICOS.docx
estanislaofigueras8,H80950918,estanislaofigueras8\FICHA DATOS.docx,FICHA DATOS.docx
estebancollantes26,H79725925,estebancollantes26\FICHA DATOS TECNICOS.docx,FICHA DATOS TECNICOS.docx
estebancollantes31,H79534483,estebancollantes31\FICHA DATOS TECNICOS.docx,FICHA DATOS TECNICOS.docx
estocolmo6,H79633772,1APROVINCIA\MOSTOLES\estocolmo6\FICHA DATOS.docx,FICHA DATOS.docx
etna14,H79617759,etna14\FICHA DATOS TECNICOS.docx,FICHA DATOS TECNICOS.docx
etruria43,H79656799,etruria43\FICHA DATOS TECNICOS.docx,FICHA DATOS TECNICOS.docx
ezequielsolana105,H79726667,ezequielsolana105\FICHA DATOS.docx,FICHA DATOS.docx
ezequielsolana97,H79689105,ezequielsolana97\FICHA DATOS TECNICOS.docx,FICHA DATOS TECNICOS.docx
faisanes15,H80012040,1APROVINCIA\ARANJUEZ\faisanes15\FICHA DATOS TECNICOS.docx,FICHA DATOS TECNICOS.docx
faisanes25,H79790507,1APROVINCIA\ARANJUEZ\faisanes25\FICHA DATOS TECNICOS.docx,FICHA DATOS TECNICOS.docx
faro4-6,H79261970,faro4-6\FICHA DATOS.docx,FICHA DATOS.docx
fatima6,H79266052,1APROVINCIA\FUENLABRADA\fatima6\FICHA DATOS TECNICOS.docx,FICHA DATOS TECNICOS.docx
fatima8,H79718540,1APROVINCIA\FUENLABRADA\fatima8\FICHA DATOS TECNICOS.docx,FICHA DATOS TECNICOS.docx
felipealvarez28,H78366291,felipealvarez28\FICHA DATOS TECNICOS.docx,FICHA DATOS TECNICOS.docx
felipecastro5,H79743795,felipecastro5\FICHA DATOS TECNICOS.docx,FICHA DATOS TECNICOS.docx
felipecastro6,H79988531,felipecastro6\FICHA DATOS TECNICOS.docx,FICHA DATOS TECNICOS.docx
feria8,H79720959,feria8\FICHA DATOS TECNICOS.docx,FICHA DATOS TECNICOS.docx
fermincaballero75,H79593661,fermincaballero75\FICHA DATOS TECNICOS.docx,FICHA DATOS TECNICOS.docx
florenciogarcia11,H79673489,florenciogarcia11\FICHA DATOS TECNICOS.docx,FICHA DATOS TECNICOS.docx
florida32,H79779336,1APROVINCIA\ARANJUEZ\florida32\FICHA DATOS TECNICOS.docx,FICHA DATOS TECNICOS.docx
fotovoltaica - renovae,H79746053,1APROVINCIA\FUENLABRADA\angeles7\fotovoltaica - renovae\FICHA DATOS TECNICOS.docx,FICHA DATOS TECNICOS.docx
francia5,H79704250,1APROVINCIA\FUENLABRADA\francia5\FICHA DATOS TECNICOS.docx,FICHA DATOS TECNICOS.docx
francia50,H79661443,1APROVINCIA\FUENLABRADA\francia50\FICHA DATOS TECNICOS.docx,FICHA DATOS TECNICOS.docx
francia7,H79538823,1APROVINCIA\FUENLABRADA\francia7\FICHA DATOS TECNICOS.docx,FICHA DATOS TECNICOS.docx
franciscadelgado7,H81791089,1APROVINCIA\ALCOBENDAS\franciscadelgado7\FICHA DATOS.docx,FICHA DATOS.docx
franciscofatou24,H78366291,franciscofatou24\FICHA DATOS TECNICOS.docx,FICHA DATOS TECNICOS.docx
franciscofatou26,H78366291,franciscofatou26\FICHA DATOS TECNICOS.docx,FICHA DATOS TECNICOS.docx
franciscoiglesias15,H79259628,franciscoiglesias15\FICHA DATOS TECNICOS.docx,FICHA DATOS TECNICOS.docx
frayjosecerdeiriña66,H79672424,frayjosecerdeiriña66\FICHA DATOS.docx,FICHA DATOS.docx
frayjuangil3,E78998267,1APROVINCIA\ALCALA DE HENARES\frayjuangil3\FICHA DATOS TECNICOS.docx,FICHA DATOS TECNICOS.docx
fraymelchorcano22,H79789574,1APROVINCIA\LEGANES\fraymelchorcano22\FICHA DATOS TECNICOS.docx,FICHA DATOS TECNICOS.docx
fuenlabrada15,H79701868,1APROVINCIA\ALCORCON\fuenlabrada15\FICHA DATOS TECNICOS.docx,FICHA DATOS TECNICOS.docx
fuentebella28,H79306148,1APROVINCIA\PARLA\fuentebella28\FICHA DATOS TECNICOS.docx,FICHA DATOS TECNICOS.docx
fuentebella45,H79764353,1APROVINCIA\PARLA\fuentebella45\FICHA DATOS TECNICOS.docx,FICHA DATOS TECNICOS.docx
fuentebella68,H79617312,1APROVINCIA\PARLA\fuentebella68\FICHA DATOS TECNICOS.docx,FICHA DATOS TECNICOS.docx
fuentebella8,H80152523,1APROVINCIA\PARLA\fuentebella8\FICHA DATOS TECNICOS.docx,FICHA DATOS TECNICOS.docx
galiana28,E78778743,galiana28\FICHA DATOS TECNICOS.docx,FICHA DATOS TECNICOS.docx
galicia7,H79679346,1APROVINCIA\LEGANES\galicia7\FICHA DATOS TECNICOS.docx,FICHA DATOS TECNICOS.docx
galicia8,H79862280,1APROVINCIA\PINTO\galicia8\FICHA DATOS TECNICOS.docx,FICHA DATOS TECNICOS.docx
gallegos12,H79926473,1APROVINCIA\ALCALA DE HENARES\gallegos12\FICHA DATOS.docx,FICHA DATOS.docx
gandhi21,H79689030,gandhi21\FICHA DATOS TECNICOS.docx,FICHA DATOS TECNICOS.docx
garciadeparedes44,H78325933,garciadeparedes44\FICHA DATOS TECNICOS.docx,FICHA DATOS TECNICOS.docx
garciallamas43,H85283984,garciallamas43\FICHA DATOS TECNICOS.docx,FICHA DATOS TECNICOS.docx
generalramirez22,E78221041,generalramirez22\FICHA DATOS TECNICOS.docx,FICHA DATOS TECNICOS.docx
generalricardos232,H78171220,generalricardos232\FICHA DATOS TECNICOS.docx,FICHA DATOS TECNICOS.docx
generalricardos238,H78508710,generalricardos238\FICHA DATOS.docx,FICHA DATOS.docx
generalricardos92,H79986568,generalricardos92\FICHA ASCENSOR GENERAL RICARDOS 92 MADRID.docx,FICHA ASCENSOR GENERAL RICARDOS 92 MADRID.docx
genserico7,H79671137,genserico7\FICHA DATOS TECNICOS.docx,FICHA DATOS TECNICOS.docx
gerardocordon49,H78361912,gerardocordon49\FICHA DATOS TECNICOS.docx,FICHA DATOS TECNICOS.docx
germanperezcarrasco54,H80556632,germanperezcarrasco54\FICHA DATOS TECNICOS.docx,FICHA DATOS TECNICOS.docx
glorietadetamarindo4,H80838717,1APROVINCIA\ARANJUEZ\glorietadetamarindo4\FICHA DATOS TECNICOS.docx,FICHA DATOS TECNICOS.docx
godella237,H79866729,godella237\FICHA DATOS TECNICOS.docx,FICHA DATOS TECNICOS.docx
gomeznarro233,H79608022,gomeznarro233\FICHA DATOS TECNICOS.docx,FICHA DATOS TECNICOS.docx
gomeznarro249,H79368759,gomeznarro249\FICHA DATOS.docx,FICHA DATOS.docx
gonzalodecespedes21,H79622395,gonzalodecespedes21\FICHA DATOS.docx,FICHA DATOS.docx
goya55,H79993390,goya55\FICHA DATOS TECNICOS.docx,FICHA DATOS TECNICOS.docx
gregoriodonas8,H79544581,gregoriodonas8\FICHA DATOS TECNICOS.docx,FICHA DATOS TECNICOS.docx
guadalajara3,H79762258,1APROVINCIA\ALCORCON\guadalajara3\FICHA DATOS TECNICOS.docx,FICHA DATOS TECNICOS.docx
guadarrama26,H79893616,guadarrama26\FICHA DATOS TECNICOS.docx,FICHA DATOS TECNICOS.docx
guancha1,H80482797,guancha1\FICHA DATOS.docx,FICHA DATOS.docx
guillendecastro13,H79660643,guillendecastro13\FICHA DATOS TECNICOS.docx,FICHA DATOS TECNICOS.docx
habana41,H79697546,1APROVINCIA\FUENLABRADA\habana41\FICHA DATOS TECNICOS.docx,FICHA DATOS TECNICOS.docx
haciendadepavones117,H78193786,haciendadepavones117\FICHA DATOS TECNICOS.docx,FICHA DATOS TECNICOS.docx
haciendadepavones151,H79817128,haciendadepavones151\FICHA DATOS.docx,FICHA DATOS.docx
haciendadepavones222,E78973104,haciendadepavones222\FICHA DATOS.docx,FICHA DATOS.docx
helsinki7,H79752622,1APROVINCIA\MOSTOLES\helsinki7\FICHA DATOS TECNICOS.docx,FICHA DATOS TECNICOS.docx
hermanosmachado41,H80172406,hermanosmachado41\FICHA DATOS.docx,FICHA DATOS.docx
hermanosmachado5,H79932794,hermanosmachado5\FICHA DATOS TECNICOS.docx,FICHA DATOS TECNICOS.docx
hermenegildobielsa27,H85326742,hermenegildobielsa27\FICHA DATOS.docx,FICHA DATOS.docx
hilados12,H78934411,1APROVINCIA\TORREJON DE ARDOZ\hilados12\FICHA DATOS TECNICOS (Copia en conflicto de daniel de soto 2022-04-20).docx,FICHA DATOS TECNICOS (Copia en conflicto de daniel de soto 2022-04-20).docx
hilados12,H78934411,1APROVINCIA\TORREJON DE ARDOZ\hilados12\FICHA DATOS TECNICOS.docx,FICHA DATOS TECNICOS.docx
hispanidad 3,H81524076,1APROVINCIA\FUENLABRADA\hispanidad 3\FICHA DATOS TECNICOS.docx,FICHA DATOS TECNICOS.docx
holanda10,H79578563,1APROVINCIA\FUENLABRADA\holanda10\FICHA DATOS TECNICOS.docx,FICHA DATOS TECNICOS.docx
hontanillas2,H79329942,1APROVINCIA\SAN SEBASTIAN DE LOS REYES\hontanillas2\FICHA DATOS TECNICOS.docx,FICHA DATOS TECNICOS.docx
hornachos3,H79233094,hornachos3\FICHA DATOS.docx,FICHA DATOS.docx
huertadecastañeda13,H79607305,huertadecastañeda13\FICHA DATOS TECNICOS.docx,FICHA DATOS TECNICOS.docx
huertadecastañeda26,E78751609,huertadecastañeda26\FICHA DATOS TECNICOS.docx,FICHA DATOS TECNICOS.docx
huertadelbayo13,H79038683,huertadelbayo13\FICHA DATOS TECNICOS.docx,FICHA DATOS TECNICOS.docx
huertavillaverde9,H79605549,huertavillaverde9\FICHA DATOS TECNICOS.docx,FICHA DATOS TECNICOS.docx
humera16,H79112322,1APROVINCIA\FUENLABRADA\humera16\FICHA DATOS.docx,FICHA DATOS.docx
humera2,H79669404,1APROVINCIA\FUENLABRADA\humera2\FICHA MEMORIA VALORADA CUBIERTA.docx,FICHA MEMORIA VALORADA CUBIERTA.docx
humilladero5,H79692190,1APROVINCIA\FUENLABRADA\humilladero5\FICHA DATOS TECNICOS.docx,FICHA DATOS TECNICOS.docx
hungria4,H79740700,1APROVINCIA\FUENLABRADA\hungria4\FICHA DATOS TECNICOS.docx,FICHA DATOS TECNICOS.docx
ibiza3,H79728911,ibiza3\FICHA DATOS.docx,FICHA DATOS.docx
iglesia16portal1,H79601373,1APROVINCIA\ALCORCON\iglesia16portal1\FICHA DATOS TECNICOS.docx,FICHA DATOS TECNICOS.docx
iglesia16portal4,H80238470,1APROVINCIA\ALCORCON\iglesia16portal4\FICHA DATOS TECNICOS.docx,FICHA DATOS TECNICOS.docx
iglesia22,H80620081,1APROVINCIA\ALCORCON\iglesia22\FICHA DATOS TECNICOS iglesia 22.docx,FICHA DATOS TECNICOS iglesia 22.docx
iliada19,H79621983,iliada19\FICHA DATOS TECNICOS.docx,FICHA DATOS TECNICOS.docx
iliada39,H79585154,iliada39\FICHA DATOS TECNICOS.docx,FICHA DATOS TECNICOS.docx
imagen32,H79770392,imagen32\FICHA DATOS.docx,FICHA DATOS.docx
independencia43,H81642738,1APROVINCIA\SAN SEBASTIAN DE LOS REYES\independencia43\FICHA DATOS - OK NO ME DEJA BORRAR LA OTRA FICHA (adriana).docx,FICHA DATOS - OK NO ME DEJA BORRAR LA OTRA FICHA (adriana).docx
independencia43,H81642738,1APROVINCIA\SAN SEBASTIAN DE LOS REYES\independencia43\FICHA DATOS.docx,FICHA DATOS.docx
infantas13,H78306586,1APROVINCIA\ARANJUEZ\infantas13\FICHA DATOS TECNICOS.docx,FICHA DATOS TECNICOS.docx
infantas9,H79265344,1APROVINCIA\ALCORCON\infantas9\FICHA DATOS TECNICOS.docx,FICHA DATOS TECNICOS.docx
isaacperal5,H79575627,1APROVINCIA\MOSTOLES\isaacperal5\FICHA DATOS.docx,FICHA DATOS.docx
isladecorcega3,Q2868988C,1APROVINCIA\ALCOBENDAS\isladecorcega3\FICHA DATOS TECNICOS.docx,FICHA DATOS TECNICOS.docx
islamalaita5,H79223921,islamalaita5\FICHA DATOS TECNICOS.docx,FICHA DATOS TECNICOS.docx
islasbritanicas26,H79253514,1APROVINCIA\FUENLABRADA\islasbritanicas26\FICHA DATOS TECNICOS.docx,FICHA DATOS TECNICOS.docx
isturiz9,E78090404,isturiz9\FICHA DATOS.docx,FICHA DATOS.docx
italia11,H79803797,1APROVINCIA\FUENLABRADA\italia11\FICHA DATOS TECNICOS.docx,FICHA DATOS TECNICOS.docx
italia35,H79044913,1APROVINCIA\FUENLABRADA\italia35\4.FICHA DATOS TECNICOS.docx,4.FICHA DATOS TECNICOS.docx
jaboneria36,H79915757,1APROVINCIA\ALCORCON\jaboneria36\FICHA DATOS TECNICOS.docx,FICHA DATOS TECNICOS.docx
jarama1,H79879573,1APROVINCIA\SAN SEBASTIAN DE LOS REYES\jarama1\FICHA DATOS.docx,FICHA DATOS.docx
jarama24,H79155727,1APROVINCIA\ALCOBENDAS\jarama24\FICHA DATOS.docx,FICHA DATOS.docx
jeromin23,E78939733,1APROVINCIA\LEGANES\jeromin23\FICHA DATOS TECNICOS.docx,FICHA DATOS TECNICOS.docx
jesus40,H28612398,1APROVINCIA\ARANJUEZ\jesus40\FICHA DATOS.docx,FICHA DATOS.docx
josemariapereda43,H79692968,josemariapereda43\FICHA ASCENSOR JOSE MARIA PEREDA 43 MAYO 2021.docx,FICHA ASCENSOR JOSE MARIA PEREDA 43 MAYO 2021.docx
josuelillo5,H79441416,josuelillo5\FICHA DATOS TECNICOS.docx,FICHA DATOS TECNICOS.docx
juanantoniomaroto1,H79988663,juanantoniomaroto1\FICHA DATOS TECNICOS.docx,FICHA DATOS TECNICOS.docx
juanramonjimenez2,H79544698,juanramonjimenez2\FICHA DATOS TECNICOS.docx,FICHA DATOS TECNICOS.docx
juansebastianelcano4,H83664524,1APROVINCIA\ALCALA DE HENARES\juansebastianelcano4\FICHA DATOS TECNICOS.docx,FICHA DATOS TECNICOS.docx
juantornero62,H80532898,juantornero62\FICHA DATOS.docx,FICHA DATOS.docx
juliopalacios2-4-6,H78236502,juliopalacios2-4-6\FICHA DATOS TECNICOS.docx,FICHA DATOS TECNICOS.docx
lagoconstanza34,H79251179,lagoconstanza34\FICHA DATOS TECNICOS.docx,FICHA DATOS TECNICOS.docx
laspalmas43,H78788874,1APROVINCIA\MOSTOLES\laspalmas43\FICHA DATOS.docx,FICHA DATOS.docx
laton8,A28228864,1APROVINCIA\ARGANDA DEL REY\laton8\FICHA DATOS TECNICOS.docx,FICHA DATOS TECNICOS.docx
leganes14,H79801049,1APROVINCIA\FUENLABRADA\leganes14\FICHA DATOS TECNICOS.docx,FICHA DATOS TECNICOS.docx
lepanto9,H87804134,1APROVINCIA\SAN LORENZO DEL ESCORIAL\lepanto9\FICHA DATOS TECNICOS.docx,FICHA DATOS TECNICOS.docx
licenciadovidriera5,H79587796,licenciadovidriera5\FICHA DATOS.docx,FICHA DATOS.docx
llanosdeescudero37,H79286894,llanosdeescudero37\FICHA DE DATOS ACCESALIA.docx,FICHA DE DATOS ACCESALIA.docx
llanosdeescudero8,H80018344,llanosdeescudero8\FICHA DATOS.docx,FICHA DATOS.docx
londres13,H79888046,1APROVINCIA\TORREJON DE ARDOZ\londres13\FICHA DATOS.docx,FICHA DATOS.docx
londres15,H78912938,1APROVINCIA\TORREJON DE ARDOZ\londres15\FICHA DATOS.docx,FICHA DATOS.docx
longares8B-garaje,H81464109,longares8B-garaje\FICHA DATOS TECNICOS.docx,FICHA DATOS TECNICOS.docx
lopezgrass42,H79743597,lopezgrass42\FICHA DATOS.docx,FICHA DATOS.docx
lospeñascales17,H79586020,lospeñascales17\FICHA DATOS.docx,FICHA DATOS.docx
losurquiza10,H79193520,losurquiza10\FICHA DATOS TECNICOS.docx,FICHA DATOS TECNICOS.docx
luisruiz88,H79118238,luisruiz88\FICHA DATOS TECNICOS.docx,FICHA DATOS TECNICOS.docx
luisvives11,H79032009,1APROVINCIA\ALCALA DE HENARES\luisvives11\FICHA DATOS TECNICOS.docx,FICHA DATOS TECNICOS.docx
madrid2,H81459224,1APROVINCIA\COLMENAR VIEJO\madrid2\FICHA DATOS TECNICOS.docx,FICHA DATOS TECNICOS.docx
madrid38-40,H79655619,1APROVINCIA\HUMANES DE MADRID\madrid38-40\FICHA DATOS TECNICOS.docx,FICHA DATOS TECNICOS.docx
madrid79,H80651581,1APROVINCIA\HUMANES DE MADRID\madrid79\FICHA DATOS TECNICOS.docx,FICHA DATOS TECNICOS.docx
maestroturina12,H82385857,1APROVINCIA\TORREJON DE ARDOZ\maestroturina12\FICHA DATOS TECNICOS.docx,FICHA DATOS TECNICOS.docx
maestroturina6,H79671145,1APROVINCIA\GETAFE\maestroturina6\FICHA DATOS TECNICOS.docx,FICHA DATOS TECNICOS.docx
magdalena3,H85095487,1APROVINCIA\GETAFE\magdalena3\1.Memoria\FICHA DATOS.docx,FICHA DATOS.docx
magdalena3,H85095487,1APROVINCIA\GETAFE\magdalena3\2.Reestructuracion\FICHA DATOS.docx,FICHA DATOS.docx
maldonado33,H79121471,maldonado33\FICHA DATOS TECNICOS.docx,FICHA DATOS TECNICOS.docx
maldonado4,H79985479,1APROVINCIA\MOSTOLES\maldonado4\FICHA DATOS TECNICOS.docx,FICHA DATOS TECNICOS.docx
mancomunidadloscastillosyviñagrande,H78817582,1APROVINCIA\ALCORCON\mancomunidadloscastillosyviñagrande\FICHA DATOS TECNICOS.docx,FICHA DATOS TECNICOS.docx
manresa17-19,H79612396,manresa17-19\FICHA DATOS TECNICOS.docx,FICHA DATOS TECNICOS.docx
manresa56,H79675328,manresa56\FICHA DATOS TECNICOS.docx,FICHA DATOS TECNICOS.docx
marcelinoroavazquez45,H78999174,marcelinoroavazquez45\FICHA DATOS.docx,FICHA DATOS.docx
mariapedraza25,H78699360,mariapedraza25\FICHA DATOS.docx,FICHA DATOS.docx
mariblanca10,H79993036,1APROVINCIA\ARANJUEZ\mariblanca10\FICHA DATOS TECNICOS.docx,FICHA DATOS TECNICOS.docx
marmenor24,H80609498,marmenor24\FICHA DATOS TECNICOS.docx,FICHA DATOS TECNICOS.docx
marquesadesilvela11,H80081367,marquesadesilvela11\FICHA DATOS TECNICOS.docx,FICHA DATOS TECNICOS.docx
marquesdevaldavia76,H78758497,1APROVINCIA\ALCOBENDAS\marquesdevaldavia76\FICHA DATOS TECNICOS.docx,FICHA DATOS TECNICOS.docx
martell27,H79745253,martell27\FICHA DATOS.docx,FICHA DATOS.docx
martell28,H79547691,martell28\FICHA DATOS TECNICOS.docx,FICHA DATOS TECNICOS.docx
martin de los heros 38,E78274834,martin de los heros 38\FICHA DATOS TECNICOS.docx,FICHA DATOS TECNICOS.docx
martindelosheros59b,E78200193,martindelosheros59b\FICHA DATOS TECNICOS.docx,FICHA DATOS TECNICOS.docx
mejico39,H78680261,1APROVINCIA\COSLADA\mejico39\FICHA DATOS.docx,FICHA DATOS.docx
mejora accesibilidad,E78347028,1APROVINCIA\FUENLABRADA\malaga40\mejora accesibilidad\FICHA DATOS TECNICOS.docx,FICHA DATOS TECNICOS.docx
mercedesarteaga45-47,H81427312,mercedesarteaga45-47\FICHA DATOS TECNICOS.docx,FICHA DATOS TECNICOS.docx
mieses2,H79934535,1APROVINCIA\LAS ROZAS\mieses2\FICHA DATOS.docx,FICHA DATOS.docx
milan1,H79887956,1APROVINCIA\TORREJON DE ARDOZ\milan1\FICHA DATOS.docx,FICHA DATOS.docx
milan3,H79887980,1APROVINCIA\TORREJON DE ARDOZ\milan3\FICHA DATOS.docx,FICHA DATOS.docx
milan7,H79888087,1APROVINCIA\TORREJON DE ARDOZ\milan7\FICHA DATOS.docx,FICHA DATOS.docx
milan9,H79888012,1APROVINCIA\TORREJON DE ARDOZ\milan9\FICHA DATOS.docx,FICHA DATOS.docx
miraflores12,H79173191,1APROVINCIA\ALCOBENDAS\miraflores12\FICHA DATOS TECNICOS.docx,FICHA DATOS TECNICOS.docx
miraflores6-8,H78572203,1APROVINCIA\ALCOBENDAS\miraflores6-8\FICHA DATOS TECNICOS.docx,FICHA DATOS TECNICOS.docx
modestoalonso8,H79559191,modestoalonso8\FICHA DATOS TECNICOS.docx,FICHA DATOS TECNICOS.docx
modificacion licencia-NO VALE,H80008279,1APROVINCIA\GETAFE\avangeles6\modificacion licencia-NO VALE\FICHA DATOS.docx,FICHA DATOS.docx
monseñoroscarromero6,H79647251,monseñoroscarromero6\FICHA DATOS TECNICOS.docx,FICHA DATOS TECNICOS.docx
montejurra25,H79124012,montejurra25\FICHA DATOS TECNICOS (1).docx,FICHA DATOS TECNICOS (1).docx
montejurra31,H79720488,montejurra31\FICHA DATOS TECNICOS.docx,FICHA DATOS TECNICOS.docx
montejurra33,H79808614,montejurra33\FICHA DATOS.docx,FICHA DATOS.docx
monteperdido10,H84081462,monteperdido10\FICHA DE DATOS ACCESALIA.docx,FICHA DE DATOS ACCESALIA.docx
montevideo2,H79254017,1APROVINCIA\MOSTOLES\montevideo2\FICHA DATOS TECNICOS.docx,FICHA DATOS TECNICOS.docx
moral2,H78825064,1APROVINCIA\ALCALA DE HENARES\moral2\FICHA DATOS TECNICOS.docx,FICHA DATOS TECNICOS.docx
moraña24,H79355525,1APROVINCIA\LEGANES\moraña24\FICHA DATOS TECNICOS.docx,FICHA DATOS TECNICOS.docx
mostoles3portal4,H84265164,1APROVINCIA\FUENLABRADA\mostoles3portal4\FICHA DATOS TECNICOS.docx,FICHA DATOS TECNICOS.docx
muelle6,H82293523,1APROVINCIA\ALCALA DE HENARES\muelle6\FICHA DATOS TECNICOS.docx,FICHA DATOS TECNICOS.docx
narvaez33,H87048336,narvaez33\FICHA DATOS TECNICOS.docx,FICHA DATOS TECNICOS.docx
nataliotortuero6,H19119361,CASTILLA LA MANCHA\GUADALAJARA\1PROVINCIA\AZUQUECA DE HENARES\nataliotortuero6\FICHA DATOS TECNICOS.docx,FICHA DATOS TECNICOS.docx
navasdelrey51,H79677449,navasdelrey51\FICHA DATOS TECNICOS.docx,FICHA DATOS TECNICOS.docx
navasdetolosa7,H79687166,1APROVINCIA\SAN SEBASTIAN DE LOS REYES\navasdetolosa7\FICHA DATOS TECNICOS.docx,FICHA DATOS TECNICOS.docx
nazaret14,H79549671,1APROVINCIA\FUENLABRADA\nazaret14\FICHA DATOS.docx,FICHA DATOS.docx
niza2,H79026068,1APROVINCIA\MOSTOLES\niza2\FICHA SALVAESCALERAS NIZA 2 MOSTOLES.docx,FICHA SALVAESCALERAS NIZA 2 MOSTOLES.docx
normas3-5-7,H79334116,normas3-5-7\FICHA DATOS TECNICOS.docx,FICHA DATOS TECNICOS.docx
nuestraseñoradegracia13,H79231601,nuestraseñoradegracia13\FICHA DATOS.docx,FICHA DATOS.docx
nuestraseñoradelaesperanza3,H79735221,1APROVINCIA\LEGANES\nuestraseñoradelaesperanza3\FICHA DATOS TECNICOS.docx,FICHA DATOS TECNICOS.docx
nuestraseñoradelamacarena7,E78259686,1APROVINCIA\LEGANES\nuestraseñoradelamacarena7\FICHA DATOS TECNICOS.docx,FICHA DATOS TECNICOS.docx
nuestraseñoradelamacarena9,H79674990,1APROVINCIA\LEGANES\nuestraseñoradelamacarena9\FICHA DATOS TECNICOS.docx,FICHA DATOS TECNICOS.docx
nuestraseñoradelasangustias17,H79290284,1APROVINCIA\LEGANES\nuestraseñoradelasangustias17\FICHA DATOS TECNICOS.docx,FICHA DATOS TECNICOS.docx
nuestraseñoradelasoledad16,H80132939,nuestraseñoradelasoledad16\FICHA DATOS.docx,FICHA DATOS.docx
nuestraseñoradelasoledad20,H79168530,nuestraseñoradelasoledad20\FICHA DATOS.docx,FICHA DATOS.docx
nuestraseñoradelosangeles4,H79993721,1APROVINCIA\LEGANES\nuestraseñoradelosangeles4\FICHA DATOS TECNICOS.docx,FICHA DATOS TECNICOS.docx
nuestraseñoradelvillar7,H78682200,nuestraseñoradelvillar7\FICHA DATOS TECNICOS.docx,FICHA DATOS TECNICOS.docx
nueva2,H79369534,1APROVINCIA\BOADILLA DEL MONTE\nueva2\FICHA DATOS TECNICOS.docx,FICHA DATOS TECNICOS.docx
nueva6,H79914016,1APROVINCIA\ALCALA DE HENARES\nueva6\FICHA DATOS TECNICOS.docx,FICHA DATOS TECNICOS.docx
nuria28-32,H79540969,nuria28-32\FICHA DATOS.docx,FICHA DATOS.docx
nuñogomez16,H80941651,nuñogomez16\FICHA DATOS.docx,FICHA DATOS.docx
odonnell35,H86478666,odonnell35\FICHA DATOS.docx,FICHA DATOS.docx
odonnell47,H78207081,odonnell47\FICHA DATOS TECNICOS.docx,FICHA DATOS TECNICOS.docx
olesademonserrat34,H80232267,olesademonserrat34\FICHA DATOS.docx,FICHA DATOS.docx
oriente3,H79590139,1APROVINCIA\SAN SEBASTIAN DE LOS REYES\oriente3\FICHA DATOS TECNICOS.docx,FICHA DATOS TECNICOS.docx
oriente6,H79699617,1APROVINCIA\FUENLABRADA\oriente6\FICHA DATOS TECNICOS.docx,FICHA DATOS TECNICOS.docx
orquidea5,H79634580,1APROVINCIA\ALCALA DE HENARES\orquidea5\FICHA DATOS TECNICOS.docx,FICHA DATOS TECNICOS.docx
oviedo9,H78496684,1APROVINCIA\MOSTOLES\oviedo9\FICHA DATOS TECNICOS.docx,FICHA DATOS TECNICOS.docx
pablocasals26,H80001076,1APROVINCIA\PARLA\pablocasals26\FICHA DATOS TECNICOS.docx,FICHA DATOS TECNICOS.docx
pablolafargue38,H79917811,pablolafargue38\FICHA DATOS.docx,FICHA DATOS.docx
padilla4,H79145702,1APROVINCIA\MOSTOLES\padilla4\FICHA DATOS TECNICOS.docx,FICHA DATOS TECNICOS.docx
padilla8,H79807129,1APROVINCIA\MOSTOLES\padilla8\FICHA DATOS TECNICOS.docx,FICHA DATOS TECNICOS.docx
palencia12,H80203466,1APROVINCIA\FUENLABRADA\palencia12\FICHA DATOS TECNICOS.docx,FICHA DATOS TECNICOS.docx
palermo7,H80688732,1APROVINCIA\TORREJON DE ARDOZ\palermo7\FICHA DATOS TECNICOS.docx,FICHA DATOS TECNICOS.docx
paloma5,H79590980,1APROVINCIA\LEGANES\paloma5\FICHA DATOS TECNICOS.docx,FICHA DATOS TECNICOS.docx
paloma9,H78824877,paloma9\FICHA DATOS TECNICOS.docx,FICHA DATOS TECNICOS.docx
palomares75-77-79,H88443007,palomares75-77-79\FICHA DATOS TECNICOS.docx,FICHA DATOS TECNICOS.docx
parla20,H79646725,1APROVINCIA\GETAFE\parla20\FICHA DATOS.docx,FICHA DATOS.docx
parvillasaltas27,H79629127,parvillasaltas27\2.PROYECTO\1.ESCRITOS\FICHA DATOS TECNICOS.docx,FICHA DATOS TECNICOS.docx
parvillasaltas27,H79629127,parvillasaltas27\FICHA DATOS TECNICOS.docx,FICHA DATOS TECNICOS.docx
paseodelahaya2,H79705851,1APROVINCIA\FUENLABRADA\paseodelahaya2\FICHA DATOS TECNICOS.docx,FICHA DATOS TECNICOS.docx
paseodelospontones29,H79188850,paseodelospontones29\FICHA DATOS.docx,FICHA DATOS.docx
paseodesanillan5,H84098375,paseodesanillan5\FICHA DATOS TECNICOS.docx,FICHA DATOS TECNICOS.docx
paseodrseveroochoa10,H85862803,1APROVINCIA\FUENLABRADA\paseodrseveroochoa10\FICHA DATOS.docx,FICHA DATOS.docx
paseomelancolicos51,Q2880005J,paseomelancolicos51\FICHA DE DATOS ACCESALIA  .docx,FICHA DE DATOS ACCESALIA  .docx
paseoperales15portal1,H81677635,paseoperales15portal1\FICHA DATOS.docx,FICHA DATOS.docx
paseosanantonio3,H79741195,1APROVINCIA\FUENLABRADA\paseosanantonio3\FICHA DATOS TECNICOS.docx,FICHA DATOS TECNICOS.docx
paseosantamariadelacabeza27,H79739041,paseosantamariadelacabeza27\FICHA DATOS.docx,FICHA DATOS.docx
paular1,H79824298,1APROVINCIA\FUENLABRADA\paular1\FICHA DATOS TECNICOS.docx,FICHA DATOS TECNICOS.docx
paular5,H80228158,1APROVINCIA\FUENLABRADA\paular5\FICHA DATOS TECNICOS.docx,FICHA DATOS TECNICOS.docx
pedrofernandezlabrada3esc2,H79096962,pedrofernandezlabrada3esc2\FICHA DATOS TECNICOS.docx,FICHA DATOS TECNICOS.docx
pedrolaborde58,H79549234,pedrolaborde58\FICHA DATOS.docx,FICHA DATOS.docx
pedrounanue22,E78890019,pedrounanue22\FICHA DATOS.docx,FICHA DATOS.docx
peironcely40,H79863601,peironcely40\FICHA DATOS TECNICOS.docx,FICHA DATOS TECNICOS.docx
pelayos11,H79674370,1APROVINCIA\FUENLABRADA\pelayos11\FICHA DATOS TECNICOS.docx,FICHA DATOS TECNICOS.docx
pensamiento5,E78451770,1APROVINCIA\LEGANES\pensamiento5\FICHA DATOS TECNICOS.docx,FICHA DATOS TECNICOS.docx
perdiz5,H80137037,1APROVINCIA\GETAFE\perdiz5\FICHA ACCESALIA.docx,FICHA ACCESALIA.docx
pez11,H79484630,pez11\FICHA DATOS TECNICOS.docx,FICHA DATOS TECNICOS.docx
piedrahita2,H80740715,piedrahita2\FICHA DATOS.docx,FICHA DATOS.docx
pingüino9,H79684635,pingüino9\FICHA DATOS.docx,FICHA DATOS.docx
pintorvelazquez65,H80035843,1APROVINCIA\MOSTOLES\pintorvelazquez65\FICHA DATOS TECNICOS V2.docx,FICHA DATOS TECNICOS V2.docx
plataforma,H78201993,1APROVINCIA\MOSTOLES\españoleto5\plataforma\FICHA DATOS TECNICOS.docx,FICHA DATOS TECNICOS.docx
platino36,H79846804,platino36\FICHA DATOS TECNICOS.docx,FICHA DATOS TECNICOS.docx
plazaconcordia1,H80745524,1APROVINCIA\ALCOBENDAS\plazaconcordia1\FICHA DATOS TECNICOS.docx,FICHA DATOS TECNICOS.docx
plazadelaalbufera11,H79970174,1APROVINCIA\FUENLABRADA\plazadelaalbufera11\FICHA DATOS.docx,FICHA DATOS.docx
plazadelaflor6,H79797585,1APROVINCIA\LEGANES\plazadelaflor6\FICHA DATOS TECNICOS.docx,FICHA DATOS TECNICOS.docx
plazadelainmaculada6,H83403634,1APROVINCIA\LEGANES\plazadelainmaculada6\FICHA DATOS TECNICOS.docx,FICHA DATOS TECNICOS.docx
plazadelasfloras7,H79737417,1APROVINCIA\LEGANES\plazadelasfloras7\FICHA DATOS TECNICOS (Copia en conflicto de D SM 2025-11-20).docx,FICHA DATOS TECNICOS (Copia en conflicto de D SM 2025-11-20).docx
plazadelasfloras7,H79737417,1APROVINCIA\LEGANES\plazadelasfloras7\FICHA DATOS TECNICOS.docx,FICHA DATOS TECNICOS.docx
plazadelpaular1,H79884581,plazadelpaular1\FICHA DATOS TECNICOS.docx,FICHA DATOS TECNICOS.docx
plazadelpaular2,H79884581,plazadelpaular2\FICHA DATOS TECNICOS.docx,FICHA DATOS TECNICOS.docx
plazadenicaragua3,H79775755,1APROVINCIA\FUENLABRADA\plazadenicaragua3\FICHA DATOS TECNICOS.docx,FICHA DATOS TECNICOS.docx
plazadosdemayo5,E78776309,1APROVINCIA\MOSTOLES\plazadosdemayo5\FICHA DATOS TECNICOS.docx,FICHA DATOS TECNICOS.docx
plazahernancortes6,H79264875,1APROVINCIA\LEGANES\plazahernancortes6\FICHA DATOS TECNICOS.docx,FICHA DATOS TECNICOS.docx
plazalucadetena11,H28548014,plazalucadetena11\FICHA DATOS.docx,FICHA DATOS.docx
plazaparis5,H80030885,1APROVINCIA\FUENLABRADA\plazaparis5\FICHA DATOS TECNICOS.docx,FICHA DATOS TECNICOS.docx
plazaparis6,H79647061,1APROVINCIA\FUENLABRADA\plazaparis6\FICHA DATOS TECNICOS.docx,FICHA DATOS TECNICOS.docx
plazaparis7,H81561797,1APROVINCIA\FUENLABRADA\plazaparis7\FICHA DE DATOS ACCESALIA.docx,FICHA DE DATOS ACCESALIA.docx
plazaparvillas1,H80364763,plazaparvillas1\FICHA DATOS TECNICOS.docx,FICHA DATOS TECNICOS.docx
plazavilladetalence2,H80698756,1APROVINCIA\ALCALA DE HENARES\plazavilladetalence2\FICHA DATOS TECNICOS.docx,FICHA DATOS TECNICOS.docx
poceria,H79971206,picodeartilleros39\poceria\FICHA DATOS TECNICOS.docx,FICHA DATOS TECNICOS.docx
poetavillaespesa2,H79869848,1APROVINCIA\PINTO\poetavillaespesa2\FICHA DATOS.docx,FICHA DATOS.docx
polvoranca26,H79853685,1APROVINCIA\LEGANES\polvoranca26\FICHA DATOS.docx,FICHA DATOS.docx
pontevedra1,H79794061,1APROVINCIA\MOSTOLES\pontevedra1\FICHA DATOS.docx,FICHA DATOS.docx
portugalete27,H79714382,portugalete27\FICHA DATOS TECNICOS.docx,FICHA DATOS TECNICOS.docx
princesa12,H79601811,1APROVINCIA\ALCORCON\princesa12\FICHA DATOS TECNICOS.docx,FICHA DATOS TECNICOS.docx
princesa25,H81475170,1APROVINCIA\ALCORCON\princesa25\FICHA DATOS.docx,FICHA DATOS.docx
principedevergara25,H79286761,principedevergara25\FICHA DATOS TECNICOS.docx,FICHA DATOS TECNICOS.docx
puertodealazores11,H79283933,puertodealazores11\FICHA DATOS TECNICOS.docx,FICHA DATOS TECNICOS.docx
puertodecotos11,E78590643,puertodecotos11\FICHA DATOS.docx,FICHA DATOS.docx
puertodelabonaigua46,H80605090,puertodelabonaigua46\FICHA DATOS TECNICOS.docx,FICHA DATOS TECNICOS.docx
puertodelamorcuera11,H78026994,puertodelamorcuera11\FICHA DATOS TECNICOS.docx,FICHA DATOS TECNICOS.docx
puertodelmonasterio20,H79582961,puertodelmonasterio20\FICHA DATOS TECNICOS.docx,FICHA DATOS TECNICOS.docx
rabat10,H82317280,rabat10\FICHA DATOS TECNICOS.docx,FICHA DATOS TECNICOS.docx
rafaelcalvo5,H78229077,rafaelcalvo5\FICHA DATOS TECNICOS.docx,FICHA DATOS TECNICOS.docx
rafaelcalvo9,H78295615,rafaelcalvo9\FICHA DATOS TECNICOS.docx,FICHA DATOS TECNICOS.docx
ramongomezdelaserna103,Q2868318C,ramongomezdelaserna103\FICHA DATOS TECNICOS.docx,FICHA DATOS TECNICOS.docx
ramongomezdelaserna45,H78281417,ramongomezdelaserna45\FICHA DATOS.docx,FICHA DATOS.docx
rampa,H80178197,1APROVINCIA\MOSTOLES\alfonsoxii18\rampa\FICHA DATOS.docx,FICHA DATOS.docx
rampa CONJUNTA PORTAL 17 Y 19,H79755823,1APROVINCIA\COSLADA\avlosprincipesdeespaña17-19pry_conj\rampa CONJUNTA PORTAL 17 Y 19\FICHA DATOS.docx,FICHA DATOS.docx
real7,H79918082,1APROVINCIA\SAN SEBASTIAN DE LOS REYES\real7\FICHA DATOS TECNICOS.docx,FICHA DATOS TECNICOS.docx
realvieja5,H79472965,1APROVINCIA\SAN SEBASTIAN DE LOS REYES\realvieja5\FICHA DATOS.docx,FICHA DATOS.docx
realvieja8,H80868243,1APROVINCIA\SAN SEBASTIAN DE LOS REYES\realvieja8\FICHA DATOS TECNICOS.docx,FICHA DATOS TECNICOS.docx
reina5,H82602251,reina5\FICHA DATOS TECNICOS.docx,FICHA DATOS TECNICOS.docx
reparar fachada,H79616652,1APROVINCIA\FUENLABRADA\paseodegranada3\reparar fachada\FICHA DATOS TECNICOS.docx,FICHA DATOS TECNICOS.docx
repullesyvargas7,H88424502,repullesyvargas7\FICHA DATOS.docx,FICHA DATOS.docx
ribadumia4,H79565826,ribadumia4\FICHA DATOS TECNICOS.docx,FICHA DATOS TECNICOS.docx
ribota11,H79690079,ribota11\FICHA DATOS TECNICOS.docx,FICHA DATOS TECNICOS.docx
ricardoortiz96,H78975190,ricardoortiz96\FICHA DATOS TECNICOS.docx,FICHA DATOS TECNICOS.docx
rioaragon6,H79914503,1APROVINCIA\LEGANES\rioaragon6\FICHA DATOS.docx,FICHA DATOS.docx
riocifuentes4,H79179388,1APROVINCIA\ALCALA DE HENARES\riocifuentes4\FICHA DATOS.docx,FICHA DATOS.docx
rioduero1,H78456498,1APROVINCIA\LEGANES\rioduero1\FICHA DATOS TECNICOS.docx,FICHA DATOS TECNICOS.docx
rioduero12,H81014292,1APROVINCIA\LEGANES\rioduero12\FICHA DATOS TECNICOS.docx,FICHA DATOS TECNICOS.docx
rioduero65,E28607141,1APROVINCIA\LEGANES\rioduero65\FICHA DATOS.docx,FICHA DATOS.docx
rioduero71,H28575017,1APROVINCIA\LEGANES\rioduero71\FICHA DATOS TECNICOS.docx,FICHA DATOS TECNICOS.docx
riogenil4,E78941515,1APROVINCIA\MOSTOLES\riogenil4\FICHA DATOS TECNICOS .docx,FICHA DATOS TECNICOS .docx
riogenil7,H79271300,1APROVINCIA\MOSTOLES\riogenil7\FICHA DATOS.docx,FICHA DATOS.docx
rioguadalquivir10,E28960458,1APROVINCIA\LEGANES\rioguadalquivir10\FICHA DATOS TECNICOS.docx,FICHA DATOS TECNICOS.docx
rioguadalquivir12,E28965598,1APROVINCIA\LEGANES\rioguadalquivir12\FICHA DATOS TECNICOS.docx,FICHA DATOS TECNICOS.docx
rioguadalquivir3,H79338216,1APROVINCIA\PARLA\rioguadalquivir3\FICHA DATOS TECNICOS.docx,FICHA DATOS TECNICOS.docx
rioja19,H78553146,1APROVINCIA\LEGANES\rioja19\FICHA DATOS TECNICOS.docx,FICHA DATOS TECNICOS.docx
rioja57,H79720546,1APROVINCIA\LEGANES\rioja57\FICHA DATOS TECNICOS.docx,FICHA DATOS TECNICOS.docx
riojanos4,H79613402,riojanos4\FICHA DATOS TECNICOS.docx,FICHA DATOS TECNICOS.docx
riollobregat10,H79480661,1APROVINCIA\MOSTOLES\riollobregat10\FICHA DATOS TECNICOS.docx,FICHA DATOS TECNICOS.docx
riomanzanares22,H81175507,1APROVINCIA\LEGANES\riomanzanares22\FICHA DATOS TECNICOS.docx,FICHA DATOS TECNICOS.docx
riomanzanares26,H81384638,1APROVINCIA\LEGANES\riomanzanares26\FICHA DATOS TECNICOS.docx,FICHA DATOS TECNICOS.docx
riosalado6,H82787359,riosalado6\FICHA DATOS TECNICOS.docx,FICHA DATOS TECNICOS.docx
riotietar1,H79523817,1APROVINCIA\ALCALA DE HENARES\riotietar1\FICHA DATOS TECNICOS.docx,FICHA DATOS TECNICOS.docx
riotormes1,H81543472,1APROVINCIA\MOSTOLES\riotormes1\FICHA DATOS.docx,FICHA DATOS.docx
riotormes2,H80592371,1APROVINCIA\MOSTOLES\riotormes2\FICHA DATOS TECNICOS.docx,FICHA DATOS TECNICOS.docx
rondadesegovia29,H79107694,rondadesegovia29\FICHA DATOS.docx,FICHA DATOS.docx
rufinoblanco20,H80553563,rufinoblanco20\FICHA DATOS TECNICOS.docx,FICHA DATOS TECNICOS.docx
sahara83,H79596169,sahara83\FICHA DATOS TECNICOS.docx,FICHA DATOS TECNICOS.docx
salvadordali6,H80143878,1APROVINCIA\PINTO\salvadordali6\FICHA DATOS TECNICOS.docx,FICHA DATOS TECNICOS.docx
sanandres1,E28934750,1APROVINCIA\LEGANES\sanandres1\FICHA DATOS TECNICOS.docx,FICHA DATOS TECNICOS.docx
sanandres1,H79702627,1APROVINCIA\FUENLABRADA\sanandres1\FICHA DATOS TECNICOS.docx,FICHA DATOS TECNICOS.docx
sanandres2,H80783475,1APROVINCIA\FUENLABRADA\sanandres2\FICHA DATOS TECNICOS.docx,FICHA DATOS TECNICOS.docx
sananton70,H79704060,1APROVINCIA\PARLA\sananton70\FICHA DATOS TECNICOS.docx,FICHA DATOS TECNICOS.docx
sanchezpreciado38,H81559973,sanchezpreciado38\FICHA DATOS.docx,FICHA DATOS.docx
sanchezpreciado40,H82570219,sanchezpreciado40\FICHA DATOS.docx,FICHA DATOS.docx
sanclaudio117,H79583050,sanclaudio117\FICHA DATOS.docx,FICHA DATOS.docx
sanclaudio99,H79962890,sanclaudio99\FICHA TÉCNICA.docx,FICHA TÉCNICA.docx
sanclemente2,H79717732,1APROVINCIA\LEGANES\sanclemente2\FICHA DATOS TECNICOS.docx,FICHA DATOS TECNICOS.docx
sandacio36,H79542312,sandacio36\2.PROYECTO\1.ESCRITOS\FICHA DATOS TECNICOS.docx,FICHA DATOS TECNICOS.docx
sandacio36,H79542312,sandacio36\FICHA DATOS TECNICOS.docx,FICHA DATOS TECNICOS.docx
sandaliolopez19,H80337090,sandaliolopez19\FICHA DATOS TECNICOS.docx,FICHA DATOS TECNICOS.docx
sandamaso4,E78572146,sandamaso4\FICHA DATOS.docx,FICHA DATOS.docx
sangregorio4,H79926747,1APROVINCIA\LEGANES\sangregorio4\FICHA DATOS TECNICOS.docx,FICHA DATOS TECNICOS.docx
sanherculano2,H79710141,sanherculano2\FICHA DATOS.docx,FICHA DATOS.docx
sanignacio6,H80626294,1APROVINCIA\ALCORCON\sanignacio6\FICHA DATOS.docx,FICHA DATOS.docx
sanjose9,H78548823,1APROVINCIA\FUENLABRADA\sanjose9\FICHA DATOS TECNICOS.docx,FICHA DATOS TECNICOS.docx
sanjustiniano1,H79160735,1APROVINCIA\LEGANES\sanjustiniano1\FICHA DATOS.docx,FICHA DATOS.docx
sanluciano7,H79947719,sanluciano7\FICHA DATOS.docx,FICHA DATOS.docx
sanmaximiliano23,H79597597,sanmaximiliano23\FICHA DATOS TECNICOS.docx,FICHA DATOS TECNICOS.docx
sannicolas19,E78809399,1APROVINCIA\LEGANES\sannicolas19\FICHA DATOS.docx,FICHA DATOS.docx
sanroque14,H82014838,sanroque14\FICHA DATOS.docx,FICHA DATOS.docx
santacruzdemarcenado1escC,H79191615,santacruzdemarcenado1escC\FICHA DATOS.docx,FICHA DATOS.docx
santacruzdemarcenado1escD,H79191615,santacruzdemarcenado1escD\FICHA DATOS.docx,FICHA DATOS.docx
santacruzdemarcenado1escE,H79191615,santacruzdemarcenado1escE\FICHA DATOS.docx,FICHA DATOS.docx
santaeduvigis5,H70721980,santaeduvigis5\FICHA DATOS TECNICOS.docx,FICHA DATOS TECNICOS.docx
santaeduvigis7,H70721956,santaeduvigis7\FICHA DATOS TECNICOS.docx,FICHA DATOS TECNICOS.docx
santaeduvigis9,H28601979,santaeduvigis9\FICHA DATOS (Copia en conflicto de Tecnicos Accesalia 2025-12-16).docx,FICHA DATOS (Copia en conflicto de Tecnicos Accesalia 2025-12-16).docx
santaeduvigis9,H28601979,santaeduvigis9\FICHA DATOS.docx,FICHA DATOS.docx
santamarialablanca3,H80620081,1APROVINCIA\ALCORCON\santamarialablanca3\FICHA DATOS TECNICOS.docx,FICHA DATOS TECNICOS.docx
santamarialablanca5,H80620081,1APROVINCIA\ALCORCON\santamarialablanca5\FICHA DATOS TECNICOS.docx,FICHA DATOS TECNICOS.docx
santarosa3,H79726873,1APROVINCIA\LEGANES\santarosa3\FICHA DE DATOS ACCESALIA.docx,FICHA DE DATOS ACCESALIA.docx
santatecla46,H10983310,santatecla46\1.DATOS\FICHA DATOS TECNICOS.docx,FICHA DATOS TECNICOS.docx
santatecla46,H10983310,santatecla46\FICHA DATOS TECNICOS.docx,FICHA DATOS TECNICOS.docx
santateresa2,H79309365,1APROVINCIA\ALCALA DE HENARES\santateresa2\FICHA DATOS TECNICOS.docx,FICHA DATOS TECNICOS.docx
santavirgilia20,H28604775,santavirgilia20\FICHA DATOS TECNICOS.docx,FICHA DATOS TECNICOS.docx
santavirgilia24,H79955357,santavirgilia24\FICHA DATOS TECNICOS (Copia en conflicto de D SM 2025-03-28).docx,FICHA DATOS TECNICOS (Copia en conflicto de D SM 2025-03-28).docx
santelesforo17,H79711800,santelesforo17\FICHA DATOS TECNICOS.docx,FICHA DATOS TECNICOS.docx
santelesforo19,H79664843,santelesforo19\FICHA DATOS TECNICOS.docx,FICHA DATOS TECNICOS.docx
santiagoramonycajal9,H81033433,1APROVINCIA\HUMANES DE MADRID\santiagoramonycajal9\FICHA DATOS TECNICOS.docx,FICHA DATOS TECNICOS.docx
santodomingodeguzman5,H81975682,1APROVINCIA\COLMENAR VIEJO\santodomingodeguzman5\FICHA DATOS TECNICOS.docx,FICHA DATOS TECNICOS.docx
santurce1,H79684148,santurce1\FICHA DATOS TECNICOS.docx,FICHA DATOS TECNICOS.docx
sanvaleriano1,H79179610,1APROVINCIA\LEGANES\sanvaleriano1\FICHA DATOS TECNICOS.docx,FICHA DATOS TECNICOS.docx
sanvenancio1,H80543622,sanvenancio1\FICHA DATOS TECNICOS.docx,FICHA DATOS TECNICOS.docx
sate,E78156957,pabloserrano9\sate\FICHA DATOS TECNICOS.docx,FICHA DATOS TECNICOS.docx
sate,E78347028,1APROVINCIA\FUENLABRADA\malaga40\sate\FICHA DATOS TECNICOS.docx,FICHA DATOS TECNICOS.docx
sate,H28984292,isturiz11\sate\FICHA DATOS.docx,FICHA DATOS.docx
sate,H79277513,1APROVINCIA\FUENLABRADA\brunete3\sate\FICHA DATOS TECNICOS.docx,FICHA DATOS TECNICOS.docx
sate,H79607446,1APROVINCIA\FUENLABRADA\paseoolimpo16\sate\FICHA DATOS TECNICOS.docx,FICHA DATOS TECNICOS.docx
sate,H79943031,1APROVINCIA\FUENLABRADA\paseodegranada2\sate\FICHA DATOS TECNICOS.docx,FICHA DATOS TECNICOS.docx
sate,H79971206,picodeartilleros39\sate\FICHA DATOS.docx,FICHA DATOS.docx
sate,H80010341,castillodeucles53\sate\FICHA DATOS TECNICOS.docx,FICHA DATOS TECNICOS.docx
sate,H80923873,virgendelaoliva47\sate\FICHA DATOS.docx,FICHA DATOS.docx
sate + ascensor,H79277513,1APROVINCIA\FUENLABRADA\brunete3\sate + ascensor\FICHA DATOS TECNICOS.docx,FICHA DATOS TECNICOS.docx
sate NO CONTRATADO,H80207020,1APROVINCIA\FUENLABRADA\avfranciscojaviersauquillo22\sate NO CONTRATADO\FICHA DATOS TECNICOS sate.docx,FICHA DATOS TECNICOS sate.docx
sate externo,H79882031,guadalete6\sate externo\FICHA DATOS.docx,FICHA DATOS.docx
secoya24,B81665168,secoya24\FICHA DATOS TECNICOS.docx,FICHA DATOS TECNICOS.docx
segovia49,H80769680,segovia49\FICHA DATOS.docx,FICHA DATOS.docx
seminario24,H79212841,1APROVINCIA\LEGANES\seminario24\FICHA DATOS TECNICOS.docx,FICHA DATOS TECNICOS.docx
siena55,H81408965,siena55\FICHA DATOS.docx,FICHA DATOS.docx
sierradealbarracin13,H79947008,1APROVINCIA\ALCORCON\sierradealbarracin13\FICHA DATOS TECNICOS.docx,FICHA DATOS TECNICOS.docx
sierradealbarracin17,H79201265,1APROVINCIA\ALCORCON\sierradealbarracin17\FICHA DATOS TECNICOS.docx,FICHA DATOS TECNICOS.docx
sierradecontraviesa38-40,E28932325,sierradecontraviesa38-40\FICHA DATOS TECNICOS.docx,FICHA DATOS TECNICOS.docx
sierradelvalle52,H79569711,sierradelvalle52\FICHA DATOS.docx,FICHA DATOS.docx
sierrademolina11,H79596508,sierrademolina11\FICHA DATOS.docx,FICHA DATOS.docx
sierragador50,H80604887,sierragador50\FICHA DATOS.docx,FICHA DATOS.docx
sieteojos4,H79700076,1APROVINCIA\ALCORCON\sieteojos4\FICHA DATOS TECNICOS.docx,FICHA DATOS TECNICOS.docx
simonhernandez43-45,H78929312,1APROVINCIA\MOSTOLES\simonhernandez43-45\FICHA DATOS.docx,FICHA DATOS.docx
solado portal,H79597324,1APROVINCIA\FUENLABRADA\castillalavieja12\solado portal\FICHA DATOS TECNICOS.docx,FICHA DATOS TECNICOS.docx
solsona7,H79770533,solsona7\FICHA DATOS TECNICOS.docx,FICHA DATOS TECNICOS.docx
sonsoles4,E78883626,1APROVINCIA\LEGANES\sonsoles4\FICHA DATOS.docx,FICHA DATOS.docx
titulcia12,H80623655,1APROVINCIA\GETAFE\titulcia12\FICHA DATOS TECNICOS.docx,FICHA DATOS TECNICOS.docx
toledo2,H79296166,1APROVINCIA\ALCORCON\toledo2\FICHA DATOS TECNICOS.docx,FICHA DATOS TECNICOS.docx
torrecilladelleal21,H79238879,torrecilladelleal21\FICHA DATOS TECNICOS.docx,FICHA DATOS TECNICOS.docx
torrejon12,H79888145,1APROVINCIA\TORREJON DE ARDOZ\torrejon12\FICHA DATOS TECNICOS.docx,FICHA DATOS TECNICOS.docx
torrejon9,H79854857,1APROVINCIA\FUENLABRADA\torrejon9\FICHA DATOS TECNICOS.docx,FICHA DATOS TECNICOS.docx
torrubia4,H79622650,1APROVINCIA\LEGANES\torrubia4\FICHA DATOS TECNICOS.docx,FICHA DATOS TECNICOS.docx
travesiadesantiagoalio2,H79986626,travesiadesantiagoalio2\FICHA DATOS.docx,FICHA DATOS.docx
travesiainfantamercedes4,H79141453,travesiainfantamercedes4\FICHA DATOS TECNICOS.docx,FICHA DATOS TECNICOS.docx
travesiasanonofre4,H79776688,1APROVINCIA\SAN SEBASTIAN DE LOS REYES\travesiasanonofre4\FICHA DATOS TECNICOS.docx,FICHA DATOS TECNICOS.docx
trujillo3,H84629849,1APROVINCIA\ALCORCON\trujillo3\FICHA DATOS TECNICOS.docx,FICHA DATOS TECNICOS.docx
tubo5,H78259603,1APROVINCIA\POZUELO DE ALARCON\tubo5\FICHA DATOS.docx,FICHA DATOS.docx
turquia22,H81284598,1APROVINCIA\FUENLABRADA\turquia22\FICHA DATOS TECNICOS.docx,FICHA DATOS TECNICOS.docx
valdecanillas5,H79924841,valdecanillas5\FICHA DATOS TECNICOS.docx,FICHA DATOS TECNICOS.docx
valdecanillas51,H79710356,valdecanillas51\FICHA DATOS.docx,FICHA DATOS.docx
valdemorillo1,H79630547,1APROVINCIA\GETAFE\valdemorillo1\FICHA DATOS TECNICOS.docx,FICHA DATOS TECNICOS.docx
valderrobres37,H78949120,valderrobres37\FICHA DATOS TECNICOS.docx,FICHA DATOS TECNICOS.docx
valdevarnes24,H79724944,valdevarnes24\FICHA DATOS TECNICOS.docx,FICHA DATOS TECNICOS.docx
valdevarnes4,H79920500,valdevarnes4\FICHA DATOS TECNICOS.docx,FICHA DATOS TECNICOS.docx
valdeverdeja31,H79068441,valdeverdeja31\FICHA DATOS TECNICOS.docx,FICHA DATOS TECNICOS.docx
valencia10,H79027074,1APROVINCIA\GETAFE\valencia10\FICHA DATOS TECNICOS.docx,FICHA DATOS TECNICOS.docx
valenciadedonjuan4,Q2868644B,valenciadedonjuan4\FICHA DATOS TECNICOS.docx,FICHA DATOS TECNICOS.docx
valentinagarcialopez1,H79858460,1APROVINCIA\AJALVIR\valentinagarcialopez1\FICHA DATOS TECNICOS.docx,FICHA DATOS TECNICOS.docx
valentinagarcialopez3,H83695486,1APROVINCIA\AJALVIR\valentinagarcialopez3\FICHA DATOS TECNICOS.docx,FICHA DATOS TECNICOS.docx
valmojado243,E78969649,valmojado243\FICHA DATOS.docx,FICHA DATOS.docx
valverde36,H84478551,valverde36\FICHA DATOS TECNICOS.docx,FICHA DATOS TECNICOS.docx
vargasmachuca1,H79725107,1APROVINCIA\ALCALA DE HENARES\vargasmachuca1\FICHA DATOS TECNICOS.docx,FICHA DATOS TECNICOS.docx
velezrubio195,H79638516,velezrubio195\FICHA DE DATOS ACCESALIA.docx,FICHA DE DATOS ACCESALIA.docx
venanciomartin48,H80014046,venanciomartin48\FICHA DATOS TECNICOS.docx,FICHA DATOS TECNICOS.docx
viacomplutense24ydiegodetorres8,H79309308,1APROVINCIA\ALCALA DE HENARES\viacomplutense24ydiegodetorres8\FICHA DATOS TECNICOS.docx,FICHA DATOS TECNICOS.docx
vicentealeixandre15,H81806531,1APROVINCIA\HUMANES DE MADRID\vicentealeixandre15\FICHA DATOS.docx,FICHA DATOS.docx
vicentecamaron1,E78259629,vicentecamaron1\FICHA DATOS TECNICOS.docx,FICHA DATOS TECNICOS.docx
vidrieria3,H81833337,vidrieria3\FICHA DATOS.docx,FICHA DATOS.docx
villalon1,H48673833,1APROVINCIA\FUENLABRADA\villalon1\FICHA DATOS TECNICOS.docx,FICHA DATOS TECNICOS.docx
villamanin37,H79501508,villamanin37\FICHA DATOS TECNICOS.docx,FICHA DATOS TECNICOS.docx
villasandino10,H79649380,villasandino10\FICHA DATOS TECNICOS.docx,FICHA DATOS TECNICOS.docx
villaviciosadeodon2,H79098539,1APROVINCIA\FUENLABRADA\villaviciosadeodon2\FICHA DATOS TECNICOS.docx,FICHA DATOS TECNICOS.docx
virgendearanzazu23,H78170446,virgendearanzazu23\FICHA DATOS TECNICOS.docx,FICHA DATOS TECNICOS.docx
virgendeiciar15,H82954199,1APROVINCIA\ALCORCON\virgendeiciar15\FICHA DATOS TECNICOS.docx,FICHA DATOS TECNICOS.docx
virgendeiciar15escalera4,H82954199,1APROVINCIA\ALCORCON\virgendeiciar15escalera4\FICHA DATOS TECNICOS.docx,FICHA DATOS TECNICOS.docx
virgendeiciar22,H79764825,1APROVINCIA\ALCORCON\virgendeiciar22\FICHA DATOS.docx,FICHA DATOS.docx
virgendelaoliva49,H79112926,virgendelaoliva49\FICHA DATOS TECNICOS.docx,FICHA DATOS TECNICOS.docx
virgendelasnieves40,H80561541,1APROVINCIA\ARANJUEZ\virgendelasnieves40\FICHA DATOS TECNICOS.docx,FICHA DATOS TECNICOS.docx
virgendelcamino4,H81476640,1APROVINCIA\LEGANES\virgendelcamino4\FICHA DATOS TECNICOS.docx,FICHA DATOS TECNICOS.docx
virgendellluc140,H79488409,virgendellluc140\FICHA DATOS TECNICOS.docx,FICHA DATOS TECNICOS.docx
zamora6,H79997185,1APROVINCIA\FUENLABRADA\zamora6\FICHA DATOS.docx,FICHA DATOS.docx
zaragoza7,H79490132,1APROVINCIA\FUENLABRADA\zaragoza7\FICHA DATOS.docx,FICHA DATOS.docx
zuloaga7,H79716411,1APROVINCIA\PARLA\zuloaga7\FICHA DATOS.docx,FICHA DATOS.docx
