nombre_en_la_ficha|por_que_no|municipio|carpeta|contacto|telefono|correo
SERGIO|no esta en la lista|FUENLABRADA|venezuela2|||
SERGIO|no esta en la lista|ALCORCON|fuenlabrada13|||
SERGIO|no esta en la lista|FUENLABRADA|constitucion50|||esther.reicom@gmail.com
BEGOÑA E INMACULADA|no esta en la lista|FUENLABRADA|constitucion49|||619148748@orange.es
BEGOÑA E INMACULADA|no esta en la lista|FUENLABRADA|mostoles3portal3|||inmalopez55890@hotmail.com
ADMINISTRACIONES DONATE S.L.|no esta en la lista|FUENLABRADA|holanda11|||comunidades@addonate.es
ADMINISTRACIONES DONATE S.L.|no esta en la lista|FUENLABRADA|humera27|||comunidades@addonate.es
FUNCASE|no esta en la lista|FUENLABRADA|chipre1|||fincase@fincase.net
Fermin Monge|no esta en la lista|ALCOBENDAS|paseodelachopera85|||
A través de Edgar Delgado|no es un administrador: es una frase de nota|FUENLABRADA|humera2|Evelyn G-7||comunidades@addonate.es
ADMINISTRACION AEA FINCAS|ambiguo: 4 candidatas (AEA FINCAS FUENLABRADA, AEA FINCAS LEGANES, AEA FINCAS MOSTOLES)|FUENLABRADA|estacion1|||fuenlabrada@aeafincas.es
Contacto a través de Schindler|no es un administrador: es una frase de nota|ALCOBENDAS|isladecorcega3|||cp.parquecataluna.alcobendas@educa.madrid.org
CONSTRUCTIVE SOLUTIONS 2019 SL|no esta en la lista|FUENLABRADA|fatima8|JOSE MANUEL CARRASCO ALCOLEA|656836178|DATOS CONSTRUCTOR
NO TIENEN|no es un administrador: es una frase de nota|FUENLABRADA|holanda10|||hermenegildo.chavero@tkelevator.com
GES CINCO|no esta en la lista|FUENLABRADA|migueldeunamuno25|||
SONIA|no esta en la lista|FUENLABRADA|avfranciscojaviersauquillo30|||sonia@gonzalodiez.com
NO HAY YA (ENERO 2022)|no es un administrador: es una frase de nota|FUENLABRADA|hispanidad3|||marisolveliz44@gmail.com
A TRAVES DE DAVID CAMARA|no es un administrador: es una frase de nota|ALCORCON|trujillo3|Patricia|912391888|patricia@gestoriaegg.es
MONTESOCHOA|no esta en la lista|FUENLABRADA|lasnieves5|||fincas@administracionmontesochoa.es
