monton,administrador,veces,es_tuyo,por_que,se_parece_a,parecido,telefonos,dominios,donde_sale,otras_grafias,se_limpio
0 no es nada,NO TIENEN,6,,,,0.0,,"schindler.com, tkelevator.com",ALCALA DE HENARES / granados2 ; ALCOBENDAS / franciscadelgado7 ; ALGETE / avmonte89 - urb santodomingo ; FUENLABRADA / holanda10 ; SAN SEBASTIAN DE LOS REYES / avcolmenarviejo29 ; SAN SEBASTIAN DE LOS REYES / real7,"COMUNIDADES AZAÑA, SL | A TRAVES DE JAVIER PARRA PEDIDOS DOCS CP 22/09 | No tienen",
0 no es nada,NO HAY YA (ENERO 2022),1,,,FINCAS LA TORRE 2022,0.25,,,FUENLABRADA / hispanidad3,,
0 no es nada,"No tienen administrador, pedirlo todo al presidente Pedidos docs cp a Ignacio 26/06",1,,,,0.0,,,PINTO / poetavillaespesa2,,
1 ya esta en tu lista,MARCAL ASESORES,42,MARCAL ASESORES (COLMENAR VIEJO),mismo telefono (910540132),,,"910540132, 916931658",marcalasesores.com,COLMENAR VIEJO / santodomingodeguzman5 ; LEGANES / alcarria60 ; LEGANES / alheli2 ; LEGANES / ampurdan7 ; LEGANES / avdelamancha15 ; LEGANES / avdrfleming32 ; LEGANES / avfuenlabrada109 ; LEGANES / avreyjuancarlosI72-74 ; LEGANES / barrionuevo6 ; LEGANES / batalladeclavijo1 ; LEGANES / batalladetrafalgar18 ; LEGANES / batallatrafalgar3 ; LEGANES / calderondelabarca8 ; LEGANES / covadonga28 ; LEGANES / extremadura1 ; LEGANES / fuencisla4 ; LEGANES / fuenlabrada95 ; LEGANES / garcilaso8 ; LEGANES / guante8 ; LEGANES / indias16 ; LEGANES / juandemariana3 ; LEGANES / madrid4 ; LEGANES / nuestraseñoradebegoña1 ; LEGANES / nuestraseñoradecovadonga13 ; LEGANES / nuestraseñoradecovadonga15 ; LEGANES / nuestraseñoradelamacarena9 ; LEGANES / paloma5 ; LEGANES / plazasalvador8 ; LEGANES / rioduero12 ; LEGANES / rioduero29 ; LEGANES / rioebro4 ; LEGANES / riogenil4 ; LEGANES / riomanzanares31 ; LEGANES / riotajo20 ; LEGANES / rioturia2 ; LEGANES / sangregorio2 ; LEGANES / sangregorio4 ; LEGANES / sanignacio10 ; LEGANES / sannicolas19 ; LEGANES / sanpablo10 ; LEGANES / santateresa8 ; LEGANES / seminario26,MARCAL | Marcal Asesores | Marcal asesores | MARCAL ASESORES COLMENAR VIEJO (DE 10 A 14H) | MONTORO ASOCIADOS | MARCAL ASESORES – OFICINA LEGANES CENTRO,seguimiento
1 ya esta en tu lista,ÁLVAREZ ASESORES,31,ALVAREZ ASESORES,mismo telefono (916640203),,,916640203,alvarezasesores.es,"FUENLABRADA / castillalavieja8 ; MOSTOLES / avCarlosV32 ; MOSTOLES / avCarlosV42 ; MOSTOLES / avcarlosV32-42yveracruz34 NUCLEO V VERSALLES ; MOSTOLES / avcarlosv47-49 ; MOSTOLES / avonu76 ; MOSTOLES / baleares34 ; MOSTOLES / castellon1 ; MOSTOLES / castellon15 ; MOSTOLES / castellon17 ; MOSTOLES / castellon19 ; MOSTOLES / empecinado13 ; MOSTOLES / empecinado17 ; MOSTOLES / esparta5 ; MOSTOLES / esparta7 ; MOSTOLES / estocolmo6 ; MOSTOLES / guadalajara6 ; MOSTOLES / helsinki7 ; MOSTOLES / isaacperal5 ; MOSTOLES / mariblanca8 ; MOSTOLES / montevideo2 ; MOSTOLES / montevideo3 ; MOSTOLES / niza2 ; MOSTOLES / pintorvelazquez65 ; MOSTOLES / pintorvelazquez75 ; MOSTOLES / salamanca1-3-5-7yempecinado23 ; MOSTOLES / simonhernandez29 ; MOSTOLES / simonhernandez43-45 ; MOSTOLES / simonhernandez44 ; MOSTOLES / valladolid8 ; MOSTOLES / viena2,4y6",ALVAREZ ASESORES | ALVARES ASESORES | Alvarez Asesores | ALVAREZ ASESORES HH CB | Álvarez Asesores | ÁLVAREZ ASESORES HH CB,seguimiento
1 ya esta en tu lista,ADMINISTRACION GOMEZ,23,ADMINISTRACION GOMEZ,mismo telefono (912883380),,,912883380,administraciongomez.com,LEGANES / alheli6 ; LEGANES / avdrmartinveguejaudenes22 ; LEGANES / aveuniversidad22 ; LEGANES / batalladeclavijo7 ; LEGANES / charco42 ; LEGANES / covadonga22 ; LEGANES / guadalupe9 ; LEGANES / jeromin23 ; LEGANES / nuestraseñoradelaalmudena2 ; LEGANES / nuestraseñoradelaalmudena5 ; LEGANES / nuestraseñoradelaesperanza3 ; LEGANES / nuestraseñoradelamacarena7 ; LEGANES / rioja27 ; LEGANES / rodrigodetriana5 ; LEGANES / sancristobal7 ; LEGANES / sanjustiniano1 ; LEGANES / sannicolas7 ; LEGANES / santarosa1 ; LEGANES / santarosa6 ; LEGANES / santateresa15 ; LEGANES / sanvaleriano1 ; LEGANES / torrubia7 - antes tenientegeneralmuslera7 ; LEGANES / virgendelcamino4,SILVIA Y SUSANA | Administración Gómez | AG ADMINISTRACION GOMEZ | ADMINISTRACIÓN GOMEZ PEDIDOS DOCS CP 24/06 | SUSANA | Administración gomez,seguimiento
1 ya esta en tu lista,MUPAN,20,MUÑOZ Y PANDO (MUPAN),mismo telefono (912271180),,,"912271180, 916904394","gestionmafer.es, mupan.es",FUENLABRADA / austria8 ; FUENLABRADA / avfranciscojaviersauquillo2 ; FUENLABRADA / brunete3 ; FUENLABRADA / francia25 ; FUENLABRADA / francia7 ; FUENLABRADA / humilladero5 ; FUENLABRADA / italia11 ; FUENLABRADA / leganes14 ; FUENLABRADA / mostoles3portal4 ; FUENLABRADA / oriente6 ; FUENLABRADA / oriente8 ; FUENLABRADA / paseosanantonio3 ; FUENLABRADA / paseosanantonio4 ; FUENLABRADA / paular1 ; FUENLABRADA / pelayos11 ; FUENLABRADA / polvoranca25 ; FUENLABRADA / sanandres2 ; FUENLABRADA / sanfranciscojavier2 ; FUENLABRADA / sanfranciscojavier3 ; FUENLABRADA / suiza17,"MUÑOZ PANDO ABOGADOS , S.L.P | Mupan | GESTION MAFER | MUÑOZ PANDO ABOGADOS SLP | MAFER | GESTION MAFER (ojo que la cdad les va a dejar nov. 2022)",seguimiento
1 ya esta en tu lista,Administración de Fincas Vizuete,18,ADMINISTRACION DE FINCAS VIZUETE,mismo telefono (916442122),,,916442122,,ALCORCON / avila3 ; ALCORCON / badajoz20 ; ALCORCON / bilbao1 ; ALCORCON / caceres48 ; ALCORCON / cañada22 ; ALCORCON / cañada8 ; ALCORCON / fuenlabrada15 ; ALCORCON / jaboneria36 ; ALCORCON / loscantos7-9 ; ALCORCON / luna12 ; ALCORCON / princesa12 ; ALCORCON / princesa25 ; ALCORCON / sierradealbarracin13 ; ALCORCON / sierradealbarracin17 ; ALCORCON / virgendeiciar15 ; ALCORCON / virgendeiciar15escalera4 ; ALCORCON / virgendeiciar17 ; ALCORCON / virgendeiciar22,"Administración de Fincas VIZUETE | VIZUETE | Administración de Fincas VIZUETE Pedidos docs cp 10/07, 17/07, 18/09 | ADMINISTRACION DE FINCAS VIZUETE",
1 ya esta en tu lista,LORMAN,17,"LORMAN ADMINISTRACIONES, S.L.",mismo telefono (916064913),,,"916064913, 916068726, 920368921",,FUENLABRADA / alava12 ; FUENLABRADA / alava14 ; FUENLABRADA / avprovincias16 ; FUENLABRADA / castillalanueva22 ; FUENLABRADA / castillalanueva33 ; FUENLABRADA / castillalanueva37bis ; FUENLABRADA / castillalanueva40 ; FUENLABRADA / comunidaddemadrid28 ; FUENLABRADA / leganes12 ; FUENLABRADA / palencia12 ; FUENLABRADA / paseodegranada3 ; FUENLABRADA / paseodelahaya2 ; FUENLABRADA / plazadelaalbufera11 ; FUENLABRADA / valdeserrano3 ; FUENLABRADA / zamora21 ; FUENLABRADA / zamora25 ; FUENLABRADA / zaragoza7,"LORMAN ADMINISTRACIONES | LORMAN ADMINISTRACIONES, S.L | Lorman | LORMAN ADMINISTRACIONES SL",seguimiento
1 ya esta en tu lista,IGM,17,IGM SERVICIOS JURIDICOS,mismo telefono (914989393),,,"912313358, 914989393",igmserviciosjuridicos.com,FUENLABRADA / argentina20 ; FUENLABRADA / avestados18 ; FUENLABRADA / avila8 ; FUENLABRADA / belen7 ; FUENLABRADA / canarias8 ; FUENLABRADA / comunidaddemadrid9 ; FUENLABRADA / delicias7 ; FUENLABRADA / honduras4 ; FUENLABRADA / lima5 ; FUENLABRADA / malaga28 ; FUENLABRADA / malaga40 ; FUENLABRADA / mostoles3portal2 ; FUENLABRADA / sanjose26 ; FUENLABRADA / sanjose9 ; PARLA / virgendelafuencisla8 ; SAN FERNANDO DE HENARES / avirun7 ; SAN FERNANDO DE HENARES / vergara18,IGM ABOGADOS | IGM SERVICIOS JURIDICOS | IGM Servicios | INMACULADA GARCIA | IGM servicios jurídicos | INMA ADMINISTRADORA,seguimiento
1 ya esta en tu lista,ROYMAR,13,ROYMAR,mismo dominio (gruporoymar.es),,,916906879,gruporoymar.es,FUENLABRADA / avespaña9 ; FUENLABRADA / eras5 ; FUENLABRADA / higueral1 ; FUENLABRADA / honda18 ; FUENLABRADA / lavega14 ; FUENLABRADA / plazavaldehondillo2 ; FUENLABRADA / plazavaldehondillo3 ; FUENLABRADA / pozuelo21 ; FUENLABRADA / pozuelo23 ; FUENLABRADA / sanandres5 ; FUENLABRADA / torrejon7 ; FUENLABRADA / villalba3 ; LEGANES / avdelamancha18,ROYMAR Recalamados docs cp 22/12,
1 ya esta en tu lista,AEA FINCAS,11,AEA FINCAS LEGANES,mismo telefono (910134517),,,"910134517, 916457810","administracionesfaro.com, aeafincas.es",FUENLABRADA / estacion1 ; FUENLABRADA / mostoles3portal8 ; FUENLABRADA / paular5 ; LEGANES / alcarria62 ; LEGANES / alcarria9 ; LEGANES / ampurdan12 ; LEGANES / sanandres1 ; LEGANES / sanclemente2 ; MOSTOLES / berardomartin12 ; MOSTOLES / cuestadelavirgen6 ; MOSTOLES / padilla8,ADMINISTRACION AEA FINCAS | ADMINISTRACIONES FARO | Administraciones Faro S.L | AEA FINCAS ADMINISTRACIONES FARO | LEGANES AEA FINCAS | AEA Fincas MOSTOLES,correo
1 ya esta en tu lista,PBM ASESORES,10,GRUPO EM,mismo telefono (916895799),,,"912271558, 916895799","gestoria-mym.com, grupoem.info, pbmasesores.com",ARANJUEZ / faisanes25 ; ARANJUEZ / moreras7 ; FUENLABRADA / austria9 ; FUENLABRADA / avprovincias46 ; FUENLABRADA / paseoolimpo16 ; FUENLABRADA / plazadepanticosa7 ; GRIÑON / cañadatoledana2 ; LEGANES / moraña24 ; LEGANES / rioaragon6 ; LEGANES / sonsoles4,"Pedidos docs cp 27/02 | Pedidos docs 02/11/22 | P.B.M. ASESORES Pedidos docs cp 14/03 | ROSARIO MOLANO ADMINISTRACIÓN HUMANFINCAS, S.L | Pedidos docs cp 23/11/22 | Pedidos docs cp 02/07/25",
1 ya esta en tu lista,ALCORA,10,ADMINISTRACIONES ALCORA,mismo dominio (administracionesalcora.es),,,916150975,"administracionesalcora.es, ayto-fuenlabrada.es, fainascensores.com",FUENLABRADA / avprovincias10 ; FUENLABRADA / avprovincias14 ; FUENLABRADA / castillalavieja10 ; FUENLABRADA / italia35 ; FUENLABRADA / mostoles3portal7 ; FUENLABRADA / paseodegranada2 ; FUENLABRADA / soria1 ; FUENLABRADA / villalon1 ; FUENLABRADA / zamora1-3-5 ; GETAFE / avbuenosaires15,"ADMINISTRACIONES ALCORA | Administraciones Alcora,S.L Pedidos docs cp 20/02 | ADMINISTRACIONES ALCORA, S.L. B85638088 COMPROMISO | Administraciones Alcora,S.L",seguimiento
1 ya esta en tu lista,MONGE,9,FINCAS MONGE,mismo telefono (917049044),,,917049044,fincasmonge.es,ALCOBENDAS / concilio17 ; ALCOBENDAS / dosdemayo28 ; ALCOBENDAS / franciscobaenavaldemoro9 ; ALCOBENDAS / jarama24 ; ALCOBENDAS / marquesdevaldavia73 ; ALCOBENDAS / marquesdevaldavia76 ; ALCOBENDAS / miraflores12 ; ALCOBENDAS / miraflores6-8 ; ALCOBENDAS / paulinoaguadobaena5,"Administración de Fincas Monge, S.L | FINCAS MONGE | Administración de Fincas Monge | FINCAS MONGE PEDIDOS DOCS CP A 30/01/2025",seguimiento
1 ya esta en tu lista,FINCAS EN CASA,9,FINCAS ENCASA,mismo telefono (916079918),,,916079918,fincasencasa.com,FUENLABRADA / callao21 ; FUENLABRADA / callao31 ; FUENLABRADA / callao35 ; FUENLABRADA / callao48 ; FUENLABRADA / castillejos23 ; FUENLABRADA / holanda3 ; FUENLABRADA / hungria4 ; FUENLABRADA / islasbritanicas26 ; FUENLABRADA / torrejon9,FINCAS EN CASA. Encasa Administración de Fincas del Sur S.L. B88036405 | FINCAS EN CASA Pedidos datos 26/04/2023 | FINCAS EN CASA Pedidos docs 31/01,seguimiento
1 ya esta en tu lista,Elena Villaraco Moreno,8,VILLARACO ASESORES,mismo telefono (918787609),,,918787609,villaracoasesores.com,ALCALA DE HENARES / alvarodebazan4 ; ALCALA DE HENARES / barberanycollar20 ; ALCALA DE HENARES / barberanycollar48 ; ALCALA DE HENARES / barberánycollar13 ; ALCALA DE HENARES / barberánycollar15 ; ALCALA DE HENARES / barberánycollar17 ; ALCALA DE HENARES / nueva6 ; ALCALA DE HENARES / viacomplutense24ydiegodetorres8,VILLARACO ASESORES,correo
1 ya esta en tu lista,"Asiem, S.L",8,ASIEM,mismo telefono (916781713),,,916781713,asiem.es,TORREJON DE ARDOZ / belgrado2 ; TORREJON DE ARDOZ / belgrado3 ; TORREJON DE ARDOZ / londres13 ; TORREJON DE ARDOZ / londres15 ; TORREJON DE ARDOZ / milan1 ; TORREJON DE ARDOZ / milan3 ; TORREJON DE ARDOZ / milan7 ; TORREJON DE ARDOZ / milan9,"ASIEM SL | ASIEM ,S.L",seguimiento
1 ya esta en tu lista,GRUPO EMBLA,7,GRUPO EMBLA,mismo dominio (grupoembla.es),,,,grupoembla.es,ALCOBENDAS / conciclio11 ; SAN SEBASTIAN DE LOS REYES / avcolmenarviejo17 ; SAN SEBASTIAN DE LOS REYES / avcolmenarviejo18 ; SAN SEBASTIAN DE LOS REYES / principe7 ; SAN SEBASTIAN DE LOS REYES / realvieja8 ; SAN SEBASTIAN DE LOS REYES / sacramento38 ; SAN SEBASTIAN DE LOS REYES / travesiasanonofre4,Grupo EMBLA,seguimiento
1 ya esta en tu lista,González y López Abogados SCP,7,GONZALEZ Y LOPEZ ABOGADOS SCP,mismo telefono (916436293),,,"916435189, 916436293","gonzalezylopezabogados.es, gonzalezylopezabogados.esç",ALCORCON / alpes4 ; ALCORCON / caceres20 ; ALCORCON / lilos6 ; ALCORCON / malaga4 ; ALCORCON / malaga6 ; ALCORCON / mayor27 ; ALCORCON / sieteojos4,"GONZALEZ&LOPEZ, ABOGADOS, S.C.P | GONZALEZ&LOPEZ, ABOGADOS, S.C",
1 ya esta en tu lista,ASERPEMAR S.L,7,ASERPEMAR,mismo nombre,,,919126426,,FUENLABRADA / andalucia10 ; FUENLABRADA / andalucia6 ; FUENLABRADA / avestados1 ; FUENLABRADA / avestados4 ; FUENLABRADA / avfranciscojaviersauquillo22 ; FUENLABRADA / malaga26 ; FUENLABRADA / nazaret32bis,ASERPEMAR,
1 ya esta en tu lista,ONIX ABOGADOS,7,ONIX ABOGADOS,mismo telefono (910462133),,,910462133,onixabogados.com,FUENLABRADA / mirasierra1 ; FUENLABRADA / nazaret1 ; FUENLABRADA / nazaret14 ; FUENLABRADA / nazaret8 ; FUENLABRADA / paseodoctorseveroochoa10 ; FUENLABRADA / sanandres1 ; FUENLABRADA / villaviciosadeodon2,FINCAS ONIX Pedidos docs cp 23/04 | FINCAS ONIX | ONIX ABOGADOS Pedidos docs cp a Oswaldo 18/02 | ONIX ABOGADOS S.L | Onix Abogados S.L,
1 ya esta en tu lista,"GTA, S.L",6,GTA,mismo telefono (918818853),,,918818853,gtasl.com,ALCALA DE HENARES / castilla1 ; ALCALA DE HENARES / frayjuangil3 ; ALCALA DE HENARES / juansebastianelcano4 ; ALCALA DE HENARES / puenterialto1 ; ALCALA DE HENARES / santander8 ; TORREJON DE ARDOZ / arroyo1,"GTA, S.L. Pedidos docs cp 24/01/2025",
1 ya esta en tu lista,Yara Asesores,6,YARA ASESORES,mismo telefono (916907211),,,916907211,"gestoriayara.com, yaraasesores.com",FUENLABRADA / cruzdeluisa11 ; FUENLABRADA / eras9 ; FUENLABRADA / francia5 ; FUENLABRADA / losangeles6 ; FUENLABRADA / paseochile10 ; FUENLABRADA / paseodoctorseveroochoa2,YARA ASESORES | YARA GESTORÍA ADMINISTRATIVA,
1 ya esta en tu lista,ADMINISTRACIONES DONATE S.L,6,ADDONATE,mismo dominio (addonate.es),,,,addonate.es,FUENLABRADA / holanda11 ; FUENLABRADA / humera16 ; FUENLABRADA / humera2 ; FUENLABRADA / humera27 ; FUENLABRADA / plazaparis2 ; FUENLABRADA / villalba9,ADDONATE | ADDONATE PEDIDOS DOCS A OSWALDO 21/02 O CONTACTO DEL ADMINISTRADOR | A través de Edgar Delgado,
1 ya esta en tu lista,"NAYFER ASESORES, S.L",6,NAYFER ASESORES SL,mismo telefono (916834554),,,916834554,nayferasesores.com,FUENLABRADA / lima53 ; GETAFE / avreyescatólicos29 ; GETAFE / colibri5 ; GETAFE / maestroturina6 ; GETAFE / parla20 ; GETAFE / perdiz5,nayferasesores | ADMINIST. NAYFER ASESORES | NAYFER ASESORES,seguimiento
1 ya esta en tu lista,"ANTEGALIA, S.L",6,"ANTEGALIA, S.L.",mismo telefono (916938472),,,916938472,"antegalia.com, antegalia.es",LEGANES / avfuenlabrada92 ; LEGANES / nuestraseñoradeguadalupe7 ; LEGANES / nuestraseñoradelasangustias17 ; LEGANES / nuestraseñoradelosangeles4 ; LEGANES / nuñezdebalboa8 ; LEGANES / saavedrafajardo2,"ANTEGALIA | ANTEGALIA, S. L",
1 ya esta en tu lista,CRISTOBAL Y VILLALBA,6,CRISTOBAL Y VILLALBA,mismo nombre,,,916885942,cristobalyvillalba.com,LEGANES / batalladebrunete12 ; LEGANES / galicia2 ; LEGANES / ribeiro17 ; LEGANES / rioduero32 ; LEGANES / rioduero7 ; LEGANES / riomanzanares19,Cristobal y Villalba | Administración de Fincas | Cristóbal y Villalba,
1 ya esta en tu lista,Administración de Fincas HERNANDEZ & VAZQUEZ,5,HERNANDEZ Y VAZQUEZ,mismo telefono (916945721),,,916945721,hernandezyvazquez.com,LEGANES / covadonga18 ; LEGANES / nuestraseñoradelamacarena11 ; LEGANES / nuestraseñoradelosangeles6 ; LEGANES / nuestraseñoradelosangeles8 ; LEGANES / plazadelainmaculada6,HERNANDEZ Y VAZQUEZ | MANUEL VAZQUEZ,
1 ya esta en tu lista,AGISA,5,AGISA,mismo telefono (916466838),,,916466838,agisa.es,MOSTOLES / badajoz35 ; MOSTOLES / bolivia10 ; MOSTOLES / burgos6 ; MOSTOLES / guadalupe3 ; MOSTOLES / juanramonjimenez7,AGISA (MOSTOLES),seguimiento
1 ya esta en tu lista,GRUPO EMBLA (JUAN DE LEON),4,GRUPO EMBLA,mismo dominio (fincas-embla.es),,,,fincas-embla.es,ALCOBENDAS / sanvicente18 ; ALCOBENDAS / valladolid11 ; SAN SEBASTIAN DE LOS REYES / año1492n6 ; SAN SEBASTIAN DE LOS REYES / valenciadedonjuan3,,
1 ya esta en tu lista,GESTAFIN,4,GESTAFIN,mismo telefono (916983684),,,916983684,gestafin.es,ALCORCON / avdelasflores79-81 ; PARLA / fuentebella28 ; PARLA / jaimeIelconquistador39 ; PARLA / rioguadalquivir3,,
1 ya esta en tu lista,Administración de Fincas Juanas,4,ADMINISTRACION DE FINCAS JUANAS,mismo telefono (916838566),,,916838566,gestoresmadrid.org,GETAFE / avangeles6 ; GETAFE / avaragon14 ; GETAFE / avespaña33 ; GETAFE / valencia10,ADMINISTRACIÓN - JUANAS,seguimiento
1 ya esta en tu lista,SM FINCAS,4,SM FINCAS,mismo dominio (smfincas.es),,,,smfincas.es,LEGANES / ampurdan22 ; LEGANES / polvoranca26 ; LEGANES / rioduero44 ; LEGANES / sanjuan10,SMFINCAS,
1 ya esta en tu lista,GABINETE 4,4,GABINETE CUATRO,mismo telefono (916898082),,,916898082,,LEGANES / animas3 ; LEGANES / calderondelabarca5 ; LEGANES / plazahernancortes6 ; LEGANES / rioguadalquivir12,GABINETE 4 ADMON DE FINCAS/ABOGADOS | GABINETE 4 ABOGADOS,seguimiento
1 ya esta en tu lista,MARIA JOSE HIPOLA MARUGAN,4,Mª JOSÉ HIPOLA MARUGÁN,mismo telefono (916932091),,,916932091,hipola.es,LEGANES / aragon11 ; LEGANES / baleares4 ; LEGANES / galicia7 ; LEGANES / mallorca12,Mª JOSÉ HIPOLA MARUGÁN,
1 ya esta en tu lista,ADMINISTRACIONES METROPOL,4,METROPOL (LEGANES),mismo telefono (916949004),,,916949004,grupometropol.es,LEGANES / mallorca13 ; LEGANES / paseodecolon8 ; LEGANES / riomanzanares26 ; LEGANES / sancesareo2,ADMINISTRACION DE FINCAS METROPOL | METROPOL LEGANES,
1 ya esta en tu lista,OFIGEST,3,OFIGEST,mismo telefono (910098658),,,910098658,ofigest.es,ARANJUEZ / cuestadelasperdices33 ; ARANJUEZ / cuestadelasperdices37 ; ARANJUEZ / virgendelasnieves40,Ofigest,
1 ya esta en tu lista,ABOGADOS Y FINCAS COSLADA,3,ABOGADOS Y FINCAS COSLADA,mismo nombre,,,916719195,abogadoscoslada.com,COSLADA / albacete3 ; COSLADA / avlosprincipesdeespaña19 ; SAN FERNANDO DE HENARES / rafaelsanchezferlosio17,Abogados de Cosla | ABOGADOS COSLADA,
1 ya esta en tu lista,ADMINISTRADORES NOVAFINCAS,3,NOVAFINCAS,mismo telefono (916174249),,,916174249,administradoresnovafincas.es,FUENLABRADA / callao44 ; FUENLABRADA / callao50 ; FUENLABRADA / lima33,NOVAFINCAS | NOVAFINCAS ADMINISTRACIÓN,
1 ya esta en tu lista,Pinar y Muñoz Administracion S.L,3,"PINAR Y MUÑOZ ADMINISTRACION, SL",mismo telefono (916977211),,,916977211,administracionpinar.es,FUENLABRADA / plazadenicaragua3 ; FUENLABRADA / polvoranca23 ; FUENLABRADA / sanjoaquin24,Pinar y Muñoz Administracion | CARLOS,
1 ya esta en tu lista,M3 GESTIÓN,3,M3 GESTION,mismo telefono (914921889),,,"911400167, 914921889",m3gestion.es,FUENLABRADA / plazaparis6 ; FUENLABRADA / valladolid13 ; FUENLABRADA / zamora6,M3 GESTION ADMINISTRACION,seguimiento
1 ya esta en tu lista,ADMINISTRACIÓN Y GESTIÓN TROMPETA DE ORO,3,TROMPETA DE ORO,mismo telefono (914982016),,,914982016,trompetadeoro.com,HUMANES DE MADRID / madrid79 ; HUMANES DE MADRID / santiagoramonycajal9 ; HUMANES DE MADRID / vicentealeixandre15,ADMINISTRACION Y GESTION TROMPETA DE ORO,
1 ya esta en tu lista,INIESTA FOURNIER,3,INIESTA FOURNIER,mismo telefono (916937356),,,916937356,iniestafournier.com,LEGANES / getafe27 ; LEGANES / plazadelaflor6 ; LEGANES / torrubia4,INIESTA FOURNIER ASESORIA,
1 ya esta en tu lista,ASESORES AM,3,ASESORES AM,mismo telefono (918949422),,,918949422,,MOSTOLES / alfonsoxii10 ; MOSTOLES / alfonsoxii4 ; SAN SEBASTIAN DE LOS REYES / navasdetolosa7,A TRAVÉS DE ROSA RADAL SESE,
1 ya esta en tu lista,"GALVEZ RAMIREZ & ASOCIADOS, S.L",3,GALVEZ RAMIREZ & ASOCIADOS,mismo dominio (galvezramirez.com),,,916655566,galvezramirez.com,MOSTOLES / alfonsoxii16 ; MOSTOLES / alfonsoxii18 ; MOSTOLES / avdosdemayo71,"GALVEZ RAMÍREZ & ASOCIADOS, S. L | ADMINISTRACIÓN GALVEZ RAMIREZ",seguimiento
1 ya esta en tu lista,De Roseda & Asociados SL,3,DE ROSEDA & ASOCIADOS,mismo telefono (912482465),,,912482465,derosedaasociados.com,PARLA / AlfonsoXIII2 ; PARLA / travesiaisabelii3 ; PARLA / zuloaga7,DE ROSEDA & ASOCIADOS SL,
1 ya esta en tu lista,OAGALES,3,OFICINA ADMINISTRATIVA GALES,mismo telefono (911567462),,,911567462,oagales.com,PARLA / ciudades1 ; PARLA / fuentebella45 ; PARLA / olvido4,OA GALES | OFICINA ADMINISTRATIVA GALES,
1 ya esta en tu lista,GRUPO EBOLI TRES,3,GRUPO EBOLI TRES,mismo telefono (916925210),,,916925210,grupoebolitres.com,PINTO / PedroRubindeCelis28 ; PINTO / buenamadre6 ; PINTO / castilla13,GRUPO EBOLITRES,seguimiento
1 ya esta en tu lista,"AJALVIR ASESORES, S.L",2,AJALVIR ASESORES,mismo telefono (918843103),,,918843103,ajalvir.net,AJALVIR / valentinagarcialopez1 ; AJALVIR / valentinagarcialopez3,,
1 ya esta en tu lista,LHS ASESORES,2,PULIDO GESTION DE FINCAS,mismo telefono (912802222),,,912802222,"lhsasesores.com, pulidogestion.com",ALCALA DE HENARES / cartagena4portal4 ; ALCALA DE HENARES / luisvives11,PULIDO GESTIÓN DE FINCAS,seguimiento
1 ya esta en tu lista,SM ALCALA,2,SM ALCALA,mismo telefono (912853700),,,912853700,smalcala.es,ALCALA DE HENARES / hernancortes13 ; ALCALA DE HENARES / orquidea5,,seguimiento
1 ya esta en tu lista,MP MADRID,2,MADRID FINCAS,mismo dominio (madridfincas.es),,,,madridfincas.es,ALCALA DE HENARES / luistorres10 ; ARANJUEZ / faisanes15,MADRID FINCAS,
1 ya esta en tu lista,JUAN BAUTISTA JIMENEZ GOMEZ Pedidos docs 04/03/2024,2,JUAN BAUTISTA JIMENEZ GOMEZ,mismo telefono (918833343),,,"918833343, 918880525",icaah.com,ALCALA DE HENARES / plazavilladetalence2 ; ALCALA DE HENARES / vargasmachuca1,GARCIA TORO ABOGADOS,
1 ya esta en tu lista,Pedidos docs cp a Javier Parra 22/09,2,ADMINISTRACION SEROANDA,mismo telefono (918836571),,,918836571,seroanda.com,ALCALA DE HENARES / riocifuentes4 ; ALCALA DE HENARES / riotietar1,ADMINISTRACION SEROANDA,
1 ya esta en tu lista,GRUPO CUESTA BLANCA,2,GRUPO CUESTA BLANCA,mismo telefono (916506196),,,916506196,grupocuestablanca.es,ALCOBENDAS / cuestablanca2 ; ALCOBENDAS / mercedesizquierdo3,CUESTA BLANCA ADMON FINCAS,
1 ya esta en tu lista,CIUDADELA,2,CIUDADELA,mismo dominio (ciudadela.eu),,,"911987318, 919015088",ciudadela.eu,ALCORCON / arboleda1 ; ALCORCON / infantas9,,
1 ya esta en tu lista,MOSAN ABOGADOS PEDIDOS DOCS CP 12/03,2,MOSAN ABOGADOS,mismo telefono (916117285),,,916117285,grupomosan.es,ALCORCON / caceres30 ; ALCORCON / iglesia16portal4,GRUPO MOSAN ABOGADOS SLUP,
1 ya esta en tu lista,"A.F. SERRANO LOBO, S.L",2,SERRANO LOBO,mismo telefono (916198303),,,916198303,administracionserranolobo.com,ALCORCON / iglesia22 ; ALCORCON / santamarialablanca5,Pedidos datos a admin 18/01/22,seguimiento
1 ya esta en tu lista,GRUPO INTEGRA COMUNIDADES,2,GRUPO INTEGRA COMUNIDADES S.L.,mismo nombre,,,,grupointegra-comunidades.com,BOADILLA DEL MONTE / avisabeldefarnesio6 ; BOADILLA DEL MONTE / nueva2,Vanesa (A través de Schindler),seguimiento
1 ya esta en tu lista,GESYMAR,2,GESYMAR,mismo dominio (gesymar.es),,,,gesymar.es,FUENLABRADA / avregiones6 ; FUENLABRADA / migueldeunamuno24,,
1 ya esta en tu lista,DEHESPA GESTION L a v de 9 a 2 y martes y jueves de 5 a 7,2,"GESTION DEHESPA, SLU",mismo telefono (916944140),,,"916940063, 916944140",,FUENLABRADA / turquia22 ; LEGANES / calderondelabarca6,GESTION DEHESPA SLU,
1 ya esta en tu lista,ASESORIA GETAFE,2,ASESORIA GETAGE,mismo telefono (916950030),,,916950030,fincasasesoriagetafe.es,GETAFE / magdalena3 ; GETAFE / oriente19,ASESORIA GETAFE 2011,
1 ya esta en tu lista,ADMON HUMANFINCAS SL,2,"ADMINISTRACIÓN HUMANFINCAS, S.L",mismo dominio (humanfincas.com),,,,humanfincas.com,GRIÑON / nuevogriñon1 ; HUMANES DE MADRID / osiris17-19,HUMAN FINCAS ADMON,
1 ya esta en tu lista,ADMINISTRACION DIEZ MORA,2,ADMINISTRACION DIEZ MORA,mismo telefono (916871750),,,916871750,administraciondiezmora.es,LEGANES / avportugal23 ; LEGANES / sancarlosborromeo1,,
1 ya esta en tu lista,RIVERA,2,RIVERA,mismo telefono (912965670),,,"912965670, 919127722",administracionrivera.es,LEGANES / rioduero71 ; MOSTOLES / laspalmas43,Reme Vergara Departamento Gestión de Fincas www.administracionrivera.es,
1 ya esta en tu lista,GOMEZ NIEVA,2,GOMEZ NIEVA,mismo telefono (916184345),,,916184345,gomeznieva.es,MOSTOLES / becquer19 ; MOSTOLES / carcavilla7,ADMN. GOMEZ NIEVA,
1 ya esta en tu lista,"FINCAS LA TORRE 2002, S.L",2,FINCAS LA TORRE 2022,mismo telefono (916138553),,,916138553,,MOSTOLES / plazadosdemayo5 ; MOSTOLES / soria3,,
1 ya esta en tu lista,OLGA TREVIÑO GARCIA,2,OLGA TREVIÑO GARCIA,mismo dominio (admfincas.onmicrosoft.com),,,,admfincas.onmicrosoft.com,PINTO / federicogarcialorca42 ; PINTO / galicia8,,
1 ya esta en tu lista,"ADMINISTRACIONES REY Pedidos docs cp 23/06/2025, 18/09",2,ADMINISTRACIONES REY,mismo telefono (915652525),,,915652525,admicove.com,SAN SEBASTIAN DE LOS REYES / jarama1 ; SAN SEBASTIAN DE LOS REYES / realvieja5,ADMINISTRACION REY,
1 ya esta en tu lista,Mª Mar Rodríguez Cobo,1,MARIA MAR RODRIGUEZ COBO,mismo telefono (918845372),,,918845372,,AJALVIR / avjuancarlosI10A-B,,
1 ya esta en tu lista,Tania Macías,1,INMHO Gestion de la Propiedad (MOSTOLES),mismo dominio (inmho.es),,,,inmho.es,ALCALA DE HENARES / miguelmoncada5,,
1 ya esta en tu lista,ADMINISTRACION GEST HOUSE SL,1,GEST HOUSE,mismo telefono (910016931),,,910016931,gesthouse.es,ALCALA DE HENARES / santateresa2,,
1 ya esta en tu lista,FINCAS VERCO SL,1,FINCAS VERCO SL,mismo nombre,,,,,ALCOBENDAS / plazaconcordia1,,
1 ya esta en tu lista,"GESTIONES Y FINCAS BUJARUELO, S.L",1,"GESTIONES Y FINCAS BUJARUELO, S.L.",mismo telefono (916118195),,,916118195,,ALCORCON / mancomunidadloscastillosyviñagrande,,
1 ya esta en tu lista,ADMINISTRACION Rebolledo y Gaitan Pedidos datos a David Cámara y presupuesto firmado,1,ADMINISTRADOR REBOLLEDO Y GAITAN,mismo dominio (rebolledoygaitan.com),,,,rebolledoygaitan.com,ALCORCON / toledo2,,
1 ya esta en tu lista,Administración Mediterráneo,1,MEDITERRANEO,mismo nombre,,,,,ALGETE / mercado8,,
1 ya esta en tu lista,Cristina Hidalgo (se lo pide Coinsa,1,CRISTINA HIDALGO,mismo telefono (918925225),,,918925225,,ARANJUEZ / infantas13,,
1 ya esta en tu lista,"FINCAS RIOS Y GARCIA SLU Pedidos docs cp 21/08, 16/09 NO HAN MANDADO LA DOCUMENTACIÓN DE LA COMUNIDAD A 14/01/2026",1,FINCAS RIOS Y GARCIA,mismo telefono (916742910),,,916742910,rgfincas.es,COSLADA / mejico39,,
1 ya esta en tu lista,TORRES & ASOCIADOS,1,TORRES & ASOCIADOS,mismo telefono (916073543),,,916073543,,FUENLABRADA / alemania11,,
1 ya esta en tu lista,SONIA,1,GDA CONSULTORES,mismo dominio (gonzalodiez.com),,,,gonzalodiez.com,FUENLABRADA / avfranciscojaviersauquillo30,,
1 ya esta en tu lista,DPTO. DE ADMINISTRACIÓN DE FINCAS – ABOGADOS DEL PESO,1,ABOGADOS DEL PESO,mismo dominio (abogadosdelpeso.com),,,,abogadosdelpeso.com,FUENLABRADA / fatima6,,seguimiento
1 ya esta en tu lista,Aracasa Asesores S.L,1,ARACASA ASESORES,mismo telefono (916976200),,,916976200,aracasa.com,FUENLABRADA / habana41,,
1 ya esta en tu lista,"ABACO CONSULTORES Y ASESORES, S.L",1,"ABACO CONSULTORES Y ASESORES, S.L.",mismo telefono (916838484),,,916838484,gfecasesores.com,GETAFE / avgibraltar4-6-8,,
1 ya esta en tu lista,AGV ASOCIADOS,1,AGV ASOCIADOS,mismo nombre,,,,,GETAFE / brunete11,,seguimiento
1 ya esta en tu lista,BUFETE BAÑOS HIDALGO,1,BAÑOS & HIDALGO,mismo dominio (banoshidalgo.e.telefonica.net),,,,banoshidalgo.e.telefonica.net,GETAFE / capitancarloshaya8,,
1 ya esta en tu lista,CARRERO JIMENEZ ABOGADOS,1,CARRERO JIMENEZ ABOGADOS,mismo telefono (916820970),,,916820970,,GETAFE / titulcia12,,
1 ya esta en tu lista,ADMINISTRACIÓN DE FINCAS ÓSCAR GARCÍA MUÑOZ,1,OSCAR GARCIA MUÑOZ,mismo nombre,,,,,GETAFE / valdemorillo1,,seguimiento
1 ya esta en tu lista,GESTION Y JUSTICIA,1,GESTION Y JUSTICIA,mismo telefono (916108511),,,"916108511, 916113413",gestionyjusticia.es,HUMANES DE MADRID / madrid38-40,,
1 ya esta en tu lista,Admon Fincas Noroeste,1,Admon Fincas Noroeste,mismo telefono (916360991),,,916360991,noroestesl.com,LAS ROZAS / mieses2,,
1 ya esta en tu lista,"Adser Administracion y Servicios, S.L",1,ADSER,mismo nombre,,,,adser.es,LEGANES / ampurdan10,,
1 ya esta en tu lista,SERITEIDE,1,ADMINISTRACION SERITEIDE,mismo telefono (911377570),,,911377570,seriteide.com,LEGANES / avdrmendiguchiacarriche38,,
1 ya esta en tu lista,LEGALEX ASOCIADOS,1,LEGALEX,mismo dominio (abogadosleganes.es),,,,abogadosleganes.es,LEGANES / castilla20,,
1 ya esta en tu lista,"ADMINISTRACION DE FINCAS MAR-2003, S.L",1,MAR 2003,mismo telefono (916804410),,,916804410,mar2003.com,LEGANES / fraymelchorcano22,,seguimiento
1 ya esta en tu lista,MARIA DOLORES BURGOS,1,MARIA DOLORES BURGOS,mismo telefono (911109367),,,911109367,,LEGANES / plazadelasfloras7,,
1 ya esta en tu lista,ZOE ASESORES S.L,1,ZOE ASESORES,mismo nombre,,,912281183,zoeasesores.com,LEGANES / rioguadalquivir10,,seguimiento
1 ya esta en tu lista,GESCITY,1,GESCITY,mismo dominio (gescity.es),,,,gescity.es,LEGANES / rioja19,,
1 ya esta en tu lista,NORTE ASESORES,1,NORTE ASESORES,mismo telefono (916862607),,,916862607,norteasesoresce.com,LEGANES / seminario24,,
1 ya esta en tu lista,Gerardo Rubio Iglesias,1,GERARDO RUBIO IGLESIAS,mismo nombre,,,,,MEJORADA DEL CAMPO / elgreco12,,
1 ya esta en tu lista,ADELA PARRA ABOGADOS AEAFINCAS,1,ADELA PARRA ABOGADOS,mismo telefono (916133901),,,916133901,aparraabogados.es,MOSTOLES / albertoconti6,,
1 ya esta en tu lista,JD ADMINISTRACIÓN Y GESTIÓN S.L,1,JD ASESORES,mismo dominio (jdadmon.com),,,,jdadmon.com,MOSTOLES / avdosdemayo73,,
1 ya esta en tu lista,ADMINISTRA II,1,ADMINISTRA II,mismo dominio (administrados.es),,,,administrados.es,MOSTOLES / lacoruña2,,
1 ya esta en tu lista,"SANCHEZ ADMINISTRADOR DE FINCAS, S. L INMHO GESTION DE LA PROPIEDAD, SLU",1,INMHO Gestion de la Propiedad (MOSTOLES),mismo dominio (sanchezadministrador.com),,,,sanchezadministrador.com,MOSTOLES / maldonado4,,
1 ya esta en tu lista,ADMINISTRACIONES VALERO,1,VALERO,mismo dominio (administracionesvalero.es),,,,administracionesvalero.es,MOSTOLES / riogenil10,,
1 ya esta en tu lista,NUBAGES ADMINISTRACIÓN,1,NUBAGES,mismo dominio (nubages.es),,,,nubages.es,PARLA / gobernador8,,
1 ya esta en tu lista,AFIGECO Docs cp pedidos 26/10/22,1,AFIGECO,mismo telefono (916991416),,,916991416,afigeco.com,PARLA / pablocasals26,,
1 ya esta en tu lista,ADMINISTRACION FINCAS GARCIA RETAMOSA,1,GARCIA RETAMOSA,mismo nombre,,,916988709,,PARLA / sananton70,,
1 ya esta en tu lista,FINCALEX pedidos docs cp 10/03,1,FINCALEX,mismo telefono (916922095),,,916922095,fincalex.com,PINTO / salvadordali6,,
1 ya esta en tu lista,ACAYMA ASESORES - ABOGADOS ADMIN FINCAS,1,ACAYMA ASESORES,mismo telefono (915099737),,,915099737,acayma.com,POZUELO DE ALARCON / angelbarajas4,,seguimiento
1 ya esta en tu lista,ADMINISTRACIONES GAMBIN,1,ADMINISTRACIONES GAMBIN,mismo telefono (913511901),,,913511901,administracionesgambin.es,POZUELO DE ALARCON / tubo5,,
1 ya esta en tu lista,Antonio Lopez Romero,1,ANTONIO LOPEZ ROMERO,mismo nombre,,,,,SAN LORENZO DEL ESCORIAL / lepanto9,,
1 ya esta en tu lista,Pedidos docs cp a Javier González moya 01/07,1,INTEGRAL DE COMUNIDADES,mismo dominio (integraldecomunidades.es),,,,integraldecomunidades.es,SAN SEBASTIAN DE LOS REYES / hontanillas2,,
1 ya esta en tu lista,"FISCALSA ASESORES, S. L",1,"FISCALSA ASESORES, S. L",mismo telefono (916590266),,,916590266,fiscalsa.com,SAN SEBASTIAN DE LOS REYES / oriente3,,
1 ya esta en tu lista,"ADMON J M F ORTIZ, S.L",1,FINCAS ORTIZ,mismo nombre,,,916565512,jmfortiz.com,TORREJON DE ARDOZ / hilados12,,
1 ya esta en tu lista,Maravillas Millán Fernández NO HACEN FALTA,1,CERVANTES ADMINISTRADORES,mismo telefono (916566253),,,916566253,cervantesadministradores.com,TORREJON DE ARDOZ / maestroturina12,,seguimiento
1 ya esta en tu lista,"Grupo Integral de Administración y Asesoramiento Jurídico, S.L.P",1,GRUPO INTEGRAL DE ADMINISTRACION Y ASESORAMIENTO JURIDICO,mismo telefono (916564569),,,916564569,gintegral.net,TORREJON DE ARDOZ / palermo7,,
1 ya esta en tu lista,ITACA FINCAS,1,ITACA FINCAS,mismo telefono (912902838),,,912902838,itacafincas.net,TORRELAGUNA / santabarbara20,,
1 ya esta en tu lista,VESTALIA GESTION,1,VESTALIA GESTION,mismo dominio (vestaliagestion.com),,,,vestaliagestion.com,VALDEMORO / avmarmediterraneo79-109garaje,,
2 se parece a uno tuyo: confirmar,GESAHBOX. TENHOUSE,4,,,GESAHBOX,0.5,912858580,gesahbox.es,ALCALA DE HENARES / avvirgendelval47 ; ALCALA DE HENARES / doctoradealcala5 ; ALCALA DE HENARES / moral2 ; ALCALA DE HENARES / muelle6,GESAHBOX | GESAHBOX Pedidos docs a javier parra | GESAHBOX TENHOUSE,seguimiento
2 se parece a uno tuyo: confirmar,ANTONIO,2,,,ADMINISTRACION ANTONIO DELGADO,0.5,,,FUENLABRADA / nardos4 ; FUENLABRADA / villalba7,,
2 se parece a uno tuyo: confirmar,Adm Vidal Rubio Fernandez,2,,,VIDAL RUBIO,0.5,,administracionfincasleganes.com,LEGANES / avdrfleming14 ; LEGANES / baleares8,VIDAL RUBIO ADMINISTRADOR DE FINCAS,
2 se parece a uno tuyo: confirmar,CUBERO ABOGADOS B45746260,1,,,CUBERO ABOGADOS,0.5,,cuberoabogados.com,ALCALA DE HENARES / avcastilla2-4-6,,
2 se parece a uno tuyo: confirmar,Fermin Monge,1,,,FINCAS MONGE,0.5,,,ALCOBENDAS / paseodelachopera85,,
2 se parece a uno tuyo: confirmar,ADMINISTRACIONES BUJARUELO,1,,,"GESTIONES Y FINCAS BUJARUELO, S.L.",0.5,,bujaruelo.es,ALCORCON / portocolon10,,
2 se parece a uno tuyo: confirmar,Addendum Abogados ABOGADOS Y FINCAS COSLADA,1,,,ABOGADOS Y FINCAS COSLADA,0.5,,,COSLADA / avlosprincipesdeespaña17-19pry_conj,,
2 se parece a uno tuyo: confirmar,FINCAS M3 de Fuenlabrada,1,,,AEA FINCAS FUENLABRADA,0.5,,,FUENLABRADA / paseocares1,,
2 se parece a uno tuyo: confirmar,adm. encasa,1,,,FINCAS ENCASA,0.5,,fincasdelsur.es,FUENLABRADA / sanjoaquin19,,
2 se parece a uno tuyo: confirmar,SUSANA GOMEZ,1,,,ADMINISTRACION GOMEZ,0.5,,,LEGANES / alpujarras72,,
2 se parece a uno tuyo: confirmar,Vidal administraciones,1,,,VIDAL RUBIO,0.5,,,LEGANES / mallorca15,,
2 se parece a uno tuyo: confirmar,MONICA GONZALEZ,1,,,ADMINISTRACION GONZALEZ,0.5,,,MAJADAHONDA / avespaña37-39-41,,
2 se parece a uno tuyo: confirmar,ADMINISTRACIONES MOSTOLES S.L,1,,,AEA FINCAS MOSTOLES,0.5,,administracionesmostoles.com,MOSTOLES / avCarlosV39,,
"3 NUEVO, parece una empresa",GSN gestion y administracion de fincas SL,11,,,,0.0,,gsngestion.es,VILLAVICIOSA DE ODON / abrevadero2portal10 ; VILLAVICIOSA DE ODON / abrevadero2portal12 ; VILLAVICIOSA DE ODON / abrevadero2portal14 ; VILLAVICIOSA DE ODON / abrevadero2portal16 ; VILLAVICIOSA DE ODON / abrevadero2portal2 ; VILLAVICIOSA DE ODON / abrevadero2portal4 ; VILLAVICIOSA DE ODON / abrevadero2portal42 ; VILLAVICIOSA DE ODON / abrevadero2portal6 ; VILLAVICIOSA DE ODON / abrevadero2portal8 ; VILLAVICIOSA DE ODON / abrevadero2zonascomunes-garaje ; VILLAVICIOSA DE ODON / guadalajara22,Administración GSN,
"3 NUEVO, parece una empresa",SANCHEZ Y LOZANO,4,,,Lozano Masipie SLP,0.33,916065325,asesoriasl.com,FUENLABRADA / luissauquillo59 ; FUENLABRADA / pozuelo19 ; FUENLABRADA / sanandres20 ; FUENLABRADA / villalba5,"SANCHEZ & LOZANO CONSULTING, S.L | Sanchez y Lozano",
"3 NUEVO, parece una empresa",Administración de Fincas Gabino León Cuesta,2,,,CUESTA Y ARESTE,0.25,916727000,,COSLADA / begoña2 ; COSLADA / nuestraseñoradelloreto1,,
"3 NUEVO, parece una empresa","Asesoría FJCabello Pedidos datos a Oswaldo (faltan las 2 actas, las pasarán en septiembre)",2,,,,0.0,,fjcabello.es,FUENLABRADA / angeles12 ; FUENLABRADA / angeles14,"Asesoría FJCabello (FALTAN LAS ACTAS, LAS MANDA EN SEPTIEMBRE)",
"3 NUEVO, parece una empresa",DOSAN ASESORES Y GESTORES DE INMUEBLES S.L,2,,,PULSO INMUEBLES,0.25,,dosan.es,FUENLABRADA / avandes13 ; FUENLABRADA / sevilla7,DOSAN SERVICIOS,
"3 NUEVO, parece una empresa",BEGOÑA E INMACULADA,2,,,,0.0,,orange.es,FUENLABRADA / constitucion49 ; FUENLABRADA / mostoles3portal3,,
"3 NUEVO, parece una empresa",VALENZUELA gestion (horario hasta las 6 no cierra a mediodía,2,,,,0.0,,valenzuelagestion.com,LEGANES / plazadelaflor8 ; LEGANES / sanvicente10,Sonia Martín Morales,
"3 NUEVO, parece una empresa",Administración Isabel Ruiz,1,,,JAVIER CARRETERO RUIZ,0.25,,,ALCALA DE HENARES / escuelaspias4,,
"3 NUEVO, parece una empresa",Dpto. de Comunidades,1,,,,0.0,,despachogaroz.com,ALCALA DE HENARES / santateresa8,,
"3 NUEVO, parece una empresa",Administración de Fincas Arco,1,,,,0.0,,,ALCORCON / alameda11,,
"3 NUEVO, parece una empresa",Juan Jose del Toro Molina,1,,,GARCIA TORO ABOGADOS,0.2,,consultoresreunidos.es,ALCORCON / paseocastilla1,,
"3 NUEVO, parece una empresa",Rosa Mª Rincón Redondo Administración de Fincas,1,,,Rosa Maria Carrasco Administradora,0.17,,eiconsultoria.com,ARANJUEZ / florida32,,
"3 NUEVO, parece una empresa",NO SE HAN PEDIDO DATOS PROMOTOR PORQUE ES UNA EMPRESA Y SOLAMENTE HAY QUE HACER UN INFORME,1,,,,0.0,,,ARGANDA DEL REY / laton8,,
"3 NUEVO, parece una empresa",GORDON ASESORES CB,1,,,,0.0,,,COLLADO VILLALBA / plazalosbelgas12,,
"3 NUEVO, parece una empresa","SAIZ ASESORES, S.L",1,,,,0.0,"918450764, 918452500",saizasesores.com,COLMENAR VIEJO / madrid2,,
"3 NUEVO, parece una empresa","Torres & Asociados Pedidos docs a novillo el 18/09, 24/09",1,,,TORRES & ASOCIADOS,0.25,,torresasociados.es,FUENLABRADA / alemania6,,
"3 NUEVO, parece una empresa",LIZÁN ADMINISTRACIÓN DE FINCAS S.L.U,1,,,,0.0,916901637,,FUENLABRADA / avandes11,,
"3 NUEVO, parece una empresa",ONIX ABOGADOS (SEPT 2022),1,,,ONIX ABOGADOS,0.33,,,FUENLABRADA / cuartel 1,,
"3 NUEVO, parece una empresa",AGV ASOCIADOS - EDUARDO GARIJO,1,,,AGV ASOCIADOS,0.33,,,FUENLABRADA / delicias1,,
"3 NUEVO, parece una empresa",CONSTRUCTIVE SOLUTIONS 2019 SL,1,,,,0.0,,,FUENLABRADA / fatima8,,
"3 NUEVO, parece una empresa",Administración de fincas. Asesoría jurídica. Correduría de s,1,,,,0.0,,,FUENLABRADA / migueldeunamuno25,,
"3 NUEVO, parece una empresa",SOLUTIONA FINCAS,1,,,,0.0,916972634,solutionafincas.com,FUENLABRADA / zamora28,,
"3 NUEVO, parece una empresa",Pedido a Alberto Calleja,1,,,,0.0,,,GETAFE / andalucia2,,seguimiento
"3 NUEVO, parece una empresa",GRUPO CR,1,,,,0.0,,,GETAFE / cuentasaltas1,,
"3 NUEVO, parece una empresa",IGUAL QUE RIOJA 54,1,,,,0.0,,,LEGANES / alcarria13,,
"3 NUEVO, parece una empresa",Rafael Leborán Alberca,1,,,,0.0,"912952933, 916954314",,LEGANES / avdrmartinveguejaudenes33-35-37,,
"3 NUEVO, parece una empresa",ADMINSTRACION DE FINCAS OFILEGA,1,,,,0.0,,,LEGANES / indias10,,
"3 NUEVO, parece una empresa",Clara Fernández Fernández Administradora de Fincas y Abogada,1,,,Rosa Maria Carrasco Administradora,0.14,916801267,clarafernandez.es,LEGANES / pensamiento5,,seguimiento
"3 NUEVO, parece una empresa",ASESORIA-ADMON. FINCAS,1,,,,0.0,,,LEGANES / polvoranca18,,
"3 NUEVO, parece una empresa",ALFONSO AMIGO DE ROPERO 699244851,1,,,,0.0,,,LEGANES / valles9,,
"3 NUEVO, parece una empresa",R & F abogados y asesores. Bermez Abogados y Asesores S.L,1,,,,0.0,916930961,rfabogadosyasesores.com,LEGANES / velasco19,,
"3 NUEVO, parece una empresa",Pedido a oscar lopez,1,,,FINCAS LOPEZ YUNTA,0.25,,,MOSTOLES / avcerroprieto7,,seguimiento
"3 NUEVO, parece una empresa",GALICIA OLMEDO FINCAS Y SERVICIOS,1,,,ANTONIO OLMEDO GORDO,0.25,,,MOSTOLES / carcavilla1,,
"3 NUEVO, parece una empresa","Admón.Fincas A.Barrera, S.L",1,,,,0.0,916640532,,MOSTOLES / españoleto5,,seguimiento
"3 NUEVO, parece una empresa","Pedidos docs cp 21/12/22, 04/01/2023",1,,,,0.0,,,MOSTOLES / oviedo9,,
"3 NUEVO, parece una empresa",VALENTIN SALCHEZ MORENO,1,,,GOMEZ Y MORENO,0.25,,chezmo.es,MOSTOLES / tenienteruiz2,,
"3 NUEVO, parece una empresa",ASESORIA JURIDICA PROLEY,1,,,,0.0,,,PARLA / enriquegranados 7A,,
"3 NUEVO, parece una empresa",SIGLO 21 ABOGADOS,1,,,,0.0,916644017,asesoriasiglo21.com,PARLA / fuentebella8,,
"3 NUEVO, parece una empresa",RAQUEL MARÍN ABOGADOS,1,,,,0.0,,,PARLA / jerusalen16,,
"3 NUEVO, parece una empresa",ADMIN B Y R,1,,,,0.0,,,PARLA / leganes12,,
"3 NUEVO, parece una empresa",IMPERIAL ADMINISTRACION DE FINCAS,1,,,,0.0,925954827,fincasimperial.es,POZUELO DE ALARCON / aragon-cerrolaza,,
"3 NUEVO, parece una empresa",JOSE ANTONIO GARCIA,1,,,ADMINISTRACION ANTONIO DELGADO,0.25,,jagarciadiaz.net,TORREJON DE ARDOZ / sanfelipe4,,
"3 NUEVO, parece una empresa",AURAL LEGIS ABOGADOS < >,1,,,,0.0,"912480607, 918956810",,VALDEMORO / andalucia9-9b-11,,
"3 NUEVO, parece una empresa",FINCAS ORTEGADELGADO,1,,,,0.0,918085988,fincasortegadelgado.com,VALDEMORO / paseodelarambla13,,
"4 NUEVO, nombre suelto: empresa o contacto?",SERGIO,11,,,,0.0,,,ALCALA DE HENARES / luistorres8 ; ALCORCON / fuenlabrada13 ; FUENLABRADA / constitucion50 ; FUENLABRADA / venezuela2 ; GETAFE / alvarodebazan23 ; GETAFE / avespaña34 ; GETAFE / brunete1 ; GETAFE / flordelis6 ; GETAFE / loto1 ; GETAFE / rosa3 ; POZUELO DE ALARCON / callejón Felipe González 1,,
"4 NUEVO, nombre suelto: empresa o contacto?",SANFER,7,,,,0.0,,,FUENLABRADA / francia15 ; FUENLABRADA / malaga2 ; FUENLABRADA / mostoles3portal5 ; FUENLABRADA / nardos2 ; FUENLABRADA / paseosanantonio5 ; FUENLABRADA / paseosanantonio6 ; FUENLABRADA / pelayos9,"ADMINISTRACIONES Y FINCAS SANFER, S.L",
"4 NUEVO, nombre suelto: empresa o contacto?",FINCASE,4,,,,0.0,,fincase.net,FUENLABRADA / avnaciones22 ; FUENLABRADA / chipre1 ; FUENLABRADA / plazaparis8 ; FUENLABRADA / pozuelo17,FUNCASE,
"4 NUEVO, nombre suelto: empresa o contacto?",ELITE GESTION,3,,,,0.0,916900382,"elecnor.com, elitegestion.net",FUENLABRADA / constitucion11 ; FUENLABRADA / plazaparis7 ; FUENLABRADA / uruguay2,ELITE GESTIÓN,
"4 NUEVO, nombre suelto: empresa o contacto?",MONTESOCHOA,2,,,,0.0,,administracionmontesochoa.es,FUENLABRADA / lasnieves5 ; FUENLABRADA / paseoolimpo7,MONTES OCHOA,
"4 NUEVO, nombre suelto: empresa o contacto?",SERVICASA,1,,,,0.0,,servicasasl.es,ALCORCON / cisneros24,,
"4 NUEVO, nombre suelto: empresa o contacto?",Addendum Abogados,1,,,,0.0,916690990,,COSLADA / avlosprincipesdeespaña17,,
"4 NUEVO, nombre suelto: empresa o contacto?",SUSANA MEJIAS,1,,,,0.0,,,FUENLABRADA / habana27,,
"4 NUEVO, nombre suelto: empresa o contacto?",IMPE,1,,,,0.0,,,FUENLABRADA / italia15,,
"4 NUEVO, nombre suelto: empresa o contacto?",INMA,1,,,,0.0,,,FUENLABRADA / leganes18,,
"4 NUEVO, nombre suelto: empresa o contacto?",JORGE ADMINISTRADOR,1,,,,0.0,,,GETAFE / jacintobenavente24,,
"4 NUEVO, nombre suelto: empresa o contacto?",Alfredo Armenteros,1,,,Jose Linares Armenteros SL,0.25,,,LEGANES / avreyjuancarlosi33,,
"4 NUEVO, nombre suelto: empresa o contacto?",ROEN,1,,,,0.0,,roen.es,LEGANES / batallanavasdetolosa8,,
"4 NUEVO, nombre suelto: empresa o contacto?",ADMINISTRACION GEINSA,1,,,,0.0,,,LEGANES / plazadelasfloras5,,
"4 NUEVO, nombre suelto: empresa o contacto?",ANGEL FARELO,1,,,ANGEL GARCIA CRUZ,0.25,,,LEGANES / rioja57,,seguimiento
"4 NUEVO, nombre suelto: empresa o contacto?",PURIFICACIÓN FERNÁNDEZ,1,,,,0.0,,pfabogada.com,PARLA / lagotiberiades8,,
"4 NUEVO, nombre suelto: empresa o contacto?",ASESORES PORTILLO,1,,,,0.0,,asesportillo.com,SAN SEBASTIAN DE LOS REYES / graneros9,,
"4 NUEVO, nombre suelto: empresa o contacto?",ADMON ?,1,,,,0.0,,,SAN SEBASTIAN DE LOS REYES / pilar17,,
5 no hay administrador: lo trae un tercero,A través de rosa,9,Atlantis Abogados y Administradores S.L.,mismo telefono (916441621),,,"916140865, 916441621",,ALCORCON / guadalajara3 ; ALCORCON / sanignacio6 ; ARANJUEZ / mariblanca10 ; MOSTOLES / pontevedra1 ; MOSTOLES / riogenil4 ; MOSTOLES / riotormes1 ; MOSTOLES / riotormes2 ; SAN SEBASTIAN DE LOS REYES / avsierra5 ; TORREJON DE ARDOZ / torrejon12,A TRAVES DE ROSA | A TRAVÉS DE ROSA | A TRAVÉS DE ROSA (OLIVARES) ANGELES MONTES | ( a través de Rosa ),correo+seguimiento
5 no hay administrador: lo trae un tercero,Trámites a través de Antonio Sevillano. Consultar a Javier Parra,2,FINCAS LOPEZ YUNTA,mismo telefono (916540546),,,"912291662, 916540546",afly.es,ALCOBENDAS / constitucion65 ; SAN SEBASTIAN DE LOS REYES / real9,fincas lopez yunta,
5 no hay administrador: lo trae un tercero,Contacto a través de Schindler,1,,,,0.0,,educa.madrid.org,ALCOBENDAS / isladecorcega3,,
5 no hay administrador: lo trae un tercero,A través de Javier parra de coinsa,1,,,ADELA PARRA ABOGADOS,0.2,,ascensorescoinsa.com,ALCORCON / avdeloeste1-3,,
5 no hay administrador: lo trae un tercero,A TRAVES DE DAVID CAMARA,1,,,DAVID DE FRUTOS ADMINISTRADOR DE FINCAS SLO S.L.U,0.2,912391888,gestoriaegg.es,ALCORCON / trujillo3,,
5 no hay administrador: lo trae un tercero,A través de pedro de inpe,1,,,PEDRO ALVAREZ VALVERDE,0.2,,,PARLA / fuentebella68,,
5 no hay administrador: lo trae un tercero,A TRAVES DE COINSA,1,,,,0.0,,,SAN FERNANDO DE HENARES / avzarauz29,,
