estado|municipio|carpeta|comunidad|comunidad_id
ok|ALCOBENDAS|concilio17|CONCILIO 17 ALCOBENDAS|1abdef88-b310-4b79-8ca0-57bb1ed06bea
ok|ALCOBENDAS|dosdemayo28|DOS DE MAYO 28 ALCOBENDAS|6f5f1f48-0276-472b-87dc-a838f04ba7ae
ok|ALCOBENDAS|franciscobaenavaldemoro9|FRANCISCO BAENA VALDEMORO 9 ALCOBENDAS|e7189169-553b-44ec-bff6-313bd735018e
ok|ALCOBENDAS|julianbaenadecastro4|JULIAN BAENA DE CASTRO 4 ALCOBENDAS|d969e229-0160-46a8-9d89-c7e6ded0e58c
ok|ALCOBENDAS|paulinoaguadobaena5|PAULINO AGUADO 5 ALCOBENDAS|57a99a77-2534-42ea-864b-5b1781bbf47e
ok|ALCORCON|alpes4|ALPES 4 ALCORCÓN|4849569d-967c-4901-8227-1365862b1644
ok|ALCORCON|avdelasflores79-81|AVDA. LAS FLORES 79-81 ALCORCON|ccfdb717-e966-4d84-bd22-9dd22054b599
ok|ALCORCON|caceres20|CACERES 20 ALCORCON|e617afd9-0c83-4912-91b6-676ae04f847b
ok|ALCORCON|caceres30|CACERES 30 ALCORCON|c0633831-8add-4b25-8d71-4056d3d9d0f8
ok|ALCORCON|caceres48|CACERES 48 ALCORCON|e69483d9-4424-4710-ae18-cc5ce5940805
ok|ALCORCON|cañada16|CAÑADA 16 ALCORCÓN|0032fcab-c6d8-42b5-bbdf-69a563bc1d9a
ok|ALCORCON|estacion1|ESTACION 1 ALCORCON|8d7ed74c-7756-4bcb-a593-e9b0f204967f
ok|ALCORCON|guadalajara3|GUADALAJARA 3 ALCORCON|fbd4e457-4a47-4873-ab0e-200c1b25d3a2
ok|ALCORCON|iglesia16portal1|IGLESIA 16 PORTAL 1 ALCORCON|f60091d1-1924-46d1-bc5e-c28a9d2f388a
ok|ALCORCON|iglesia16portal4|IGLESIA 16 PORTAL 4 ALCORCON|dc9b1b35-0ecb-4d04-8582-e08a8508b725
ok|ALCORCON|lilos6|LILOS 6 BIS PORTAL 1, 2|2ba89d3a-6069-4931-a9d4-ee1233776176
ok|ALCORCON|luna12|LUNA 12 ALCORCON|869a49cf-c79e-46e0-8b40-da6b222afad2
ok|ALCORCON|malaga4|MALAGA 4 ALCORCON|db6eff5c-6418-43b3-987c-493868228b72
ok|ALCORCON|mancomunidadloscastillosyviñagrande|MANCOMUNIDAD LOS CASTILLOS Y VIÑAGRANDE ALCORCON|43bbd312-4c93-4462-b682-d1b88f58a0e4
ok|ALCORCON|mayor27|MAYOR 27 ALCORCON|7b42dd5a-a2e6-4252-b475-664d7bb748e9
ok|ALCORCON|mayor80|MAYOR 80 ALCORCON|c6a8f35d-fa84-4e36-9e7e-06489492a83e
ok|ALCORCON|paseocastilla1|PASEO CASTILLA 1 ALCORCON|b180f7d9-55a1-46e6-9f17-c0b99bc6c051
ok|ALCORCON|santamarialablanca5|CDAD PROP CL SANTAMARIA LA BLANCA 3 Y 5 IGLESIA 22|d78890b9-52c1-40e6-b2e9-be473a1b97d7
ok|ALCORCON|toledo2|TOLEDO 2 ALCORCON|e4fbdd24-0acc-4f58-95bf-3cb7a82db98b
ok|FUENLABRADA|alava12|ALAVA 12 FUENLABRADA|59772082-15a7-44ad-8cd8-8ca4aa19f209
ok|FUENLABRADA|avprovincias8|AV PROVINCIAS 8 FUENLABRADA|bc6bdb8a-9f06-4fb3-8205-481cc1d5a16a
ok|FUENLABRADA|badajoz4|BADAJOZ 4 FUENLABRADA|f1f5eedb-f979-4729-acce-0a8a6a0b2be4
ok|FUENLABRADA|callao27|CALLAO 27 FUENLABRADA|38d64a2b-31b3-4d49-9d05-e1e56cd9315a
ok|FUENLABRADA|callao48|CALLAO 48 FUENLABRADA|3535e802-ce2a-4c8e-a6a2-59a199318adb
ok|FUENLABRADA|callao50|CALLAO 50 FUENLABRADA|8f353a9b-9a14-4599-9190-ae80a0462e18
ok|FUENLABRADA|castillalanueva22|CASTILLA LA NUEVA 22 FUENLABRADA|0d46eddf-9129-4f9c-be6b-93cb1c069508
ok|FUENLABRADA|castillalanueva37|CDAD PROP CL CASTILLA LA NUEVA N 37 BIS FUENLABRADA|1aeefaf3-8d4e-4526-8aa0-0663ea7caeb8
ok|FUENLABRADA|castillalavieja10|CASTILLA LA VIEJA 10 FUENLABRADA|b3e02781-78e8-4648-8299-89f119c03ac9
ok|FUENLABRADA|cruzdeluisa11|CRUZ DE LUISA 11 FUENLABRADA-|820170f9-01ca-47b7-aa1c-16583f83680c
ok|FUENLABRADA|higueral1|HIGUERAL 1 FUENLABRADA|650ca777-f2d6-47bc-a0e7-e9902c03ab08
ok|FUENLABRADA|lima16-24|LIMA 16-24 FUENLABRADA|09821798-137e-4c4d-9733-31a32f402b1f
ok|FUENLABRADA|lima33|LIMA 33 FUENLABRADA|be3cf8cf-551d-4063-ac4e-a759966c00e8
ok|FUENLABRADA|losangeles6|LOS ÁNGELES 6 FUENLABRADA-|ed85d7f0-c782-418c-a10f-9aa25eb1d101
ok|FUENLABRADA|migueldeunamuno20|MIGUEL DE UNAMUNO 20 FUENLABRADA|14110744-8dfb-4db5-94e1-9346df228631
ok|FUENLABRADA|migueldeunamuno27|MIGUEL DE UNAMUNO 27 FUENLABRADA|c63b05a4-4e4f-4485-a881-70f4244c462b
ok|FUENLABRADA|mirasierra1|MIRASIERRA 1 FUENLABRADA|d6e1ca12-7b92-4538-b80e-402bea64873b
ok|FUENLABRADA|mirasierra8|MIRASIERRA 8 FUENLABRADA|c6b3ed9a-91c5-4c8c-9ec4-a73ff6dd14cc
ok|FUENLABRADA|paseodoctorseveroochoa2|PASEO DOCTOR SEVERO OCHOA  2 FUENLABRADA|ad3f8f10-e964-4546-9e9e-ff653ac0ce34
ok|FUENLABRADA|paular1|PAULAR 1 FUENLABRADA|ad338dfc-9003-4c4b-ae79-843fd105c10d
ok|FUENLABRADA|plazadebogota7|PLAZA DE BOGOTÁ 7 FUENLABRADA|fafcc673-990b-4075-919b-97865120bf22
ok|FUENLABRADA|plazadelaalbufera11|PLAZA DE LA ALBUFERA 11 FUENLABRADA|e7c3e715-93db-4d1e-8950-d0f8f11c6882
ok|FUENLABRADA|polvoranca25|POLVORANCA 25 FUENLABRADA|95e877d4-0c2f-44f3-b5c7-5fcdfad01827
ok|FUENLABRADA|sanandres20|SAN ANDRES 20 FUENLABRADA|645d3921-b3a6-4be6-89d8-00cf46ed61b0
ok|FUENLABRADA|suiza17|SUIZA 17 FUENLABRADA|2dbdde20-a188-4e6e-b6b5-54973bebc0f6
ok|FUENLABRADA|valdemoro8|VALDEMORO 8 FUENLABRADA|243ee7cf-ac1f-4df0-a18d-e703f3e3ac0e
ok|FUENLABRADA|valladolid1|VALLADOLID 1 FUENLABRADA|a5dba58c-082b-4ad3-bf86-cf5bf86e536d
ok|FUENLABRADA|valladolid13|VALLADOLID 13 FUENLABRADA|3de00897-0399-4921-b19f-ef1be7dd93a2
ok|FUENLABRADA|villalon1|VILLALON 1 FUENLABRADA|703323e0-00a0-4de4-9efe-82e41ae27690
ok|GETAFE|albacete13|ALBACETE 13 GETAFE|539353ea-8617-4e83-9845-9397176f4804
ok|GETAFE|austria5|AUSTRIA 5 GETAFE|b0131a21-b390-4d46-921d-70318b547610
ok|GETAFE|avbuenosaires15|AV BUENOS AIRES 15 GETAFE|eb9c6c59-d01f-467c-8829-8599d4cc170a
ok|GETAFE|avespaña27|AV ESPAÑA 27 GETAFE|e5f0c248-8c09-48a4-8143-f966ff941d16
ok|GETAFE|avespaña33|AV ESPAÑA 33 GETAFE|b1a90840-96af-4540-bea6-b0e7ff8c6ee0
ok|GETAFE|avgibraltar4-6-8|AV GIBRALTAR 4-6-8 GETAFE|dac3be03-d559-40a8-819c-4e2488cf99d2
ok|GETAFE|brunete10|BRUNETE 10 GETAFE|127a5e24-8716-45f4-9503-d5a3580bf63c
ok|GETAFE|colibri5|COLIBRI 5 GETAFE|4ad2417a-f733-4893-9468-cc73172f150e
ok|GETAFE|isaacperal8|ISAAC PERAL 8 GETAFE|f9838293-92ec-4958-ba8b-3f0677224604
ok|GETAFE|magdalena3|MAGDALENA 3 GETAFE|3b6c24e3-d8ba-4b33-a8ac-08d5895fb47c
ok|GETAFE|parla20|PARLA 20 GETAFE|38e334e8-b97f-44e4-802e-695d3f4bf534
ok|GETAFE|perdiz5|PERDIZ 5 GETAFE|d2b2d08e-0c25-47a9-8301-54fdf0c5c8ba
ok|GETAFE|titulcia12|TITULCIA 12 GETAFE|b26f5956-43da-46d9-95c3-02b8dbcc4b1b
ok|GETAFE|valdemorillo1|VALDEMORILLO 1 GETAFE|4ac8318f-f46b-463c-8609-26a568551291
ok|GETAFE|valencia10|VALENCIA 10 GETAFE|cd317475-c624-42f6-a10a-704299a4048f
ok|LEGANES|alcarria60|ALCARRIA 60 LEGANES|02091844-48a8-44f1-bc41-9f44b051f542
ok|LEGANES|alheli2|ALHELI 2 LEGANES|c7df158b-3cd6-43fc-a578-ed0d343d1320
ok|LEGANES|alheli6|ALHELI 6 LEGANES|ff4f0628-4be9-42cf-8232-26d38f8c5e25
ok|LEGANES|ampurdan10|AMPURDAN 10 LEGANES|7dd75732-24dc-431d-99bc-2f3ee4967b05
ok|LEGANES|ampurdan12|AMPURDAN 12 LEGANES|90262df6-8f4d-4582-8b9b-2d032c64f483
ok|LEGANES|ampurdan22|AMPURDAN 22 LEGANES|822dd0de-0ae0-4b17-b78c-893fc60b57f2
ok|LEGANES|ampurdan7|AMPURDAN 7 LEGANES|10537403-b4a2-4596-8c4b-d8a96a173345
ok|LEGANES|animas3|ANIMAS 3 LEGANES|fc48fd58-4297-47f9-acbc-6830b239829a
ok|LEGANES|aragon11|ARAGON 11 LEGANES|aee2ebed-4594-40e4-af39-6ed9b7fab997
ok|LEGANES|aragon6|RIO ARAGON 6 LEGANES|adab8248-3b62-4223-999d-1003d4b56fad
ok|LEGANES|artico4|ARTICO 4 LEGANES|11c36e33-e40f-499f-802a-591ae160f858
ok|LEGANES|avangeles6|AV ANGELES 6 LEGANES|7443c409-daf7-49ff-b4a4-32f5e16cea2c
ok|LEGANES|avdelamancha15|AV DE LA MANCHA 15 LEGANES|7f415641-1d06-4906-afa3-e36bafb70554
ok|LEGANES|avdelamancha18|AV DE LA MANCHA 18 LEGANES|b9ddf9af-c4b8-4aaa-8a00-674f6c1f5631
ok|LEGANES|avdelamancha44|AVDA DE LA MANCHA 44 LEGANES|275a8e27-1fe1-4b35-9c70-4482451bd88c
ok|LEGANES|avdrfleming14|AV DR FLEMING 14 LEGANES|5d7ec944-ea42-4822-ab27-fcdda2c30cc5
ok|LEGANES|avdrfleming32|AV DR FLEMING 32 LEGANES|ecf3f64e-8c8f-4143-b4db-2c72684ebbc1
ok|LEGANES|avdrmendiguchiacarriche27|AV DR MENDIGUCHIA CARRICHE 27 LEGANES|c734e03c-2c6e-4f5c-917c-206e8bd696ad
ok|LEGANES|avdrmendiguchiacarriche38|AV DR MENDIGUCHIA CARRICHE 38 LEGANES|79b112b5-b95d-42f9-9f69-6998d78e471c
ok|LEGANES|aveuniversidad22|AV UNIVERSIDAD 22 LEGANES|5c31e73c-8dbc-4252-a54b-ab53857ad905
ok|LEGANES|avportugal23|AV PORTUGAL 23 LEGANES|ab7c070b-06d1-4db6-858b-7ae6b6d70348
ok|LEGANES|avreyjuancarlosI72-74|AV REY JUAN CARLOS I  72 - 74 LEGANES|7878b20a-bf9a-4769-9acb-9d4d234c6194
ok|LEGANES|baleares8|BALEARES 8 LEGANES|70280d18-caa2-45ed-83f1-d333d36449e6
ok|LEGANES|barrionuevo6|BARRIONUEVO 6 LEGANES|cea2d5e8-8c29-45b6-b0f3-139cb7a523dd
ok|LEGANES|batalladeclavijo7|BATALLA DE CLAVIJO 7 LEGANES|1dd68a9d-42f6-4b55-9658-ebbe2c4e9921
ok|LEGANES|batalladetrafalgar18|BATALLA DE TRAFALGAR 18 LEGANÉS|ae251804-8eb8-4a1c-9467-5543b149ad3e
ok|LEGANES|calderondelabarca5|CALDERÓN DE LA BARCA 5 LEGANES|769aaef9-5c80-4545-a8b9-93fce9471f5b
ok|LEGANES|calderondelabarca6|CALDERON DE LA BARCA 6 LEGANES|b3064788-1ed5-4f87-a23e-63fa0e3602e3
ok|LEGANES|calderondelabarca8|CALDERON DE LA BARCA 8 LEGANES|367f1b2f-d95b-4292-a3a4-08efee61bf59
ok|LEGANES|castilla20|CASTILLA 20 LEGANES|9e77c202-1f52-4a8f-a3ef-15f9a11e99f2
ok|LEGANES|covadonga18|COVADONGA 18 LEGANES|9a83bd58-ab11-49cc-b02a-8c52d619f7f8
ok|LEGANES|covadonga22|COVADONGA 22 LEGANES|f5e5d8f0-a21a-4fe0-8297-12bcf2dda425
ok|LEGANES|extremadura1|EXTREMADURA 1 LEGANES|bcec1db5-eab4-4acc-839e-008644d722ee
ok|LEGANES|fraymelchorcano22|FRAY MELCHOR CANO 22 LEGANES|81a01509-89f0-4dcb-ab29-5d0897469d93
ok|LEGANES|fuenlabrada95|AVDA FUENLABRADA 95 LEGANES|9cd1fbfa-1651-4dd1-9481-366308791898
ok|LEGANES|galicia2|GALICIA 2 LEGANES|e482c181-e887-47c8-b41b-1301ac6fb7a7
ok|LEGANES|galicia7|GALICIA 7 LEGANES|fd654d1f-930f-4205-8510-10bff4c72e0e
ok|LEGANES|getafe27|GETAFE 27 LEGANES|7f3f9d7b-c9f0-4882-8209-68fc812ea482
ok|LEGANES|guante8|GUANTE 8 LEGANES|f4aa501c-5bdc-4fb3-bca2-d82e2dbab1ce
ok|LEGANES|hernancortes22|HERNAN CORTES 22 LEGANES|4333c9bf-12c7-4696-b65d-127ff8e832cd
ok|LEGANES|jeromin23|JEROMIN 23 LEGANES|03090c5c-07fb-4d83-a295-eb7cc5e22a2a
ok|LEGANES|moraña24|MORAÑA 24 LEGANES|d860ff47-878d-49be-8bb1-f11fe76f78aa
ok|LEGANES|nuestraseñoradecovadonga13|COVADONGA 13 LEGANES|ba757700-7c64-439a-90ee-a781d9bc3032
ok|LEGANES|nuestraseñoradecovadonga15|COVADONGA 15 LEGANES|e354d881-2dc6-418b-a89f-36325b1d03d5
ok|LEGANES|nuestraseñoradelaesperanza3|NUESTRA SEÑORA DE LA ESPERANZA 3 LEGANES|927cae59-8fd2-4538-a012-a57269b0767e
ok|LEGANES|nuestraseñoradelamacarena7|NUESTRA SEÑORA DE LA MACARENA 7 LEGANES|fd9429dd-589e-4e90-9e1d-80f090159582
ok|LEGANES|nuestraseñoradelamacarena9|NUESTRA SEÑORA DE LA MACARENA 9 LEGANES|58f11df5-26f9-4155-9052-cb59c0cd7958
ok|LEGANES|nuestraseñoradelasangustias17|NUESTRA SEÑORA DE LAS ANGUSTIAS 17 LEGANES|e41c8b9d-83dc-49d5-a8d8-c0f821a46ff0
ok|LEGANES|nuestraseñoradelosangeles4|NUESTRA SEÑORA DE LOS ANGELES 4 LEGANES|9bfba63d-beda-4898-81d9-90fcb24cffc8
ok|LEGANES|nuestraseñoradelosangeles6|AV ANGELES 6 LEGANES|7443c409-daf7-49ff-b4a4-32f5e16cea2c
ok|LEGANES|nuestraseñoradelosangeles8|NUESTRA SEÑORA DE LOS ANGELES 8 LEGANES|61a7e82c-a36c-42b0-914d-c729b4d89f83
ok|LEGANES|paseodecolon8|PASEO DE COLON 8 LEGANES|f0ff85be-77e9-4d58-a2c6-030f6f3826ec
ok|LEGANES|plazadelaflor6|PLAZA DE LA FLOR 6 LEGANES|c9aa32f1-c4bf-4d95-9340-54a6983c8ece
ok|LEGANES|plazadelainmaculada6|PLAZA DE LA INMACULADA 6 LEGANES|b3d024ef-7946-439d-97ee-4515ce1d0cf5
ok|LEGANES|plazadelasfloras5|PLAZA DE LAS FLORAS 5 LEGANES|85a7f3b0-513e-4b03-902b-850e665e139e
ok|LEGANES|plazadelasfloras7|PLAZA DE LAS FLORAS 7 LEGANES|ab0ccf75-4273-4acc-9824-f551fd0c5a29
ok|LEGANES|plazahernancortes6|PLAZA HERNAN CORTES 6 LEGANES|6e00d556-5e4e-4033-aa98-c3b51af5d6d7
ok|LEGANES|polvoranca18|POLVORANCA 18 LEGANES|1172a0a7-46e5-45ef-9128-b81e8b235ef4
ok|LEGANES|polvoranca26|POLVORANCA 26 LEGANES|14fad579-f858-4c3e-92a9-85dbdb933862
ok|LEGANES|ribeiro17|RIBEIRO 17 LEGANES|1f58aef5-f23a-4bb8-bddd-22b372dacbd1
ok|LEGANES|rioaragon6|RIO ARAGON 6 LEGANES|adab8248-3b62-4223-999d-1003d4b56fad
ok|LEGANES|rioduero1|RIO DUERO 1 LEGANES|5edbf9f9-d774-458b-9520-7506eaaba1f1
ok|LEGANES|rioduero12|RIO DUERO 12 LEGANES|128d06d9-ee13-41c3-950f-063a613aa7f6
ok|LEGANES|rioduero32|RIO DUERO 32 LEGANES|ad7cb39b-bb2d-4131-8158-a8e69dc634f5
ok|LEGANES|rioduero44|RIO DUERO 44 LEGANES|d3b014a2-39ef-4cb6-801b-241ca9179b22
ok|LEGANES|rioduero65|RIO DUERO 65 LEGANES|47908a64-e236-4bf5-b2a7-22adada111fb
ok|LEGANES|rioduero71|RIO DUERO 71 LEGANES|1c51517a-f8b3-4f50-a5b2-c6b31b335c61
ok|LEGANES|rioguadalquivir10|RIO GUADALQUIVIR 10 LEGANES|19e5257a-224f-4bf9-b5ee-fdcb6a6532cf
ok|LEGANES|rioguadalquivir12|RIO GUADALQUIVIR 12 LEGANES|b0fcf5bc-481e-4180-9554-dbf2ecb78d28
ok|LEGANES|rioja19|RIOJA 19 LEGANES|034b36e9-c428-4c62-a542-367100c628f5
ok|LEGANES|riomanzanares22|RIO MANZANARES 22 LEGANES|20c4f3b5-eb8c-4098-bc5c-2ca45abcc15b
ok|LEGANES|riomanzanares26|RIO MANZANARES 26 LEGANES|c3f8882c-26c5-4fce-b2e0-edc4071a1f6b
ok|LEGANES|riomanzanares31|RIO MANZANARES 31 LEGANES|55eb6572-1527-4b3a-a204-faa50648e0f0
ok|LEGANES|rodrigodetriana5|RODRIGO DE TRIANA 5 LEGANES|214be79f-6314-4500-8cd7-407a2cf6dedb
ok|LEGANES|saavedrafajardo2|SAAVEDRA FAJARDO 2 LEGANES|8dd34fcc-c752-4f1b-8362-ea0d510c3de7
ok|LEGANES|sanandres1|SAN ANDRES 1 LEGANES|6a890bcb-f7b4-4aba-a8f3-2ca468b2e274
ok|LEGANES|sancesareo2|SAN CESAREO 2 LEGANES|0a5a62de-6f2b-4004-8936-f5142cd78c14
ok|LEGANES|sanclemente16|SAN CLEMENTE 16 LEGANES|6533c504-dd4c-4667-8b4f-8ab93fec5d07
ok|LEGANES|sanclemente2|SAN CLEMENTE 2 LEGANES|a5b57f02-e4eb-454e-aec6-b600a3f6dbf6
ok|LEGANES|sanfrancisco15|SAN FRANCISCO 15 LEGANÉS|99d59c0b-269b-4c83-92f3-260fe6f7f48b
ok|LEGANES|sangregorio4|SAN GREGORIO 4 LEGANES|ce3dae14-d8db-4c7c-a0c0-04ea947684b5
ok|LEGANES|sanjustiniano1|SAN JUSTINIANO 1 LEGANES|d322c444-e133-4ae7-a4f4-9bd79a361081
ok|LEGANES|sanlorenzo16|SAN LORENZO 16 LEGANES|8f8ee4d6-3dec-4352-878d-c690bd1a2ba8
ok|LEGANES|sannicolas19|SAN NICOLAS 19 LEGANES|3d0b4c50-949d-4770-bfe2-8c0a3a2c2cc7
ok|LEGANES|sanvaleriano1|SAN VALERIANO 1 LEGANES|148e11a4-02d9-497a-a724-eb8f75f9ba85
ok|LEGANES|sanvicente10|SAN VICENTE 10 LEGANES|363c7c0c-4345-4a74-a4c8-43449ced6b66
ok|LEGANES|seminario24|SEMINARIO 24 LEGANES|edfe0525-71db-4da3-827a-bf3ffcfff921
ok|LEGANES|sonsoles4|SONSOLES 4 LEGANES|decbb524-7859-46d9-8421-f020b42fc9af
ok|LEGANES|torrubia4|TORRUBIA 4 LEGANES|c2b09491-ce79-4b2e-9b4e-883a339a3636
ok|LEGANES|virgendelcamino17|VIRGEN DEL CAMINO 17 LEGANES|e27fcec4-6e36-4b01-8bb2-d326fa5432c3
ok|LEGANES|virgendelcamino4|VIRGEN DEL CAMINO 4 LEGANES|400b1766-1ae7-40b6-89c0-e9aeffbf8d1c
ok|MOSTOLES|albertoconti6|ALBERTO CONTI 6 MOSTOLES|eca21742-992c-4e59-97d9-9437492a2294
ok|MOSTOLES|alcaldedemostoles9|ALCALDE DE MÓSTOLES 9 MOSTOLES|2a689a1e-74ec-48cf-b2b9-aa2a6c34b5c3
ok|MOSTOLES|alfonsoxii10|ALFONSO XII 10 MOSTOLES|b5df378f-5f22-4505-a46a-abed6415c252
ok|MOSTOLES|alfonsoxii16|ALFONSO XII 16 MOSTOLES|9d6e0631-11b7-498c-bf26-e64c8b963924
ok|MOSTOLES|alfonsoxii18|ALFONSO XII 18 MOSTOLES|ab029b54-1513-48bf-95d4-351a19000d66
ok|MOSTOLES|alfonsoxii4|ALFONSO XII 4 MOSTOLES|dc3fc2a6-a9ca-4d2b-b1d5-dd89049763dc
ok|MOSTOLES|avCarlosV32|AV CARLOS V 32 MOSTOLES|32b4a6b3-5b08-41e3-ba81-5ecc2a4d900d
ok|MOSTOLES|avCarlosV42|AV CARLOS V 42 MOSTOLES|db11b817-cad9-4836-987b-686b9bcd4e01
ok|MOSTOLES|avcarlosv47-49|CARLOS V 47- 49 MOSTOLES|882ad367-e3db-42bb-a947-b7d1c147b751
ok|MOSTOLES|avdosdemayo71|AV DOS DE MAYO 71 MOSTOLES|4328bda0-b3fe-4d03-8844-e4c54b206aa1
ok|MOSTOLES|baleares34|BALEARES 34 MOSTOLES|efb6b6fe-3900-4ee7-836e-347385aa2570
ok|MOSTOLES|becquer19|BECQUER 19 MOSTOLES|febc48fc-41cd-456b-bde9-1c146c0a8030
ok|MOSTOLES|burgos6|BURGOS 6 MOSTOLES|5aaca7cb-ca8d-431b-8a0f-9fd6c094d0e8
ok|MOSTOLES|castellon1|CASTELLON 1 MOSTOLES|2c965c29-6533-4a84-bbb4-b939a22fd605
ok|MOSTOLES|castellon15|CASTELLON 15 MOSTOLES|bbaebee1-1c5a-4a39-bb31-db7e15c9adaf
ok|MOSTOLES|castellon17|CASTELLON 17 MOSTOLES|158fc1dc-06d3-4358-a859-5ed4ae881689
ok|MOSTOLES|cuestadelavirgen6|CUESTA DE LA VIRGEN 6 MOSTOLES|4aa38028-7eee-4fb3-875e-86ca36da321d
ok|MOSTOLES|empecinado3|SALAMANCA 1-3-5-7 Y EMPECINADO 23 MOSTOLES|4293c249-d6df-4f23-8474-19d07f8143e2
ok|MOSTOLES|estocolmo6|ESTOCOLMO 6 MOSTOLES|5856d68c-7259-40e0-bfad-064aaa419eeb
ok|MOSTOLES|guadalajara6|GUADALAJARA 6 MOSTOLES|237fca1c-1d81-4307-ab0d-519b13990d8b
ok|MOSTOLES|helsinki7|HELSINKI 7 MOSTOLES|a372174f-ad79-4d7c-883d-0271310d5dd0
ok|MOSTOLES|isaacperal5|ISAAC PERAL 5 MOSTOLES|ab4be8f6-9574-45e9-a9ae-bc0800132f48
ok|MOSTOLES|javiersauquillo7|FCO JAVIER SAUQUILLO 7 MOSTOLES|0d0aff3b-fa17-4e78-9bc7-497388ad3324
ok|MOSTOLES|lacoruña2|LA CORUÑA 2 MOSTOLES|16316b33-1471-4f11-8c72-fcfba138ffd9
ok|MOSTOLES|laspalmas43|LAS PALMAS 43 MOSTOLES|1f588ef9-20bf-486c-a7da-25a5c3285bf2
ok|MOSTOLES|maldonado4|MALDONADO 4 MOSTOLES|b6d0d858-1398-404d-9705-e6c4c49b0e3b
ok|MOSTOLES|mariblanca8|MARIBLANCA 8 MOSTOLES|d5cdf9f3-810d-4413-930c-e77b7b9427bf
ok|MOSTOLES|montevideo2|MONTEVIDEO 2 MOSTOLES|534d4359-ae3d-46fe-b79d-42d4b41c7fe1
ok|MOSTOLES|padilla4|PADILLA 4 MOSTOLES|fd443994-031d-45be-8cfa-28657f0bcb9b
ok|MOSTOLES|padilla8|PADILLA 8 MOSTOLES|1ce9993a-a9e6-4dab-b649-9a062b9dc681
ok|MOSTOLES|pintorvelazquez65|PINTOR VELAZQUEZ 65 MOSTOLES|4509e242-1633-4fbb-8e53-dfce958e0d10
ok|MOSTOLES|plazadosdemayo5|PLAZA DOS DE MAYO 5 MOSTOLES|55708fff-6019-4d47-9f0a-43e95b07e9fa
ok|MOSTOLES|pontevedra1|PONTEVEDRA 1 MOSTOLES|6f54e474-60a6-4fbe-ae79-c57cca18eb03
ok|MOSTOLES|riogenil10|RIO GENIL 10 MOSTOLES|0cbe0dba-9c07-4cf5-a63a-d6fe17fdccbf
ok|MOSTOLES|riogenil7|RIO GENIL 7 MOSTOLES|143bf581-7513-4b16-9b64-496f4cedd4e7
ok|MOSTOLES|riollobregat1|RÍO LLOBREGAT 1 MÓSTOLES|fc74de5b-1c4f-4a77-8e1e-f28e193e6060
ok|MOSTOLES|riollobregat12|RIO LLOBREGAT 12 MOSTOLES|fa3fecc9-794b-4d96-8cd6-db4370532e51
ok|MOSTOLES|riollobregat9|CALLE RIO LLOBREGAT 9 MOSTOLES|343fd3e1-1388-4387-bac1-5a27c19c6f51
ok|MOSTOLES|riotormes1|RIO TORMES 1 MOSTOLES|7f6cb787-9cb6-452c-ba1c-65f1a333e8c3
ok|MOSTOLES|simonhernandez43-45|SIMON HERNANDEZ 43-45 MOSTOLES|168f5b8a-0780-42d6-891f-e77e8c724e1a
ok|MOSTOLES|simonhernandez44|SIMON HERNANDEZ 44 MOSTOLES|5689ed3b-bc39-4f42-83a6-81dbe4b07140
ok|PARLA|AlfonsoXIII2|ALFONSO XIII 2 PARLA|545998a3-7a83-46fc-84c4-264284e2ab70
ok|PARLA|alfonsoXIII8|ALFONSO XIII 8 PARLA MADRID|24a38bfc-6fb8-4ae8-8d0f-37d2e02da5e0
ok|PARLA|ciudades1|CIUDADES 1 PARLA|7059667a-4c19-4303-b890-412009c6cdee
ok|PARLA|fuentebella28|FUENTEBELLA 28 PARLA|f39d8ca2-c561-41d4-b6e2-27aec9fea47f
ok|PARLA|fuentebella45|FUENTEBELLA 45 PARLA|6511cd52-40c3-4bae-b11d-1da841c3f89f
ok|PARLA|fuentebella68|FUENTEBELLA 68 PARLA|f4cb9b17-f2aa-4f22-96da-26796ba520c6
ok|PARLA|gobernador8|GOBERNADOR 8 PARLA|63843df9-b678-4f11-99f0-011144edbe25
ok|PARLA|lagotiberiades8|LAGO TIBERIADES 8 PARLA|376c083d-59bd-439e-957a-abfa299083d0
ok|PARLA|pablocasals26|PABLO CASALS 26 PARLA|edb5f1e6-6213-48bb-b313-4362261835c0
ok|PARLA|rioguadalquivir3|RIO GUADALQUIVIR 3 PARLA|08328d75-8119-4383-a663-e9f2371bd9d4
ok|PARLA|sananton70|SAN ANTON 70 PARLA|2d0f171e-e9c2-4b1c-8b3d-6667a4f7762e
ok|PARLA|travesiaisabelii3|TRAVESIA ISABEL II 3 PARLA|50561e3d-49ca-48ee-9f23-21c33764b322
ok|PARLA|virgendelafuencisla8|VIRGEN DE LA FUENCISLA 8 PARLA|61e8283a-5d32-4942-8784-6e814c2411d8
ok|PARLA|zuloaga7|ZULOAGA 7 PARLA|320266a7-0f01-42eb-b6ef-92032e65425e
ok|SAN SEBASTIAN DE LOS REYES|avaragon1|AVDA ARAGON 1 SAN SEBASTIAN DE LOS REYES|23c1d116-be91-4e78-b084-bc1cb2cba33a
ok|SAN SEBASTIAN DE LOS REYES|avcolmenarviejo18|AV COLMENAR VIEJO 18 SAN SEBASTIAN DE LOS REYES|8a2ab8d3-5804-456a-a425-9d159c0e2abc
ok|SAN SEBASTIAN DE LOS REYES|avcolmenarviejo4|AV COLMENAR VIEJO 4 SAN SEBASTIAN DE LOS REYES|2c082310-8b41-4f24-ab12-e54da7f5e67c
ok|SAN SEBASTIAN DE LOS REYES|avcolmenarviejo6|AV COLMENAR VIEJO 6 SAN SEBASTIAN DE LOS REYES|5220cfc2-2d38-405e-a114-e89de6f27d87
ok|SAN SEBASTIAN DE LOS REYES|avcolmenarviejo8|AV COLMENAR VIEJO 8 SAN SEBASTIAN DE LOS REYES|2ddc5da6-e9d2-4467-b63c-caa783e665b5
ok|SAN SEBASTIAN DE LOS REYES|avsierra5|AV SIERRA 5 SAN SEBASTIAN DE LOS REYES|77e35950-8671-41e2-87ee-309de7d0f170
ok|SAN SEBASTIAN DE LOS REYES|gregorioizquierdo53|GREGORIO IZQUIERDO 53 SSR|ea3bdd2e-c430-49ef-ba9f-72e0625f2651
ok|SAN SEBASTIAN DE LOS REYES|hontanillas2|HONTANILLAS 2 SAN SEBASTIAN DE LOS REYES|4cd26734-a595-45bb-be74-71252d4ff45f
ok|SAN SEBASTIAN DE LOS REYES|independencia43|INDEPENDENCIA 43 SAN SEBASTIAN DE LOS REYES|54bfaeab-b180-4ba9-af26-96690320dd1a
ok|SAN SEBASTIAN DE LOS REYES|jarama1|JARAMA 1 SAN SEBASTIAN DE LOS REYES|ee48a02c-17cc-43b1-946a-2f250c0b483c
ok|SAN SEBASTIAN DE LOS REYES|laprensa11|LA PRENSA 11 SSR|243129c6-3255-42d5-88a8-b17244cf9c32
ok|SAN SEBASTIAN DE LOS REYES|navasdetolosa7|NAVAS DE TOLOSA 7 SAN SEBASTIAN DE LOS REYES|d896b930-c883-403d-82c9-0cf317786301
ok|SAN SEBASTIAN DE LOS REYES|oriente3|ORIENTE 3 SAN SEBASTIAN DE LOS REYES|90faf234-ac05-4c7f-b8ad-d985a7aa5713
ok|SAN SEBASTIAN DE LOS REYES|picosdeolite18|PICOS DE OLITE 18 SAN SEBASTIAN DE LOS REYES|9d40e0be-e2fb-4263-9d4d-9ba00aa25485
ok|SAN SEBASTIAN DE LOS REYES|pilar17|PILAR 17 SAN SEBASTIAN DE LOS REYES|fdce8fb2-b593-409f-9d1c-23c503a943fd
ok|SAN SEBASTIAN DE LOS REYES|real7|REAL 7 SAN SEBASTIAN DE LOS REYES|82389c92-6ed3-4233-9cda-f7b63f041264
ok|SAN SEBASTIAN DE LOS REYES|real9|REAL 9 SAN SEBASTIAN DE LOS REYES|9f2c74f8-d563-4fd5-907c-47abd916dc24
ok|SAN SEBASTIAN DE LOS REYES|realvieja5|REAL VIEJA 5 SAN SEBASTIAN DE LOS REYES|e85ee091-40e2-4e11-a4b2-137d12171811
ok|SAN SEBASTIAN DE LOS REYES|realvieja8|REAL VIEJA 8 SAN SEBASTIAN DE LOS REYES|0291e0ef-54f7-4fa2-9278-3c447e8f383b
ok|SAN SEBASTIAN DE LOS REYES|sacramento38|SACRAMENTO 38 SSR|c8ef2a63-70ea-4780-9fa6-62adecb8e051
ok|SAN SEBASTIAN DE LOS REYES|travesiasanonofre4|TRAVESIA SAN ONOFRE 4 SAN SEBASTIAN DE LOS REYES|072aed94-4575-4dfa-8e5f-5e5ef67fba70
ok|SAN SEBASTIAN DE LOS REYES|valenciadedonjuan3|VALENCIA DE DON JUAN 3 SAN SEBASTIAN DE LOS REYES|9a1439bc-55ca-4eee-838c-12d280239fed
dudosa|FUENLABRADA|comunidaddemadrid28|"CDAD PROP CL COMUNIDAD DE MADRID FUENLABRADA || COMUNIDAD DE MADRID 28 FUENLABRADA"|
dudosa|FUENLABRADA|zamora12|"CDAD PROP ED ZAMORA CL ZAMORA FUENLABRADA || ZAMORA 12 FUENLABRADA"|
dudosa|FUENLABRADA|zamora21|"CDAD PROP ED ZAMORA CL ZAMORA FUENLABRADA || ZAMORA 21 FUENLABRADA"|
dudosa|LEGANES|polvoranca|"POLVORANCA 26 LEGANES || POLVORANCA 18 LEGANES"|
dudosa|MOSTOLES|avcarlosV32-42yveracruz34 NUCLEO V VERSALLES|"AV CARLOS V 42 MOSTOLES || AV CARLOS V 32 MOSTOLES"|
dudosa|MOSTOLES|esparta5|"ESPARTA 5  MOSTOLES || ESPARTA 5-7 MOSTOLES"|
dudosa|MOSTOLES|esparta7|"ESPARTA 5-7 MOSTOLES || ESPARTA 7  MOSTOLES"|
dudosa|MOSTOLES|salamanca1-3-5-7yempecinado23|"SALAMANCA 1-3-5-7 Y EMPECINADO 23 MOSTOLES || EMPECINADO 23 MOSTOLES || SALAMANCA 3 MOSTOLES || SALAMANCA 5 MOSTOLES || SALAMANCA 7 MOSTOLES"|
sin_pareja|ALCOBENDAS|conciclio11||
sin_pareja|FUENLABRADA|0-FAIN||
sin_pareja|FUENLABRADA|0-MODELOS||
sin_pareja|FUENLABRADA|0-plano urbano fuenlabrada dwg||
sin_pareja|FUENLABRADA|mejicosn||
sin_pareja|FUENLABRADA|paseocares1||
sin_pareja|FUENLABRADA|planos chalet codi||
sin_pareja|SAN SEBASTIAN DE LOS REYES|año1492n6||
