administrador_ficha,se_parecia_a,decision
MARCAL ASESORES,MARCAL ASESORES (LEGANES),el mismo
IGM,IGM SERVICIOS JURIDICOS,el mismo
MARCAL,MARCAL ASESORES (LEGANES),el mismo
"MUÑOZ PANDO ABOGADOS , S.L.P",MUÑOZ Y PANDO (MUPAN),el mismo
AEA FINCAS,AEA FINCAS FUENLABRADA,el mismo
MARIA JOSE HIPOLA MARUGAN,Mª JOSÉ HIPOLA MARUGÁN,el mismo
GESAHBOX. TENHOUSE,GESAHBOX,el mismo
ADMINISTRACION AEA FINCAS,AEA FINCAS FUENLABRADA,el mismo
ANTONIO,ADMINISTRACION ANTONIO DELGADO,Lorman - persona de la administracion de lorman que lo lleva: Antonio
GABINETE 4,CA GABINETE ASESOR SL,el mismo
ADMINISTRACIONES METROPOL,METROPOL (LEGANES),el mismo
IGM ABOGADOS,IGM SERVICIOS JURIDICOS,el mismo
Mª Mar Rodríguez Cobo,MARIA MAR RODRIGUEZ COBO,el mismo
CUBERO ABOGADOS B45746260,CUBERO ABOGADOS,el mismo
"COMUNIDADES AZAÑA, SL",C&S GESTIÓN DE COMUNIDADES,el mismo
JUAN BAUTISTA JIMENEZ GOMEZ Pedidos docs 04/03/2024,JUAN BAUTISTA JIMENEZ GOMEZ,el mismo
Fermin Monge,FINCAS MONGE,el mismo
GRUPO MOSAN ABOGADOS SLUP,MOSAN ABOGADOS,el mismo
ADMINISTRACIONES BUJARUELO,"GESTIONES Y FINCAS BUJARUELO, S.L.",el mismo
Cristina Hidalgo (se lo pide Coinsa,CRISTINA HIDALGO,el mismo
MARCAL ASESORES COLMENAR VIEJO (DE 10 A 14H),MARCAL ASESORES (COLMENAR VIEJO),el mismo
Addendum Abogados ABOGADOS Y FINCAS COSLADA,ABOGADOS Y FINCAS COSLADA,el mismo
MUÑOZ PANDO ABOGADOS SLP,MUÑOZ Y PANDO (MUPAN),el mismo
ADMINISTRADORES NOVAFINCAS,NOVAFINCAS,el mismo
IGM Servicios,IGM SERVICIOS JURIDICOS,el mismo
YARA GESTORÍA ADMINISTRATIVA,YARA ASESORES,el mismo
DPTO. DE ADMINISTRACIÓN DE FINCAS – ABOGADOS DEL PESO,ABOGADOS DEL PESO,e
MUÑOZ PANDO,MUÑOZ Y PANDO (MUPAN),el mismo
muñoz & pando abogados,MUÑOZ Y PANDO (MUPAN),el mismo
adm. encasa,FINCAS ENCASA,el mismo
ADMINIST. NAYFER ASESORES,NAYFER ASESORES SL,el mismo
BUFETE BAÑOS HIDALGO,BAÑOS & HIDALGO,el mismo
SUSANA GOMEZ,ADMINISTRACION GOMEZ,el mismo
Adm Vidal Rubio Fernandez,VIDAL RUBIO,el mismo
MARCAL ASESORES – OFICINA LEGANES CENTRO,MARCAL ASESORES (LEGANES),el mismo
GRUPO MARCAL.ES,MARCAL ASESORES (LEGANES),el mismo
GRUPO MARCAL,MARCAL ASESORES (LEGANES),el mismo
ADMINISTRACION DE FINCAS METROPOL,METROPOL (LEGANES),el mismo
Vidal administraciones,VIDAL RUBIO,el mismo
GRUPO MARCAL ASESORES,MARCAL ASESORES (LEGANES),el mismo
MONICA GONZALEZ,ADMINISTRACION GONZALEZ,el mismo
ADELA PARRA ABOGADOS AEAFINCAS,ADELA PARRA ABOGADOS,el mismo
ADMINISTRACIONES MOSTOLES S.L,AEA FINCAS MOSTOLES,el mismo
AGISA (MOSTOLES),AGISA,el mismo
ADMN. GOMEZ NIEVA,GOMEZ NIEVA,el mismo
ACAYMA ASESORES - ABOGADOS ADMIN FINCAS,ACAYMA ASESORES,el mismo
