hoja,administrador,decision
SUELTOS,SERGIO,"es un nombre propio, se debe repetir en varias fichas, pero no inidca la empresa. Tengo que ver ficha a ficha"
SUELTOS,SANFER,"ADMINISTRACIONES Y FINCAS SANFER, S.L OJO; en nardos 2 esta tachado fincas sanfer y dice que ahora lo lleva esta admin: Ónix abogados
fincas@onixabogados.com
Sandra Quero   Para las demas direccins es Fincas Sanfer SL y el adminsitrador de contacto que tenemos es ""Marcos"""
SUELTOS,FINCASE,"Fincase, adminsitrador alli: ""Daniel"" en nacions 22, Oscar en Chipre 1, plaza paris 8,  y en pozuelo 17 hay una nota: ya no lo lleva fincase, pasa a esta administracion: A mayo 2023: onix abogados. Sandra Quero. fincas@onixabogados.com"
SUELTOS,ELITE GESTION,elite gestion
SUELTOS,SERVICASA,SERVICASA
SUELTOS,Addendum Abogados,ADDENDUM ABOGADOS
SUELTOS,SUSANA MEJIAS,"Susana Mejias es la administradora unica de Administradores Novafincas SL, CIF	B01757145, Avda de la Hispanidad, 10

Código Postal	28945

Municipio	Fuenlabrada"
SUELTOS,IMPE,Pedro Sancho
SUELTOS,INMA,IGM
SUELTOS,JORGE ADMINISTRADOR,"Asesoria Rombo SL, • Calle Serranillos, 22, bajo local, 28902 Getafe (Madrid)
• Teléfonos: 916837560 / 916813054   Persoan de contacto alli, adminsitrador: ""Jorge"""
SUELTOS,Alfredo Armenteros,"NO tenemos datos, es admisnitrador, y la nota es critica: dice que nos marea y que no   le preparemos mas pptos!!!"
SUELTOS,ROEN,"Es una contrata de SATE, no un admin"
SUELTOS,ADMINISTRACION GEINSA,"(ASESORIA JURIDICO-FINANCIERA GEINSA SL en Leganés. PLAZA POSADA DE SAN ANTONIO, 2, 28912, Leganés, MADRID). Persona de contacto Gonzalo Fernández Partido  636173514  gonferpar@yahoo.es"
SUELTOS,ANGEL FARELO,Administraciones FARO
SUELTOS,PURIFICACIÓN FERNÁNDEZ,"PURIFICACION FERNANDEZ ABOGADA. Calle la sal, 52, Parla, Spain, 28981. 916 05 73 05

info@pfabogada.com

pERSONA DE CNTACTO LA ADMINSITRADORA: Purificación Fernandez del Olmo"
SUELTOS,ASESORES PORTILLO,"Ases Portillo SLP, • Avenida Plaza de Toros, 3, 1º y 2º B, 28701 San Sebastián de los Reyes (Madrid)
• Teléfonos: 916 516 755 / 916 545 138 / 916 516 532
• Forma jurídica: Sociedad Limitada Profesional (CIF: B80144579)"
SUELTOS,ADMON ?,"JOSE TERRATS ASESORES. ES DE ALVARO, NO LOCALIZO NINVUN DATO MAS, LE PREGUNTO A EL."
CONFIRMAR,ANTONIO,Lorman - persona de la administracion de lorman que lo lleva: Antonio
CONFIRMAR,FINCAS M3 de Fuenlabrada,"Dirección:

Calle Reinosa nº 4 Lc 2

28941 Fuenlabrada (Madrid)

España

914921889

664254194

E-mail:

fincas@m3gestion.es"
YA ESTAN,MARCAL ASESORES,el mismo
YA ESTAN,MUPAN,el mismo
YA ESTAN,IGM,el mismo
YA ESTAN,AEA FINCAS,el mismo
YA ESTAN,NO TIENEN,el mismo
YA ESTAN,Yara Asesores,el mismo
YA ESTAN,"NAYFER ASESORES, S.L",el mismo
YA ESTAN,AGISA,el mismo
YA ESTAN,GABINETE 4,el mismo
YA ESTAN,MARIA JOSE HIPOLA MARUGAN,el mismo
YA ESTAN,ADMINISTRACIONES METROPOL,el mismo
YA ESTAN,GESAHBOX. TENHOUSE,el mismo
YA ESTAN,ADMINISTRADORES NOVAFINCAS,el mismo
YA ESTAN,JUAN BAUTISTA JIMENEZ GOMEZ Pedidos docs 04/03/2024,el mismo
YA ESTAN,MOSAN ABOGADOS PEDIDOS DOCS CP 12/03,el mismo
YA ESTAN,GOMEZ NIEVA,el mismo
YA ESTAN,Adm Vidal Rubio Fernandez,el mismo
YA ESTAN,Mª Mar Rodríguez Cobo,el mismo
YA ESTAN,Cristina Hidalgo (se lo pide Coinsa,el mismo
YA ESTAN,DPTO. DE ADMINISTRACIÓN DE FINCAS – ABOGADOS DEL PESO,e
YA ESTAN,BUFETE BAÑOS HIDALGO,el mismo
YA ESTAN,ADELA PARRA ABOGADOS AEAFINCAS,el mismo
YA ESTAN,ACAYMA ASESORES - ABOGADOS ADMIN FINCAS,el mismo
YA ESTAN,CUBERO ABOGADOS B45746260,el mismo
YA ESTAN,Fermin Monge,el mismo
YA ESTAN,ADMINISTRACIONES BUJARUELO,el mismo
YA ESTAN,Addendum Abogados ABOGADOS Y FINCAS COSLADA,el mismo
YA ESTAN,adm. encasa,el mismo
YA ESTAN,SUSANA GOMEZ,el mismo
YA ESTAN,Vidal administraciones,el mismo
YA ESTAN,MONICA GONZALEZ,el mismo
YA ESTAN,ADMINISTRACIONES MOSTOLES S.L,el mismo
