carpeta,lectura,cif,presidente,dni_presidente,administrador,admin_contacto,admin_telefono,admin_correo,trajo_empresa,trajo_persona,comercial_interno,comercial_de_donde,ayto_tecnico,ref_catastral,notas,ficha
asturias14,ok,,,,,JUAN LEON,661 66 08 29,info@grupoembla.es,,JUAN LEON ADMINISTRADOR,Daniel,por defecto: sin etiqueta = Daniel,,JEFE,14/10/2024 SE ENVIA HOJA DE ENCARGO,MADRID\1APROVINCIA\SAN SEBASTIAN DE LOS REYES\asturias14\FICHA DATOS TECNICOS.docx
avandalucia 4-14 y extremadura 8-12,ok,,,,,,,,MATEDECON,ROBERTO MATEDECON,Daniel,por defecto: sin etiqueta = Daniel,,JEFE,03/07/2023	 Matedecon pasará presupuesto.,MADRID\1APROVINCIA\SAN SEBASTIAN DE LOS REYES\avandalucia 4-14 y extremadura 8-12\FICHA DATOS TECNICOS.docx
avaragon1,ok,,,,,,,,,,Carlos,etiqueta de la ficha,,JEFE,,MADRID\1APROVINCIA\SAN SEBASTIAN DE LOS REYES\avaragon1\FICHA DATOS.docx
avcolmenarviejo10,ok,,,,,,,,SCHINDLER,JAVIER PARRA,Daniel,por defecto: sin etiqueta = Daniel,,,"14/09/22
OJO. EMBARQUE SIMPLE,",MADRID\1APROVINCIA\SAN SEBASTIAN DE LOS REYES\avcolmenarviejo10\FICHA DATOS TECNICOS.docx
avcolmenarviejo12,ok,,,,,,,,,,Daniel,por defecto: sin etiqueta = Daniel,,,Propiedad:,MADRID\1APROVINCIA\SAN SEBASTIAN DE LOS REYES\avcolmenarviejo12\FICHA DE DATOS ACCESALIA.docx
avcolmenarviejo17,ok,,,,GRUPO EMBLA (pedidos docs cp 04/12),JUAN LEON,661 66 08 29 910 32 73 18,info@grupoembla.es; admin@fincas-embla.es;,,JUAN LEON ADMINISTRADOR,Daniel,por defecto: sin etiqueta = Daniel,,JEFE,"21/03/2025 3D PARA VIABILIDAD DANIEL
24/03/2025 3D PARA VIABILIDAD JL
03/04/2025 Enviado informe de viabilidad
04/04/2025 Enviadas hojas de encargo",MADRID\1APROVINCIA\SAN SEBASTIAN DE LOS REYES\avcolmenarviejo17\FICHA DATOS TECNICOS.docx
avcolmenarviejo18,ok,H79187894,ANGEL VEGA ORELLANA MARIA DEL CARMEN MORENO REINO,05378629X,GRUPO EMBLA (pedidos docs cp 04/12),JUAN LEON,661 66 08 29 910 32 73 18,info@grupoembla.es; (personal de Juan León) admin@fincas-embla.es; (oficina) admin@fincas-embla.es (Sandr Mas),,JUAN LEON ADMINISTRADOR,Daniel,por defecto: sin etiqueta = Daniel,,6887110VK4868N,"22/07/2024
VIO EL PRY DE REAL 7 DE SCHINDLER Y NOS HA BUSCADO. NOS VA A PASAR MÁS PROYECTOS. TLF 661660829
31/07/2024 PARA PROYECTO: El edificio tiene 3 locales abajo con sótano, coinciden con el rellano de las escaleras. Posible foso reducido. Escanear 3 SOTANOS para confirmar la incidencia de estos con el proyecto.
20/09/2024 ENVIADA HOJA DE ENCARGO.  SE HA HECHO 3D
08/10/2024 Se mandan hojas de encargo corregidas, y se añade hoja de subvenciones. COSTO ESTIMADO OBRA 385,000
28/11/2024 APROBADO. FALTA QUE MANDEN LA HOJA DE ENCARGO FIRMADA
Recibida hoja de encargo, falta que den datos bancarios.
12/12/2024 Lo han mandado pero están con una derrama. Se aplaza hasta enero. Proyecto en pausa.
16/01/2025
Israel tiene que sacar unas mediciones a partir del 3D que hizo Alex.
Se le va a mandar a Juan León una hoja de encargo para que la firmen. En el plazo de una semana, debemos mandarle:
Las mediciones en ciego por si ellos quieren buscar contratas
3 presupuestos adaptados a dichas mediciones (de los que habíamos pedido originalmente presupuesto: CEGA, Rosersese y Arquiobras). -> para que gane Cega
Financiación para que puedan pagarlo una vez elijan la constructora
En 30 días desde la firma de dicho documento, deberán estar hechas y entregadas las mediciones, entregados los 3 presupuestos, y la comunidad debe haber elegido la contrata definitiva y haber firmado la financiación.
En esa fecha se comienza en Accesalia con la elaboración del proyecto y se cobra el 50% inicial.
Y en 15 días más, se entrega proyecto terminado y se cobra el 50% restante.
Esta hoja va a sustituir a la que ya tenían firmada.
22/01/2025 Se envía nueva hoja de encargo. Pendiente firma. La idea es tener las mediciones en febrero y que a partir de marzo hagan el pago del 50% del proyecto.
30/01/2025 No se cobran las subvenciones hasta que no esté ya todo el proyecto pagado.
11/02/2025 Se envía ciego a CEGA con el proyecto para que saquen su presupuesto ajustado a nuestras mediciones (nos habían mandado ya un presupuesto en octubre de 2024 antes de hacer el proyecto). Cuando nos lo manden, habrá que incrementar en un 8% y sacar un presupuesto con el logo de Olivares. El de Arquiobras se quedaría como está, y con eso ya tendrían 3 presupuestos para elegir y para subvenciones.
En paralelo, se envía ciego a la comunidad por si algún vecino quiere pedir presupuesto por su cuenta a alguna otra contrata.
05/06/2025 Ya tienen financiación. Daniel indica pasar subvenciones y primera mitad del proyecto, pero solamente tienen saldo para primera mitad del proyecto. Se retoma.
Se instalan ascensores con foso de velocidad reducida permitido para ascensores con velocidad de 0.15m/s o mas pequeña (normativamente no se llama elevador, pasaron a denominarse ascensores con la Instrucción Técnica Complementaria (ITC) del 2013)
NOTA PARA OBRA PARA DANIEL: Siguiendo instrucciones de Daniel en los planos se dibuja más pequeña la base de los ascensores (que llamamos elevadores) pero en obra será algo más alta y tendrá una rampa pequeña en la puerta.
21/08/2025: SOLICITAMOS QUE NOS VUELVA A NOTIFICAR LA SEDE ELECTRÓNICA DE SAN SEBASTIÁN DE LOS REYES (DEL DÍA 04-08-2025)
06/11/2025 contesto notificación, petición de carta de pago residuos y aval de via pública. Se lo mando a interesados + contrata
18/11/2025 Ayto envia cartas de pago y se envían a la administración para su pago
03/12/2025 se registran tasas pagadas, se informan a los interesados
03/02/2026 pendiente que informen desde el departamento de licencias (email 02-02-2026)
10/02/2026  ISRAEL FUE AL AYTO PARA PREGUNTAR SOBRE LA LICENCIA.
“Para dejar por escrito lo que me comentaron:
El último informe técnico es de octubre pero mandaron un requerimiento de tasas.
Hasta que no se pagasen las tasas todo el proceso de la licencia se paraliza
Las tasas les llegaron pagadas a finales de diciembre (creo que dijo el día 23)
Está todo bien pero hay que esperar el informe jurídico y la gestión administrativa (proceso que se reanudó tras el pago de tasas, por eso el retraso)
Me dijo que está todo bien, que ya solo queda esperar, y que el departamento jurídico tiene que dar también el visto bueno
Adicionalmente, aunque fue muy amable, me recalcó sin yo preguntarle que aunque todos los informes técnicos estén favorables NO SE PUEDE EMPEZAR LA OBRA HASTA TENER EL PERMISO. Para tener ojo con las contratas que intentan empezar sin permiso sin informarnos.”
02/02/2026 el ayto informa:
“Consultado el sistema de gestión de expedientes se comprueba que el número 2025/79/03.05.03.08 AVENIDA COLMENAR VIEJO, 18 - COMUNIDAD DE PROPIETARIOS AV. COLMENAR VIEJO 18 - PROYECTO BASICO Y DE EJECUCION DE INSTALACION DE 2 ASCENSORES EN EDIFICIO RESIDENCIAL EXISTENTE se encuentra en la siguiente situación:
Informes favorables de los técnicos de Residuos (04/09/2025), Obras Públicas (23/10/2025) y Servicio Técnico de Urbanismo (05/09/2025).
Se entregó justificante de depósitos de avales con fecha 03/12/2025 (nº 2025/54011)
No habiendo ningún informe técnico pendiente remito su correo a los compañeros de la sección de licencias de obras para que le informen de la situación de la tramitación.”
02/03/2026 vuelvo a preguntar al ayto e informan:
“Le informo que el expediente continua en tramitación, en los próximos días se preparará la licencia que deberá ser revisada y en el caso de que todo sea correcto firmada.”
16/04/2026 tras recibir llamada del ayto, indican que aprueban la licencia. La persona del ayto llama al presidente de la comunidad para informarle.
Todavia no nos ha llegado notificación, pero me indica Daniel que informe a todos para que se pongan con los trámites de la obra
23/04/2026 llega la notificación de la concesión de la licencia. Informo a todos los interesados",MADRID\1APROVINCIA\SAN SEBASTIAN DE LOS REYES\avcolmenarviejo18\FICHA DATOS TECNICOS.docx
avcolmenarviejo29,ok,,,,NO TIENEN,,,jacinta.delcerro@gmail.com,,,Daniel,etiqueta de la ficha,,JEFE,,MADRID\1APROVINCIA\SAN SEBASTIAN DE LOS REYES\avcolmenarviejo29\FICHA DATOS.docx
avcolmenarviejo4,ok,,,,,,,carlosgasperilla80@gmail.com,,,Carlos,etiqueta de la ficha,,JEFE,,MADRID\1APROVINCIA\SAN SEBASTIAN DE LOS REYES\avcolmenarviejo4\FICHA DATOS.docx
avcolmenarviejo6,ok,,,,,,,carlosgasperilla80@gmail.com,,,Carlos,etiqueta de la ficha,,JEFE,,MADRID\1APROVINCIA\SAN SEBASTIAN DE LOS REYES\avcolmenarviejo6\FICHA DATOS.docx
avcolmenarviejo8,ok,E78946852,Sergio Gallardo Sanchez,53850670B,,,,sergio.gallardosa@gmail.com,,,Carlos,etiqueta de la ficha,,6986307VK4868N,,MADRID\1APROVINCIA\SAN SEBASTIAN DE LOS REYES\avcolmenarviejo8\FICHA DATOS.docx
avsierra21,ok,,,,,GUILLERMO ADMIN,606 99 33 85,guillermo@pycramos.es,CDAD PROP,,Daniel,por defecto: sin etiqueta = Daniel,,JEFE,"11/06/2024 PRY Y SUBV. IR A VERLO. VISITADO IMPLICA INVASION DE LOCAL. Enviadas hojas de encargo pry y df, subv.
""",MADRID\1APROVINCIA\SAN SEBASTIAN DE LOS REYES\avsierra21\FICHA DATOS TECNICOS.docx
avsierra5,ok,H78808797,LAURA ARIAS LUCAS,53406768D,A través de rosa (Pedidos docs cp 13/05/2024),,,,OLIVARES,,Daniel,por defecto: sin etiqueta = Daniel,,6693101VK4869S,"14/03/2024 JOSE PIDE LAS AYUDAS. LOS VECINOS HACEN LA IEE. NOSOTROS SOLO EL PROYECTO. QUIEREN QUE ENTRE PARA LA SUBVENCION DE LA CAM
09/04/2024 ENVIADA HOJA DE ENCARGO. QUIEREN QUE ENTRE PARA SUBV CAM QUE ACABA EL 26/04
10/05/2024 nos mandan la hoja firmada
20/05/2025 licencia concedida.",MADRID\1APROVINCIA\SAN SEBASTIAN DE LOS REYES\avsierra5\FICHA DATOS TECNICOS.docx
avsierra51,ok,,,,,,,,Cdad prop,,Daniel,por defecto: sin etiqueta = Daniel,,JEFE,10/05/2024 VISITADO EN ESPERA DE REUNION PARA 3-D DERRIBO CON ASCENSOR ESCALERA RESTRINGIDA,MADRID\1APROVINCIA\SAN SEBASTIAN DE LOS REYES\avsierra51\FICHA DATOS TECNICOS.docx
año1492n6,ok,,,,GRUPO EMBLA  (JUAN DE LEON),PAULA,9310327318,admin@fincas-embla.es,,,Daniel,por defecto: sin etiqueta = Daniel,,JEFE,,MADRID\1APROVINCIA\SAN SEBASTIAN DE LOS REYES\año1492n6\FICHA DATOS.docx
cristodelosremedios18-20,ok,,,,,,,coeday@hotmail.es,ROSERSESE,JOSE OLIVARES,Daniel,por defecto: sin etiqueta = Daniel,,JEFE,"28/09/2023	2 ascensores. Se envía presupuesto para cada ascensor sin CSS.
02/10/2023	Enviar presupuesto mismo importe cada uno.",MADRID\1APROVINCIA\SAN SEBASTIAN DE LOS REYES\cristodelosremedios18-20\FICHA DATOS TECNICOS.docx
graneros9,ok,H79227294,MARI CRUZ CAMARA SANCHEZ,51370306J,ASESORES PORTILLO,,,contabilidad@asesportillo.com,,JOSE LUIS OLIVARES,Daniel,por defecto: sin etiqueta = Daniel,,,Propiedad:	C.P. CL GRANEROS 9 SAN SEBASTIAN DE LOS REYES,MADRID\1APROVINCIA\SAN SEBASTIAN DE LOS REYES\graneros9\FICHA DE DATOS ACCESALIA.docx
gregorioizquierdo53,ok,,,,,,,pepe.anton@schindler.com,,,Daniel,por defecto: sin etiqueta = Daniel,,JEFE,,MADRID\1APROVINCIA\SAN SEBASTIAN DE LOS REYES\gregorioizquierdo53\FICHA DATOS.docx
hermanosdelcristo36,ok,,,,,,,,,LUIS MIGUEL NUNES  THYSSEN,Daniel,por defecto: sin etiqueta = Daniel,,,Propiedad:,MADRID\1APROVINCIA\SAN SEBASTIAN DE LOS REYES\hermanosdelcristo36\FICHA DE DATOS ACCESALIA.docx
hontanillas2,ok,H79329942,,07470043B,Pedidos docs cp a Javier González moya 01/07,,,incidencias@integraldecomunidades.es szamarreno@integraldecomunidades.es,SCHINDLER,JAVIER GONZALEZ MOYA SCHINDLER,Carlos,etiqueta de la ficha,Víctor Bribián,7390512VK4879S,"17/01/2025 CORREO JAVIER:
Me están solicitando con bastante interés presupuesto para la comunidad del asunto porque están bastante interesados.
¿Podríamos quedar un día (agendarme con Daniel) para revisar la comunidad y ver posibles soluciones?
La dirección es C/ Hontanillas 2 en San Sebastián.
Abajo tenemos Sótano/parking del Supermercado día
Tenemos una escalera de 2,35x3m con lo cual habría que volar un tramo de escalera hacia fachada trasera. Tenemos una persona de contacto en el sitio que nos puede atender para la visita.
23/01/2025 DANIEL VA A REVISAR ASCENSOR CON JAVIER. Hay escaneado, pero todavía estamos a la espera de Javier a ver si avanzamos con 3d para junta de vecinos y presupuesto.
04/07/2025 Se ha elaborado documentación para presentar una consulta urbanística. Si esto va adelante, nos dan el proyecto.
según catastro hay local abajo, para cuando se vaya a escanear,
16-07-2025 ayto me envie tasa consulta urb y envio a Javier gonzalez moya avisando que caduca el 28/07/2025 que la paguen antes de esa fecha
Registrada consulta urbanística, a la espera de contestación.
15/09/2025 Preguntando por mail por el expediente, nos indican que está a la espera de informe por parte del técnico.
07/01/2025: Nota Alejandro: A la fecha, aún no se cuenta con información correspondiente a la zona del sótano. En cuanto dicha información esté disponible, será remitida oportunamente para su incorporación al proyecto.
No obstante, lo anterior, se entrega la información disponible con el fin de poder avanzar en el desarrollo del proyecto.
14/01/2026 ENVIO PROYECTO TERMINADO, A LA ESPERA DE OK PARA TRAMITAR
20/01/2026 OK AL PROTECTO, LO PASO A VISAR Y EN PARALELO SOLICITO LAS TASAS
04/02/2026 el ayto envia las tasas de licencia y de icio, se lo envio a szamarreno@integraldecomunidades.es
17/02/2026 envian tasas pagadas, lo registro y solicito que firmen la licencia y demás documentos para tramitar en el ayto
19/02/2026 registro licencia en el ayto.
Informo a todos los interesados
16/06/2026 desde el ayto informan:
de:
licenciasdeobras <licenciasdeobras@ssreyes.org>
para:
Oficina Accesalia <oficina.accesalia@gmail.com>
fecha:
16 jun 2026, 10:27
Su consulta se refiere al expediente 2026/8 LOTN. Los informes técnicos han sido favorables, y actualmente está pendiente de revisión por la Jefatura Jurídica. De dar esta el visto bueno, se pasa a revisión del Concejal, y si da el visto bueno, se concede la licencia.
Informo a los interesados
03/07/2026 llega notificación del ayuntamiento de la concesión de la licencia.
Informo a todos lo interesados, pdt indiquen fecha de inicio de obra
08/07/2026
e:
Javier González Moya <javier.gonzalez.moya@schindler.com>
para:
Sonia Zamarreño <szamarreno@integraldecomunidades.es>,
Oficina Accesalia <oficina.accesalia@gmail.com>
Cc:
""Ma. Ángeles Ruiz Valle"" <arvalle1@gmail.com>,
Daniel Alejandro Díaz Perez <daniel.diaz@schindler.com>,
Carlos Garcia <carlosgasperilla80@gmail.com>,
Subvenciones Accesalia <subvenciones.accesalia@gmail.com>,
OBRAS ACCESALIA <obras.accesalia@gmail.com>,
Luis Alfredo González Koves <luisalfredo.gonzalez@schindler.com>
fecha:
8 jul 2026, 9:27
Estos meses trataremos de organizar la obra para poder dar comienzo estimado en OCT-NOV
14/09/2026 vuelvo a enviar aprobación de licencia al administrador con copia a Schindler.
Pdt Schindler informe de la fecha de inicio de obra
17/09/2026 (Adriana)
de:
Luis Alfredo González Koves <luisalfredo.gonzalez@schindler.com>
para:
Sonia Zamarreño <szamarreno@integraldecomunidades.es>,
Javier González Moya <javier.gonzalez.moya@schindler.com>
Cc:
Oficina Accesalia <oficina.accesalia@gmail.com>,
""Ma. Ángeles Ruiz Valle"" <arvalle1@gmail.com>,
""incidencias@integraldecomunidades.es"" <incidencias@integraldecomunidades.es>,
OBRAS ACCESALIA <obras.accesalia@gmail.com>
fecha:
16 sept 2026, 15:08
Aun no nos podemos comprometer a iniciar en este 2026, estamos encajando obras y contratas.
Apenas lo tengamos te informamos.",MADRID\1APROVINCIA\SAN SEBASTIAN DE LOS REYES\hontanillas2\FICHA DATOS TECNICOS.docx
independencia43,ok,H81642738,,,,Moncho,699079442,lomasdelrey2000@gmail.com,,,Daniel,etiqueta de la ficha,,6296101VK4869N,,MADRID\1APROVINCIA\SAN SEBASTIAN DE LOS REYES\independencia43\FICHA DATOS.docx
jarama1,ok,H79879573,OSCAR NUÑEZ MARTINEZ,33426901N,"ADMINISTRACIONES REY Pedidos docs cp 23/06/2025, 18/09",Cristina,915652525 / 696461164,admonrey@admicove.com,,,Carlos,etiqueta de la ficha,,6985406VK4868N,,MADRID\1APROVINCIA\SAN SEBASTIAN DE LOS REYES\jarama1\FICHA DATOS.docx
laprensa11,ok,,,,,,,Jmunoz1967@hotmail.com,,,Alvaro,etiqueta de la ficha,,JEFE,,MADRID\1APROVINCIA\SAN SEBASTIAN DE LOS REYES\laprensa11\FICHA DATOS.docx
leopoldogimeno16,ok,H79275715,,,,,,,4768850488950037077652984500ADMINISTRADOR DE FINCAS        SI           NO,Jose Olivares,Daniel,por defecto: sin etiqueta = Daniel,,,Propiedad:	CDAD PROP CL LEOPOLDO GIMENO 16 SAN SEBASTIÁN DE LOS REYES,MADRID\1APROVINCIA\SAN SEBASTIAN DE LOS REYES\leopoldogimeno16\FICHA DE DATOS ACCESALIA.docx
navasdetolosa7,ok,H79687166,JUAN CARLOS GONZALEZ HERNANDEZ,07499466V,A TRAVÉS DE ROSA RADAL SESE,,918 949 422 / 640039963 jose,rosersese@hotmail.com,OLIVARES,,Daniel,por defecto: sin etiqueta = Daniel,,6692102VK4869S,"15/09/22 ASCENSOR
27/09/22 De Rosa: Copia estas partidas, pero el presupuesto que vosotros hacéis sea más bajo. Porque si no, las tasas del ayuntamiento salen muy caras.
CALLE NAVAS DE TOLOSA. PAGO ICIO
Recibidos
rosa radal sese
11:42 (hace 1 hora)
para mí, Ana 21/11/2023
Buenos días, Ana.
Me comenta lo siguiente el administrador de dicha comunidad referenciada en el asunto.
Estimada Rosa :
Tuvimos junta el pasado jueves, pero como la Comunidad no tiene fondos para atender el pago del ICIO, se han aprobado unas Derramas Extras, y se aceptará pagar el ICIO haciéndonos cargo del recargo por apremio del 20%.
Saludos y ya te informo en cuanto lo tenga.
José Manuel Fernández
03/02/2026 Rosersese avisa para que gestionemos el CFO
06/05/2026 termina la obra
02/06/2026 se pasa a visar cfo
12/06/2026 CFO VISADO. ENVIO A TODOS LOS INTERESADOS",MADRID\1APROVINCIA\SAN SEBASTIAN DE LOS REYES\navasdetolosa7\FICHA DATOS TECNICOS.docx
oriente3,ok,H79590139,,10172505L,"FISCALSA ASESORES, S. L",LUISA JIMENEZ,91-659 02 66 /67/68,luisa@fiscalsa.com,FAIN,VICENTE REAL,Daniel,por defecto: sin etiqueta = Daniel,,6587810VK4868N,"13/04/2023 PRESENTACIÓN 3D CON VECINOS
05/06/2023 FOSO REDUCIDO GARAJE, TORRE, RAMPA INTERIOR. LEER BIEN EL PRESUPUESTO
14/01/2026 se pasa a visar CFO
21/01/2026 CFO visado y enviado",MADRID\1APROVINCIA\SAN SEBASTIAN DE LOS REYES\oriente3\FICHA DATOS TECNICOS.docx
paseodeguadalajara55,ok,,,,,,,vicente.real@fainascensores.com,FAIN,VICENTE REAL,Daniel,por defecto: sin etiqueta = Daniel,,,"14/10/22 Sí se puede.
sale un doble embarque, sin salir a la calle, con un fondo de hueco de torre (incluyendo las puertas exteriores a ambos extremos de 1,25 m y un ancho libre de 1,50 m
El vie, 14 oct 2022 a las 8:36, Vicente Real Muñoz (<vicente.real@fainascensores.com>) escribió:
Buenos días Daniel.
Te adjunto fotos y mi croquis para ver si puedes dar solución constructiva para dotar de accesibilidad integral esta comunidad de vecinos, en la que vive nuestro director financiero.
Quieren que el sótano, donde están los garajes se pueda dar accesibilidad y en la parte alta es para salida a terraza.",MADRID\1APROVINCIA\SAN SEBASTIAN DE LOS REYES\paseodeguadalajara55\FICHA DATOS TECNICOS.docx
picosdeolite18,ok,,,,,,,,,,Carlos,etiqueta de la ficha,,JEFE,,MADRID\1APROVINCIA\SAN SEBASTIAN DE LOS REYES\picosdeolite18\FICHA DATOS.docx
pilar17,ok,,,,ADMON ?,,,alexa.asesores@gmail.com,,,Daniel,por defecto: sin etiqueta = Daniel,,,vecina/presidenta comunidad REMEDIOS 649165291,MADRID\1APROVINCIA\SAN SEBASTIAN DE LOS REYES\pilar17\FICHA DE DATOS ACCESALIA.docx
principe7,ok,,,,GRUPO EMBLA,PAULA HERRANZ  (DE JUAN LEON),,,,,Daniel,por defecto: sin etiqueta = Daniel,,JEFE,,MADRID\1APROVINCIA\SAN SEBASTIAN DE LOS REYES\principe7\FICHA DATOS TECNICOS.docx
real7,ok,H79918082,CRISTINA SANZ PERDIGUERO,00240511T,No tienen,,,javier.gonzalez.moya@schindler.com,SCHINDLER,,Daniel,por defecto: sin etiqueta = Daniel,Madroñal del Amo Pérez Arquitecto Técnico,6986303VK4868N,"05/12/2023 ENVIAR PRESUPUESTO DE ASCENSOR Y SUBVENCION A JULIAN GUIJARRO, PRESIDENTE.
30/04/2024 pide presupuesto Javier gonzález de Schindler. Daniel tiene que advertirle que ya nos lo pidió la comunidad.
06/05/2024 se manda precio especial para Schindler dado que hemos hecho el de al lado.
HAY QUE HACER CEE e IEE. Las subvenciones se la tramitan ellos con otra empresa
INSTRUCCIONES DE DANIEL EN EL PROYECTO:
Mover ligeramente la puerta para que quepa 1,20 en planta tipo y no invadir garaje con ref 6986310VK4868N
21/08/2025: RESPUESTA DE REQUERIMIENTO AL AYTO SAN SEBASTIAN, Y ENVIAMOS CORREO ELECTRONICO A LOS INTERESADOS
23/10/2025 APROBADA LICENCIA, SE SOLICITA TASA ICIO Y BONIFICACIÓN, SE INFORMA QUE YA PUEDEN EMPEZAR LA OBRA.",MADRID\1APROVINCIA\SAN SEBASTIAN DE LOS REYES\real7\FICHA DATOS TECNICOS.docx
real9,ok,H79857181,,,fincas lopez yunta,,,carlosvicente@afly.es,4768850488950037077652984500ADMINISTRADOR DE FINCAS        SI           NO,Carlos Vicente Vogel (admin) Isabel (secretaria),Daniel,por defecto: sin etiqueta = Daniel,,,Propiedad:	CDAD PROP CL REAL 9 SAN SEBASTIAN DE LOS REYES,MADRID\1APROVINCIA\SAN SEBASTIAN DE LOS REYES\real9\FICHA DE DATOS ACCESALIA.docx
realvieja2,ok,,,,,,,,,LUIS MIGUEL NUNES.  THYSSEN,Daniel,por defecto: sin etiqueta = Daniel,,,Propiedad:,MADRID\1APROVINCIA\SAN SEBASTIAN DE LOS REYES\realvieja2\FICHA DE DATOS ACCESALIA.docx
realvieja5,ok,H79472965,MANUEL AVALOS,,ADMINISTRACION REY,LARA REY RETEGUI,915 65 25 25 / 696 46 11 64,admonrey@admicove.com,,,Carlos,etiqueta de la ficha,,7086309VK4878N,,MADRID\1APROVINCIA\SAN SEBASTIAN DE LOS REYES\realvieja5\FICHA DATOS.docx
realvieja8,ok,H80868243,MARIANO FRANCISCO ALVAREZ MIRALLES,50800343J,Grupo EMBLA,JUAN LEON Sandra Mas (administración),661660829,info@grupoembla.es; admin@fincas-embla.es,,JUAN LEON ADMINISTRADOR,Daniel,por defecto: sin etiqueta = Daniel,,6986604VK4878N,"Nivel de planta baja (BP): En el modelo de Revit nivel calle se deja una referencia del nivel de calle 0.0
Patio: Se han modelado utilizando como referencia el plano catastral.
Notas de Julio para presupuesto (20/06):
Falta gestión de residuos y plan de seguridad y salud a la espera de que Ernesto realice el presupuesto.
Consideraciones a tener en cuenta para el presupuesto:
Se demuelen: escalera completa, pequeño peto frente a puerta de portal y peldaño interior del portal para nivelarlo completo.
El cuarto de contadores de la cuarta planta pasa a planta baja debajo de la escalera.
En cubierta hay amianto, tener en cuenta al salir con el casetón.
Se pica un poco frente al ascensor de planta 4 para que quepa el círculo de 1.20.
Telefonillo y buzones se reubican para que sean accesibles.
09/12/2025 solicitud cartas de pago (req de julio de 2025)
20/01/2026 VUELTO A SOLICITAR LAS CARTAS DE PAGO
17/02/2026 el administrador informa:
“Buenos dias, estas tasas que valided tiene??
lo digo porque si como no les han concedido la Subvencion lo van a parar un poco, a ver si el año que viene les diesen la subvencion, entonces no saben si pagan la tasa luego se les va a caducar.”
21/04/2026 Como no les han concedido la subvención, no han realizado el pago de las tasas de licencia y de ICIO y quieren esperar al año que viene para ver si les conceden la subvención.
06/07/2026 pregunto al ayto cuánto tiempo mantendrán abierto el expediente sin que se abonen las tasas ya que va a subvención y todavía no han pagado las tasas.
07/07/2026 (Adriana) el ayto informa:
de:
Tania Chercoles Tapia <tchercolest@ssreyes.org>
para:
""oficina.accesalia@gmail.com"" <oficina.accesalia@gmail.com>
fecha:
6 jul 2026, 13:10
“Le comunico que en los próximos días se va a desistir la solicitud por no haber sido subsanada en tiempo y forma.”
Informo al administrado y ahora dice que como ayer tuvieron junta, que tiran para adelante. (email 07/07/2026 a las 12:48 oficina)
He vuelto a preguntar al ayto para saber si nos envían unas nuevas tasas o si tenemos que empezar desde el principio (informo al administrador)
08/07/2026
de:
Tania Chercoles Tapia <tchercolest@ssreyes.org>
para:
Oficina Accesalia <oficina.accesalia@gmail.com>
fecha:
8 jul 2026, 14:26
Tienen que iniciar un nuevo expediente con tasas nuevas.
INFORMO AL ADMINISTRADOR E INDICA:
de:
Sandra Mas <admin@fincas-embla.es>
para:
Oficina Accesalia <oficina.accesalia@gmail.com>
fecha:
10 jul 2026, 10:07
Bunenos dias,  si abran de nuevo el expediente para la licencia.
(ADRIANA) TENEMOS QUE ESPERAR A QUE LLEGUE EL DESESTIMIENTO DEL AYUNTAMIENTO PARA ABRIR NUEVO EXPEDIENTE
23/07/2026 (Adriana) llega desistimiento del ayuntamiento.
Informo a los interesados y que me confirmen de nuevo si solicito nuevas tasas
28/07/2026 (Adriana) al no indicar nada, envio documentación para que la firme el presidente de la comunidad y esperemos que den ok a la tramitación
17/08/2026 (Adriana) solicito las tasas e informo al administrador
03/09/2026 (Adriana) administrador envia notificación del ayto sobre las tasas, se las vuelvo a enviar para que realicen el pago y les informo que tienen fecha de vencimiento el 07-09-2026
10/09/2026 (Adriana) registro el pago de las tasas y la solicitud de licencia.
Envio justificante a todos los interesados",MADRID\1APROVINCIA\SAN SEBASTIAN DE LOS REYES\realvieja8\FICHA DATOS TECNICOS.docx
recreo3,ok,,,,,,,,MATEDECON,,Daniel,por defecto: sin etiqueta = Daniel,,JEFE,,MADRID\1APROVINCIA\SAN SEBASTIAN DE LOS REYES\recreo3\FICHA DATOS TECNICOS.docx
sacramento38,ok,,,,GRUPO EMBLA,JUAN LEON,661 66 08 29      910 32 73 18,info@grupoembla.es; (personal de Juan León),,,Daniel,etiqueta de la ficha,,JEFE,admin@fincas-embla.es; (oficina),MADRID\1APROVINCIA\SAN SEBASTIAN DE LOS REYES\sacramento38\FICHA DATOS.docx
santateresadejesus2 4,ok,,,,,,,,,LUIS MIGUEL NUNES  THYSSEN,Daniel,por defecto: sin etiqueta = Daniel,,,Propiedad:,MADRID\1APROVINCIA\SAN SEBASTIAN DE LOS REYES\santateresadejesus2 4\FICHA DE DATOS ACCESALIA.docx
travesiasanonofre4,ok,H79776688,CARLOS LAGUNA GIL,02521602C,GRUPO EMBLA (pedidos docs 13/01/2025),JUAN LEON Sandra (administración),661 66 08 29 - 910 32 73 18,info@grupoembla.es; admin@fincas-embla.es facturas a: admin@fincas-embla.es,,JUAN LEON ADMINISTRADOR,Daniel,por defecto: sin etiqueta = Daniel,,6894801VK4869S,"24/07/2024 Ascensor con derribo de un tramo de escalera y ascensor por patio.
VER EN SEPTIEMBRE LOS 5 PROYECTOS
20/09/2024 ENVIADA HOJA DE ENCARGO.
08/10/2024 COSTO ESTIMADO OBRA 108,000 + subv
20/12/2024 han aprobado
11/02/2025 Se envía ciego a CEGA con el proyecto para que saquen su presupuesto ajustado a nuestras mediciones (nos habían mandado ya un presupuesto en octubre de 2024 antes de hacer el proyecto). Cuando nos lo manden, habrá que incrementar en un 8% y sacar un presupuesto con el logo de Olivares. El de Arquiobras se quedaría como está, y con eso ya tendrían 3 presupuestos para elegir y para subvenciones.
En paralelo, se envía ciego a la comunidad por si algún vecino quiere pedir presupuesto por su cuenta a alguna otra contrata.
23/02/2026 desde licencias de ss de los reyes, indica que el expediente está en el departamento técnico municipal.
Informo a los interesados
04/03/2026 ayto envia requerimiento
10/03/2026 envio cartas de pago para dar contestación al req
20/03/2026 (Adriana) email recordatorio al administrador para contestar al req
13/04/2026 (Adriana) email recordatorio al administrador para contestar al req
20/05/2026 (Adriana) email recordatorio al administrador para contestar al req
27/07/2026 (Adriana) email recordatorio al administrador para contestar al req
29/07/2026 (Adriana)
de:
Sandra Mas <admin@fincas-embla.es>
para:
Oficina Accesalia <oficina.accesalia@gmail.com>
fecha:
29 jul 2026, 11:24
“Buenos dias, en esta Comunidad, si no les condecen la subvencion no van hacer nada, tenemos que esperar a Septiembre a ver si las convocan.”",MADRID\1APROVINCIA\SAN SEBASTIAN DE LOS REYES\travesiasanonofre4\FICHA DATOS TECNICOS.docx
travesiasanonofre7,ok,,,,,,,daniel.diaz@schindler.com,Schindler,,Daniel,por defecto: sin etiqueta = Daniel,,JEFE,,MADRID\1APROVINCIA\SAN SEBASTIAN DE LOS REYES\travesiasanonofre7\FICHA DATOS TECNICOS.docx
valenciadedonjuan3,ok,,,,GRUPO EMBLA  (JUAN DE LEON),JUAN DE LEON,9310327318,admin@fincas-embla.es,,,Daniel,por defecto: sin etiqueta = Daniel,,JEFE,,MADRID\1APROVINCIA\SAN SEBASTIAN DE LOS REYES\valenciadedonjuan3\FICHA DATOS.docx
