carpeta,lectura,cif,presidente,dni_presidente,administrador,admin_contacto,admin_telefono,admin_correo,trajo_empresa,trajo_persona,comercial_interno,comercial_de_donde,ayto_tecnico,ref_catastral,notas,tachado,notas_admin,notas_encargo,notas_subvenciones,ficha
alameda11,ok,H79910782,FELIZ BRICIO VIELSA,,Administración de Fincas Arco,,,isabelrobles1959@outlook.es,47688504889500370776529845X X ADMINISTRADOR DE FINCAS        SI           NO,DAVID CAMARA COZAR,Daniel,por defecto: sin etiqueta = Daniel,,,"Propiedad:	CP DE ALAMEDA 11
CIF:		H79910782
Presidente:	FELIZ BRICIO VIELSA
DNI:		70477947-S

Código postal:	28922
Referencia catastral:  9665410VK2696S0
Fachada:	15.30m
PEM:	80809,77€
residuos:
SUPERFICIES A DERRIBAR.

PLANTA BAJA	67 m2
PLANTA TIPO	11.6 x 4 = 46,40 m2

SUPERFICIES  CONTRUIDAS.	113,40 m2

AMBITO ORDENACION
DISTRITO",,,,,MADRID\1APROVINCIA\ALCORCON\alameda11\FICHA DE DATOS ACCESALIA.docx
alpes4,ok,,,,"GONZALEZ&LOPEZ, ABOGADOS, S.C.P.",José Luís González Carrasco.,Tlfo. 916436293 - Fax 91.6435189,administracion@gonzalezylopezabogados.es,,,Alvaro,etiqueta de la ficha,,,,,,,,MADRID\1APROVINCIA\ALCORCON\alpes4\FICHA DATOS.docx
alpes8,ok,,,,,,,,,VICTOR DEL PINO,Daniel,por defecto: sin etiqueta = Daniel,,9368704VK2696N,17/11/2023 Mónica envía presupuesto.,,,,,MADRID\1APROVINCIA\ALCORCON\alpes8\FICHA DATOS TECNICOS.docx
aranjuez4,ok,,,,,,,,,PEDRO ARANDA  THYSEN,Daniel,por defecto: sin etiqueta = Daniel,,,"Propiedad:
CIF:
Presidente:
DNI:

Código postal:
Referencia catastral:
Fachada:
PEM:	          residuos:",,,,,MADRID\1APROVINCIA\ALCORCON\aranjuez4\FICHA DE DATOS ACCESALIA.docx
arboleda1,ok,H78776291,ALICIA FERNANDEZ VALLEDOR,50064603C,CIUDADELA,ANDRES AVILA OCAÑA,919 01 50 88 // 626 49 48 23 // 911987318,andres.avila@ciudadela.eu,,ANDRES AVILA,Daniel,por defecto: sin etiqueta = Daniel,,9767301VK2696N,"~~24/09/2024 VER VIABILIDAD, POSIBLE OCUPACION LOCAL, DUEÑO DEL LOCAL NO QUIERE.~~

~~Nos ha llamado Sonia vecina (es aparejadora). Ya conocida.~~
~~Tiene planos antiguos del ayuntamiento.~~

~~La colocación del ascensor posiblemente implica la ocupación de un local.~~
~~El del local no está muy por la labor de que ocupen su local~~
~~Ver si se puede poner el ascensor sin invadirlo, y si hay que invadirlo, hacer un informe indicando cómo sería.~~

~~Se visitará el 01/10~~
~~03/10/2024 Visitado. Enviar a administradora hoja de encargo proyecto y subvención. Ascensor por patio con invasión de local. Asistencia como técnicos en la defensa de sus intereses frente al interés del local.~~
~~4/12/2025~~~~Alejandra: Por indicación de Daniel se le envía HE de ascensor partiendo de la anterior con algunas modificaciones y una segunda opción de solo IEE con oferta especial indicada y explicada al cliente en el correo enviado este día .Se le pasa a Carlos Administrador para que trabaje con él y se pone en copia.~~
06/04/2026 CONTRATAN IEE HE FIRMADA
03/06/2026 ALEX: Tras haber hablado con Andrés el administrador, me indica que prefieren subsanar todo lo que aparece en el informe DESFAVORABLE. Una vez tengan subsanado todo, presentar el informe IEE como FAVORABLE, adjunto correos:

Buenas tardes,

Pongo en copia a la presidenta de la comunidad que es Alicia Roldan @alicia fernandez , ya que Sonia ya no es la presidenta.

La comunidad se compromete a realizar los trabajos pertinentes de subsanación de las deficiencias explicadas en la IEE. Para ello solicitamos que este informe se tome como un pre-informe para poder realizar los trabajos y que tras su subsanación se proceda a revisar los items desfavorables del mismo para su posterior presentación.

Muchas gracias,
Un saludo,
--
Andrés Ávila
Administrador de Fincas

Mov. (+34) 919 01 50 88
Whatsapp (+34) 626 49 48 23

-------------------------------------------------------------------

Alex Figueroa <afigueroa.accesalia@gmail.com>
13:13 (hace 3 minutos)
para Andres, Oficina, alicia

De acuerdo Andrés, para el Ayuntamiento lo importante es presentarlo antes del 31-12-26. Para que esto suceda así, es necesario que los trabajos previstos culminen este año, para poder girar nuevamente una visita y comprobar que todo haya sido subsanado y presentar el informe IEE como FAVORABLE antes del 31-12-2026. En caso contrario, deberán presentarse con el informe DESFAVORABLE antes de que acabe el año para que no os abran un procedimiento sancionador.

Para el momento de presentación del informe IEE, será necesario también tener actualizada la información completa del presidente en función, lo modificaremos llegada esa fecha.

Muchas gracias,
Un saludo.","SONIA VECINA 608 00 71 28 · soniaalmoukri@gmail.com · ASCENSOR · POR PATIO CON INVASION DE LOCAL · Sonia · David Castillo · 610953409 · 911987318 · info@ciudadela.eu · david.castillo@ciudadela.eu · 24/09/2024 VER VIABILIDAD, POSIBLE OCUPACION LOCAL, DUEÑO DEL LOCAL NO QUIERE. · Nos ha llamado Sonia vecina (es aparejadora). Ya conocida. · Tiene planos antiguos del ayuntamiento. · La colocación del ascensor posiblemente implica la ocupación de un local. · El del local no está muy por la labor de que ocupen su local · Ver si se puede poner el ascensor sin invadirlo, y si hay que invadirlo, hacer un informe indicando cómo sería. · Se visitará el 01/10 · 03/10/2024 Visitado. Enviar a administradora hoja de encargo proyecto y subvención. Ascensor por patio con invasión de local. Asistencia como técnicos en la defensa de sus intereses frente al interés del local. · 4/12/2025 · Alejandra: Por indicación de Daniel se le envía HE de ascensor partiendo de la anterior con algunas modificaciones y una segunda opción de solo IEE con oferta especial indicada y explicada al cliente en el correo enviado este día .Se le pasa a Carlos Administrador para que trabaje con él y se pone en copia.",,,,MADRID\1APROVINCIA\ALCORCON\arboleda1\FICHA DATOS TECNICOS.docx
avdelasflores79-81,ok,,,,GESTAFIN,JAVIER TRIGO,,javier.trigo@gestafin.es,,,Daniel,etiqueta de la ficha,,,,,,"---------- Forwarded message ---------
De: Javier Trigo <javier.trigo@gestafin.es>
Date: jue, 16 oct 2025, 10:38
Subject: c.p. avda. las flores 79-81 ALCORCON
To: <danieldesotoarquitecto@gmail.com>


Buenos días Daniel:

Necesito presupuesto de vuestros servicios para obra de SATE en la C.P. de referencia. Por favor, envíamelo a la mayor brevedad

Saludos


No se envía",,MADRID\1APROVINCIA\ALCORCON\avdelasflores79-81\FICHA DATOS.docx
avdeloeste1-3,ok,H82474545,LUIS BAQUERO MARTINEZ,04546598G,A través de Javier parra de coinsa,,,fjparra@ascensorescoinsa.com,,,Daniel,por defecto: sin etiqueta = Daniel,,9463414VK2696S,,,,"24/03/2025
proyecto y CSS INCL

25/03/2025 Enviada HE
26/03/2025 Recibida HE firmada
04/04/2025 Se confirma con el presidente que la visita para hacer mediciones del edificio es el día 9 de abril  de 9.30 a 13.30 horas.
¡Tiene presupuesto firmado con un capitulo de proyecto y dirección de obra (4200€) que hay que restar OJO!
El presupuesto de contrata es 51076.34€ (NO INCLUYE IVA)","NOTA PARA ERNESTO:
Se sustituyen las puertas de acceso al vestíbulo de independencia por puertas con resistencia EI₂ 30 que ademas tengan clasificación C5 (con cierre automatico)

29/05/2025 notas Israel:

Daniel me pidió a final de este martes que hiciese modificaciones en el proyecto para incluir UGLAS como en madrid 42, perfiles 100x100 en el cerramiento apoyados en el forjado y vigas de 50x100 en la parte superior, ademas de tirantes metálicos

Instrucciones de Daniel
Añadir Uglas en lugar de vidrio como el Av madrid 42, además de añadir tirantes para el viento.
Añadir detectores de presencia al itinerario accesible
Estructura desde forjado de calle 100x100 con vigas y cables de acero

Proyecto realizado con las mismas instrucciones que Madrid 42 para la parte de estructura de la memoria.
Se cierran ambas escaleras aclarado en presupuesto y por llamada con javier parra coinsa

La ventilación de vestíbulos de independencia sale por montera separada de la de ascensor.
Nota Presupuesto:
-Respecto a las puertas que deben tener cierre automático lo que se hizo fue poner una partida de adaptación de puerta con barra antipánico, para que así cumplan normativa y salga mas económico que cambiarlas.

03/06/2025 Ernesto: El presupuesto de la contrata está muy bajo y faltan unas cuantas partidas, por lo que ayer se lo comuniqué por llamada telefónica y por correo al comercial Javier Parra de Coinsa. Como no tengo respuesta ya ajusté nuestro presupuesto al de ellos como normalmente se hace. En consulta a Daniel me dijo que con avisarles tenemos suficiente que esa empresa normalmente va a pérdidas o muy justo en sus presupuestos de cambiar el ascensor.
28/01/2026 desde el ayto de alcorcon indican que está pendiente de informe técnico del ayuntamiento y que les vuelva a llamar en 2-3 semanas.
Informo a luisbaquero1956@gmail.com

Nºexpediente 74-A/25
29/04/2026 llega la concesión de licencia.
Aparte informan de que tienen que realizar el pago de aval de residuos. Solicito la carta de pago o la cuenta bancaria para que realicen el depósito.
20/05/2026 (Adriana) pdt realicen el pago del aval de residuos",MADRID\1APROVINCIA\ALCORCON\avdeloeste1-3\FICHA DATOS.docx
avila3,ok,H79717740,OSCAR PÉREZ GONZÁLEZ,50033092L,Administración de Fincas VIZUETE,Mª Dolores Vizuete,91-644-21-22/ 691-26-81-38,adfvizuete@gmail.com,,,Daniel,por defecto: sin etiqueta = Daniel,,9865701VK2696N,"08/10/2024 VISITADO Y ENVIADA HOJA DE ENCARGO
21/10/2024 PRESENTACION 3D. SALDRÁ. TENEMOS QUE BUSCAR PRESUPUESTOS ADICIONALES.
25/11/2024 SE RECIBE FIRMADO. SE HA VOTADO HACERLO POR EL HUECO DE LA ESCALERA SIN INVADIR NADA.
16/01/2025 Alex comenta que debajo del portal hay dos locales. Uno de ellos tiene okupas. El otro, su dueño no vive en Madrid. No ha sido posible escanearlo.
Hablado con Daniel: Solución como cañada 8 de ALCORCON aunque tenga paso de 80
El proyecto consta con invasión de espacio público para poner la puerta con apertura hacia la calle (con barandillas para disminuir el riesgo de impacto)
06/02/2025 israel:

NOTA EN FICHA DE DATOS: se realizó con foso reducido, hay ocupas y no se pudo verificar si el ascensor cae justo en la vivienda okupada. Si es el caso, a los vecinos cuando vean los inconvenientes de los okupas Daniel les ofrecerá un elevador en lugar de un ascensor.

INSTRUCCIONES DE DANIEL:
vamos a intentar que nos admitan una rampa de 80 por imposibilidad técnica, pero puede, seguramente lo requieran, por instrucción de Daniel
Diseño de escalera visto por Daniel vara ver si nos lo admiten.
Se ocupa espacio público con rampa y apertura de portal hacia afuera
Se pica y se dejan rampas de 80 cm como en cañada 8 (y en planta baja aquí también se deja de 80. Lo mismo requieren por ahí)
20-02-2025 La administración me comenta que retrasan el tema de pago de tasas y licencia hasta marzo porque la comunidad no tiene dinero. Sofía
08-04-2025 envío 3 presupuestos a la admin. Sofia
El mié, 2 jul 2025 a las 9:37, Administración de Fincas Vizuete (<adfvizuete@gmail.com>) escribió:
Buenos días
Necesito varios presupuestos para realizar el IEE de los siguientes edificios en alcorcón:
Calle Bilbao 1
Calle Avila 3
Calle Princesa 25
Calle Virgen de Iciar 22

Quedo a la espera.
Un saludo
Mª Dolores
03/07/2025 HE IEE ENVIADA
07/07/2025 HE IEE FIRMADA
09/10/2025 Informa el ayto de Alcorcón que tardarán 10 días en terminar de tramitar la licencia (nº expediente 43-A/25). (Adriana)
18/12/2025 hablo con urbanismo, están en informe técnico, doy aviso a Carlos y a Ana.
21/01/2026 vuelvo a llamar al ayto y siguen igual, volver a llamar en dos semanas
08/04/2026 ENVIAN NOTIFICACION DE LA CONCESION DE LA LICENCIA. INFORMO A TODOS LOS INTERESADOS

11/06/2026 Pregunto a Elecnor (contrato firmado) y Vizuete cuándo van a empezar obra. Ana
Vizuete contesta que hay un cambio de empresa!!
25/06/2026 administrador ha quedado con Schindler el lunes 29/06 para: “reunión informativa y ya le firmaremos la propuesta.”
08/07/2026 administrador envia el presupuesto de SCHINDLER firmado
22/07/2026
de:
Administración de Fincas Vizuete <adfvizuete@gmail.com>

para:
Oficina Accesalia <oficina.accesalia@gmail.com>
Cc:
OBRAS ACCESALIA <obras.accesalia@gmail.com>
fecha:
22 jul 2026, 9:27

Los trabajos no han empezado, pero sería recomendable que el correo fuera con copia al departamento de obras de Schindler, ya que ellos en función de su organización, son los que van a marcar el inicio de las obras consensuado con la comunidad, claro. No obstante, la comunidad todavía no tiene la financiación.

PREGUNTO A JAVIER MOYA (SCHINDLER)
22/07/2026
de:
Javier González Moya <javier.gonzalez.moya@schindler.com>

para:
Oficina Accesalia <oficina.accesalia@gmail.com>
fecha:
22 jul 2026, 13:39

La llevo yo, estamos organizando el PSS y el tema administrativo de obra para poder indicarles planificación.

La obra la hará Gradcom, estamos esperando formalizar con ellos

23/07/2026 mando email a la comunidad con copia a Javier Moya para informar
28/07/2026 (Adriana) obras confirma que todavía no ha empezado la obra
15-09-26 HE CSS ENVIADA - HE CSS recibida firmada",ELECNOR · Elecnor · MARGARITA GONZALEZ BLANCO · 03750980W,,,,MADRID\1APROVINCIA\ALCORCON\avila3\FICHA DATOS TECNICOS.docx
badajoz20,ok,H79272555,JESUS SANTOS ALCOCER HERRERO,52867161M,Administración de Fincas Vizuete,,,adfvizuete@gmail.com,,Oscar Lopez,Daniel,por defecto: sin etiqueta = Daniel,,,"Propiedad: CDAD PROP CL BADAJOZ 20 ALCORCON
CIF:	H79272555
Presidente:	JESUS SANTOS ALCOCER HERRERO
DNI:		52867161M

Código postal:	28922
Referencia catastral: 9568502VK2696N
Fachada:
PEM:	113528,02€
Residuos:
SUPEFICIES
AMBITO ORDENACION
DISTRITO




Técnico: Dennis

Fue jefe de obra Mª Angeles Perez, pero ha pasado a Manuel Requena (02/11/2023)

COAM
TL/014002/2024 CFO",,,,,MADRID\1APROVINCIA\ALCORCON\badajoz20\FICHA DE DATOS ACCESALIA.docx
badajoz7,sin ficha,,,,,,,,,,,,,,,,,,,
bilbao1,ok,H80580558,JOSE LUIS ZARAGOZA GARCIA,07529830K,VIZUETE,Mª Dolores,91-644-21-22  / 691-26-81-38,adfvizuete@gmail.com,,Mª Dolores,Daniel,por defecto: sin etiqueta = Daniel,,9767125VK2696N,"15/02/2024 DADO PRECIO PARA PROYECTO Y SUBVENCION. COMISIONES PARA OSCAR
2/07/2025 esto al aprecer no siguio adelante ahora nos contacatan solo para IEE
El mié, 2 jul 2025 a las 9:37, Administración de Fincas Vizuete (<adfvizuete@gmail.com>) escribió:
Buenos días
Necesito varios presupuestos para realizar el IEE de los siguientes edificios en alcorcón:
Calle Bilbao 1
Calle Avila 3
Calle Princesa 25
Calle Virgen de Iciar 22

Quedo a la espera.
Un saludo
Mª Dolores
03/07/2025 HE ENVIADA
07/07/2025 HE IEE FIRMADA",OSCAR LOPEZ · ASCENSOR Y SUBVENCION,,,,MADRID\1APROVINCIA\ALCORCON\bilbao1\FICHA DATOS TECNICOS.docx
caceres20,ok,H79128005,Mª OLIVA ALVAREZ ROZAS,08931152E,González y López Abogados SCP,Ana Ginés Alvarez,916436293,aig@gonzalezylopezabogados.es,,,Carlos,etiqueta de la ficha,,9469402VK2696N,,ES82 0081 0283 4100 0153 9355,,"---------- Forwarded message ---------
De: <aig@gonzalezylopezabogados.es>
Date: mié, 2 jul 2025 a las 13:02
Subject: INSTALACION ASCENSOR CL. CACERES 20-URGENTE
To: daniel de soto <danieldesotoarquitecto@gmail.com>

Buenos días Daniel,
Espero que sigas bien.
Te comento que el presidente de la calle Cáceres 20 quiere hacer una reunión para aprobar la instalación del ascensor.

En su momento, cuando se hizo el IEE, el arquitecto indicó que no había viabilidad para instalar el ascensor, pero el presidente dice que en otro portal de esa calle ya han empezado a instalarlo, no sé por donde irá, pero necesito saber si actualmente habría posibilidad de instalarlo. No sé si podrías pasarte a verlo igual que hiciste con los de la calle Málaga.

Quedo a la espera de tus noticias

Un saludo

Ana Ginés Alvarez

González y López Abogados SCP

Cl. Rioja, 2- 3ª planta

28921 – ALCORCON (Madrid)

Telefo.: 916436293
Daniel:
Se derriba la escalera completa y se coloca un ascensor para cuatro personas. Se modifican los contadores del lugar y se colocan en armario homologado..   costo de obra aprox 220mil iva inluido
14/07/2025 HE ENVIADA
17/09/2025 ALEX: El 3D que hay, la escalera es de 2,30m; Daniel dice que tenemos escaleras mas pequeñas en Alcorcon, una de 2,17 m con lo cual la escalera puede ser mas pequeña y el ascensor mas grande.

18/09/2025 carlos se va a encargar de ir a junta a venderles nuestro proyecto. Va a ser el día 25/09
3-12-2025 firmada HE. OJO tienen ya IEE hecha reciente.
21/01/2026 envio proyecto terminado a los interesados, pndt ok proyecto
22/01/2026 dan ok a pedir presupuestos. El administrador indica: “De momento no se puede solicitar ninguna licencia”
26/02/2026 pte que CarlosG indique a qué contratas se los pedimos
27/02/2026 paso a visar proyecto
05/03/2026 envío proyecto visado, a la espera de que informen que puedo tramitar la licencia
24/04/2026 pregunto al administrador si quiere que vayamos solicitando la licencia
18/06/2026 Se mandan presups para votar (Ana)
15/07/2026 Hablado con Ana Ginés, me indica que votarán los presupuestos después del verano y luego ya se tramitará la licencia. Ana
25/09/2026 (Adriana) solicito la documentación al administrador para empezar con la solicitud de licencia.

Envío documentos para que firme el presidente de la comunidad.
Pdt confirmen si solicito las tasas (tienen junta el 05/10)
28/09/2026 (Adriana)
de:
Ana Isabel Ginés <aig@gonzalezylopezabogados.es>

para:
Oficina Accesalia <oficina.accesalia@gmail.com>
fecha:
28 sept 2026, 18:55
Como la semana que viene se va a celebrar la junta y saldrá nuevo presidente, ya que me lo firme el nuevo para que así toda la documentación a partir de ese momento vaya firmada por la misma persona

****Pdt. Que envíen la docuemtación actualizada y los documentos firmados****",LA COMUNIDAD PRESENTA IEE,MADRID\1APROVINCIA\ALCORCON\caceres20\FICHA DATOS.docx
caceres25,ok,,,,,,,,,PEDRO ARANDA  THYSSEN,Daniel,por defecto: sin etiqueta = Daniel,,,"Propiedad:
CIF:
Presidente:
DNI:

Código postal:
Referencia catastral:
Fachada:
PEM:	residuos:
SUPEFICIES
AMBITO ORDENACION
DISTRITO",,,,,MADRID\1APROVINCIA\ALCORCON\caceres25\FICHA DE DATOS ACCESALIA.docx
caceres30,ok,H79654000,ANGEL AREVALO DE BENITO,01471027Q,MOSAN ABOGADOS PEDIDOS DOCS CP 12/03,Rosa Maria Corrochano,91 611 72 85,mosan@grupomosan.es,,,Daniel,por defecto: sin etiqueta = Daniel,,9365002VK2696S,,,,"12/03/2025 Piden Salvaescaleras por DR. Avisar a Oscar López cuando se vaya a escanear. El tramo de subidas hasta el rellano donde están los ascensores es de 6 peldaños divididos en dos tramos y los queremos juntar por requerimiento de la instalación de la plataforma.

Este proyecto lo facturamos directamente con la oficina  de Fuenlabrada.
hablar con Noelia para que os de los números de facturación.
noelia.morente@fainascensores.com

28/05/2025 por indicación de Daniel: unificar las escaleras en un solo tramo, y colocar la plataforma inclinada
04/06/2025 Julio: ha pedido de Oscar López se modifican las dimensiones de la plataforma. Adjunto captura del presupuesto enviado donde dice expresamente que las dimensiones serán dependiendo de las necesidades del proyecto, y expone varias opciones.

Adjunto captura del DA DB-SUA/2 donde se exponen las dimensiones mínimas de las plataformas elevadoras inclinadas. Las dimensiones iniciales de la plataforma proyectada eran de 70x90 cm, cumpliendo con la normativa y con el presupuesto, y dejando un espacio de 67 cm cuando ésta se encuentra desplegada, como expone el  DA DB-SUA/2.
La modificación que pide Oscar, no respeta el orden jerárquico del cumplimiento del DA DB-SUA/2. De igual manera, se modifica el proyecto como se me solicitó. Se modifican los planos de Arquitectura e instalaciones, así como la memoria.
DANIEL INDICA QUE HAGAMOS LAS MODIFICACIONES Y PRESENMOS ASÍ Y SI LO DENIEGAN SE LO ENVIAMOS A OSCAR LOPEZ PARA QUE LO VEA

---------- Forwarded message ---------
De: Oscar Lopez Fernandez <oscar.lopez@fainascensores.com>
Date: mié, 2 jul 2025 a las 18:18
Subject: Fwd: [External] Re: [External] CACERES 30 ALCORCON - AUTORIZACIÓN INICIO OBRA
To: daniel de soto <danieldesotoarquitecto@gmail.com>, Gerencia Accesalia <gerencia.accesalia@gmail.com>

Hola buenos dias.
La semana del 21 al 25 me confirma Gedcom que comenzarán con las Obra.
La coordinación de seguridad  la llevaréis vosotros por si tenéis que solicitarles documentación .
Os copio el correo con los cargos que os pagará Fain por este proyecto y coordinación de seguridad. Entiendo que ya habéis girado los cargos o estáis en ello.

17/08/2026 (Adriana) llega concesión de la DR, se la envío a todos los interesados (obra acabada, gestionando CFO)
24/08/2026 (Adriana) se pasa a visar cfo
02/09/2026 CFO visado, enviado y registrado en el ayto",,MADRID\1APROVINCIA\ALCORCON\caceres30\FICHA DATOS.docx
caceres48,ok,,,,VIZUETE,Alcorcón 28921,Mª Dolores,91-644-21-22  / 691-26-81-38,,,Daniel,etiqueta de la ficha,,,adfvizuete@gmail.com,,adfvizuete@gmail.com,"16/09/2025 Daniel: He ido a revisar una cubierta mal ejecutada, donde hay que cambiar todos los canalones colocados de un proyecto de Sate envolvente térmica con cubierta. He ido con Matedecon y vamos a hacer un estudio y una oferta para hacer el arreglo correspondiente.. posiblemente me tocará hacer una pericial donde especifique cuál es el problema y patología de la cubierta. Vizuete se encargará de pasarme el proyecto, por lo que hay que llamarle la semana que viene para recordarle que nos tiene que dar una copia completa del proyecto de ejecución.. y cuando lo tengamos coordinar con Matedecon con Roberto el hacer la propuesta a los vecinos
---------- Forwarded message ---------
De: Administración de Fincas Vizuete <adfvizuete@gmail.com>
Date: mar, 16 sept 2025 a las 13:26
Subject: PROYECTO CALLE CÁCERES 48
To: daniel de soto (danieldesotoarquitecto@gmail.com) <danieldesotoarquitecto@gmail.com>


Hola Daniel
te mando el proyecto de lo que hemos visto esta mañana.
Un salud

DANIEL: He ido a revisar una cubierta mal ejecutada, donde hay que cambiar todos los canalones colocados de un proyecto de Sate envolvente térmica con cubierta. He ido con Matedecon y vamos a hacer un estudio y una oferta para hacer el arreglo correspondiente.. posiblemente me tocará hacer una pericial donde especifique cuál es el problema y patología de la cubierta. Vizuete se encargará de pasarme el proyecto, por lo que hay que llamarle la semana que viene para recordarle que nos tiene que dar una copia completa del proyecto de ejecución.. y cuando lo tengamos coordinar con Matedecon con Roberto el hacer la propuesta a los vecinos
26/09/2025 enviada HE MEMORIA VALORADA JUNTO A PRESUPUESTO DE MATEDECON ENVIADOS",,MADRID\1APROVINCIA\ALCORCON\caceres48\FICHA DATOS.docx
cañada16,ok,,,,,,,,,,Alvaro,etiqueta de la ficha,,,,,,"i.v. : Excavación en mina para reestructuración del portal con acceso mediante rampa a cota de planta sótano, modificación de acceso/portal con puerta según normativa, derribo completo de escalera y reconstrucción conforme a normativa, e instalación de ascensor con capacidad para dos/tres personas, embarque simple y cinco paradas.",,MADRID\1APROVINCIA\ALCORCON\cañada16\FICHA DATOS.docx
cañada22,ok,H79648440,,02178744T,"Administración de Fincas VIZUETE Pedidos docs cp 10/07, 17/07, 18/09",Mª Dolores Vizuete,91-644-21-22/ 691-26-81-38,adfvizuete@gmail.com,,,Daniel,etiqueta de la ficha,,9664008VK2696S,,,,"---------- Forwarded message ---------
De: Administración de Fincas Vizuete <adfvizuete@gmail.com>
Date: vie, 13 jun 2025 a las 11:19
Subject: SOLICITUD DE PRESUPUESTOS RAMPAS ACCESIBILIDAD
To: Oficina Accesalia <oficina.accesalia@gmail.com>


Buenos días
Necesito hacer dos rampas en dos portales que cumplan la normativa en materia de accesibilidad. Necesitaría presupuesto para hacer dos proyectos. Las direcciones son:
Plaza Mondariz 7 en madrid 28029
Calle Cañada 22 en alcorcón 28921
Quedo a la espera
Un saludo
Mª Dolores Vizuete


16/06/2025 HE ENVIADA
10/07/2025 HE RECIBIDA FIRMADA
10/10/2025 SE PASA A VISAR Y SOLICITUD DE TASAS
10/10/2025 ---------- Forwarded message ---------
De: Administración de Fincas Vizuete <adfvizuete@gmail.com>
Date: vie, 10 oct 2025 a las 11:50
Subject: Re: CAÑADA 22 ALCORCON - FACTURA 2a mitad
To: Maria Alexandra Oliveira <aoliveira.accesalia@gmail.com>, daniel de soto (danieldesotoarquitecto@gmail.com) <danieldesotoarquitecto@gmail.com>
Cc: <gerencia.accesalia@gmail.com>, <asantamarta.accesalia@gmail.com>


Buenos días
acabo de ver los planos del proyecto de cañada 22 que me habéis mandado y no es correcto. Me estais haciendo un proyecto para poner un elevador en un portal que no es Cañada 22. La solicitud que os hicimos es para construir una rampa exterior del edificio, para salvar los escalones que hay a la entrada del portal, fuera del portal. Una vez entras en el portal no hay escalones, es todo plano. Todos los planos que mandáis están mal no corresponden a ese portal.
El proyecto no se corresponde con lo solicitado.
Quedamos a la espera del nuevo proyecto.
Un saludo

Mª Dolores Vizuete
Administración de Fincas VIZUETE
Calle Fuenlabrada nº 17, 2ºplanta
Alcorcón 28921
91-644-21-22/ 691-26-81-38

13/10/2025 Carla. Le explico a Daniel que la rampa en el exterior no cumple puesto que invade la fachada del edificio colindante. Me indica que lo haga así y que sea el Ayto el que indique que no cumple. Preparo proyecto con invasión de espacio público. NOTA: Además la rampa sólo puede ser de 120cm pq tenemos árbol de grandes dimensiones que nos impide hacerla más ancha.
24/10/2025 pendiente ok por parte del administrador del proyecto modificado
03/03/2026 administradora llama para saber el estado de la licencia, le indico que todavía no han pagado las tasas. A la espera de que envíen las tasas pagadas para poder gestionar la licencia
26/03/2026 se registra licencia + solicitud de bonif ICIO.
Envio justificantes de registro a los interesados
19/05/2026 hablado con Vizuete: no pedir presupuestos hasta que haya licencia. Les han dicho que no resuelve totalmente accesibilidad. Han encargado ascensor (ana)
15/07/2026 (Adriana) desde el ayto indican que el expediente continúa pendiente de revisión por parte del técnico municipal.
Llamar la semana que viene. Informo al administrador.
25/09/2026 (Adriana) se le informa al administrador que estamos con el requerimiento y que se ha solicitado una prorroga para contestar correctamente a lo que solicitan",,MADRID\1APROVINCIA\ALCORCON\cañada22\RAMPA 2025\FICHA DATOS.docx
cañada8,ok,H79908042,,,Administración de Fincas Vizuete,Mª Dolores Vizuete,916442122-691268138,adfvizuete@gmail.com,THYSSEN,PEDRO ARANDA,Daniel,por defecto: sin etiqueta = Daniel,Patricia APILANEZ,9764101VK2696S,"ASCENSOR
-Carga / Capacidad 225 kgs.
-3 PERSONAS
-Foso 1.300 mm
-Rec. Libre Seg./Huida: 3.400 mm hasta parte baja viga o gancho
-Dimensiones cabina 736 x 838 mm
-Altura de cabina 2.100 mm
-Ancho de hueco libre y aplomado, sin contar estructura ni cerramiento: 1.140 mm
-Fondo de hueco libre y aplomado, sin contar estructura ni cerramiento:
1.090 mm
-Velocidad 0,60 m/s
-Tracción Hidráulica
-Paradas/Accesos 5 paradas / 5 accesos
-Embarque Simple
-Tensión TRIFÁSICA
-PUERTA DE CABINA
Tipo Lateral automática 3 hojas 700 mm paso libre
Acero Inox. Estándar
-PUERTAS DE PASILLO
Tipo Lateral automática 3 hojas 700 mm paso libre
Acabado Pintadas al martelé color a elegir
24-01-2025 TECNICO DEL AYTO ENVIA EMIAL CON APROBACION DE INFORME PARA CAMBIO DE DIRECCIÓN DE PUERTA. SE ENVIA A VIZUETE Y MIKEL VALDERRAMA",,,,,MADRID\1APROVINCIA\ALCORCON\cañada8\FICHA DATOS TECNICOS.docx
cisneros24,ok,H78915212,,,SERVICASA,,,c.villaverde@servicasasl.es,,ROSERSE JOSE OLIVARES,Daniel,por defecto: sin etiqueta = Daniel,,,"Propiedad:	CDAD PROP CL CISNEROS 24 ALCORCON
CIF:		C.I.F. H78915212
Presidente:
DNI:

Código postal:	28922
Referencia catastral: 9567009VK2696N
Fachada:
PEM:	96632,76
Residuos:
SUPEFICIES
AMBITO ORDENACION
DISTRITO
28922
COAM:

TL/020921/2023

Expediente AB INSTALACION DE ASCENSOR CISNEROS 24 (MAYOR) 2021/616
20/12/21 Concesión licencia firmada. Falta que lo firme el concejal
07/03/22 no han recibido nada todavía
10/03/22 hablado con ayto, ya tienen la firma, falta notificar. Se lo mandarán a Rosa por mail",,,,,MADRID\1APROVINCIA\ALCORCON\cisneros24\FICHA DE DATOS ACCESALIA.docx
cisneros31,ok,H79727673,,,,,,acruber@gmail.com,,David Camara,Daniel,por defecto: sin etiqueta = Daniel,,,"Propiedad: CDAD PROP CL CISNEROS 31 ALCORCON
CIF:	     H79727673
Presidente:
DNI:

Código postal:	28921
Referencia catastral: 9566403VK2696N
Fachada:
PEM:	11.716,39€
residuos:",,,,,MADRID\1APROVINCIA\ALCORCON\cisneros31\FICHA DE DATOS ACCESALIA.docx
colon22,ok,,,,,,,,,PEDRO ARANDA,Daniel,por defecto: sin etiqueta = Daniel,,,"Propiedad:
CIF:
Presidente:
DNI:

Código postal:
Referencia catastral:
Fachada:
PEM:	          residuos:",,,,,MADRID\1APROVINCIA\ALCORCON\colon22\FICHA DE DATOS ACCESALIA.docx
colon35,ok,,,,,,,,,PEDRO ARANDA,Daniel,por defecto: sin etiqueta = Daniel,,,"Propiedad:
CIF:
Presidente:
DNI:

Código postal:
Referencia catastral:
Fachada:
PEM:	          residuos:",,,,,MADRID\1APROVINCIA\ALCORCON\colon35\FICHA DE DATOS ACCESALIA.docx
espada21,ok,,,,,,,,,PEDRO ARANDA  THYSSEN,Daniel,por defecto: sin etiqueta = Daniel,,,"Propiedad:
CIF:
Presidente:
DNI:

Código postal:
Referencia catastral:
Fachada:
PEM:	residuos:
SUPEFICIES
AMBITO ORDENACION
DISTRITO",,,,,MADRID\1APROVINCIA\ALCORCON\espada21\FICHA DE DATOS ACCESALIA.docx
espada29,sin ficha,,,,,,,,,,,,,,,,,,,
estacion1,ok,,,,,,,,,,Carlos,etiqueta de la ficha,,,,,,"El presidente de la calle Estación 1 me ha comentado que quiere saber si habría posibilidad de instalar el ascensor en la comunidad, con lo que necesitaría que por favor contactaras con el y te pasaras para ver si es posible, en cuyo caso lo incluiría en la convocatoria de la próxima reunión para que también tu o tu compañero que estuvo conmigo en Cáceres 20 pudierais explicarlo.

Te anoto los datos de contacto del presidente:

Jesus
Teléfono 676559693",,MADRID\1APROVINCIA\ALCORCON\estacion1\FICHA DATOS.docx
europa22,ok,,,,,,,,,,"VARIOS: CARLOS, DANIEL",la etiqueta nombra a varios: mirar a mano,,,,,,,,MADRID\1APROVINCIA\ALCORCON\europa22\FICHA DATOS.docx
fuenlabrada13,ok,,,,SERGIO,,,,,ALBERTO FAIN,Daniel,por defecto: sin etiqueta = Daniel,,,"Propiedad:
CIF:
Presidente:
DNI:

Código postal:
Referencia catastral:
Fachada:
PEM:	residuos:
SUPERFICIES
AMBITO ORDENACION
DISTRITO


DEBAJO DE CONTADORES ESTÁ LA CALDERA DE CARBON",,,,,MADRID\1APROVINCIA\ALCORCON\fuenlabrada13\FICHA DE DATOS ACCESALIA.docx
fuenlabrada15,ok,H79701868,,,Administración de Fincas Vizuete,Mª Dolores Vizuete,916442122; 691268138 (Ruth); 669176870 dolores,adfvizuete@gmail.com,THYSSEN,PEDRO ARANDA,Daniel,por defecto: sin etiqueta = Daniel,Javier Cacho,9966401VK2696N,"PGOU enero 1999

07/06/2023
Pasarle a MD el presupuesto de honorarios.

04/08/22 Daniel ha hablado con el técnico municipal y se ha comprometido a dar informe favorable este mes de agosto. Avisado a la administradora.

18/10/2023 ESTÁN EN PROCESO DE CONTRATACIÓN DE SUBCONTRATISTA EN TKE. PREVÉN QUE EMPEZARÁ LA OBRA EN DICIEMBRE
---------- Forwarded message ---------
De: Administración de Fincas Vizuete <adfvizuete@gmail.com>
Date: vie, 20 mar 2026 a las 9:40
Subject: RELACION DE TRABAJOS EJECUTADOS Y NO REALIZADOS EN FUENLABRADA 15
To: daniel de soto (danieldesotoarquitecto@gmail.com) <danieldesotoarquitecto@gmail.com>


Hola Daniel
te mando la relación de los trabajos y su valoración económica. No estamos de acuerdo en el capítulo II ya que se tendría que haber pasado a la comunidad un anexo al tratarse de un importe tan elevado. Al presidente se le dijo que el hueco de la escalera y la puerta se le compensaba por el valor de la puerta del portal. Eso es lo que dijo la subcontrata el jueves que nos reunimos con ellos. Según ellos  con esta valoración nos están regalando 4.000 euros de obra, vamos que no se lo creen ni ellos.
Comentamos si te parece.
Un saludo
Mª Dolores

C:\accesalia Dropbox\D SM\Ascensores y rehabilitaciones\MADRID\1APROVINCIA\ALCORCON\fuenlabrada15\DATOS\presupuesto\RECIBIDO POR LA ADMI PARA CONSULTA DE PARTIDAS
26-03-2026 informe enviado a Vizuete",,,,,MADRID\1APROVINCIA\ALCORCON\fuenlabrada15\FICHA DATOS TECNICOS.docx
gardenias21-23-25-27-29-31-33-35-37-39,ok,,,,,,,mdmgonzalez@elecnor.com,ELECNOR,ANA ENCINAS,Daniel,por defecto: sin etiqueta = Daniel,,,"30/10/2024
Solicito precio para una valoración general de los elementos estructurales de los edificios que, a priori, presentan oxidación y filtraciones en muchas zonas de la comunidad. Se encuentra en Calle de Gardenias, 21,39, Alcorcón.
Es una comunidad de 10 edificios (21-23-25-27-29-31-33-35-37-39).
Os mandamos las fotos de la visita que hicimos a través de un Wetransfer.

Cualquier cosa no dudeis en contactar conmigo.

Gracias,
un saludo.
Mar González
Oficina técnica

Dirección de Negocio/ Mantenimiento I
Calle Alcalá, 265. Edificio 4, planta 1ª
28027, Madrid.
Tlf.: 646 898 296
mdmgonzalez@elecnor.com

y Ana Encinas Elecnor
Se manda correo con el precio: estudio de patologías de los 10 edificios. Incluye soluciones calculadas.",,,,,MADRID\1APROVINCIA\ALCORCON\gardenias21-23-25-27-29-31-33-35-37-39\FICHA DATOS TECNICOS.docx
guadalajara3,ok,H79762258,,51054903N,A TRAVES DE ROSA,,,,ROSERSESE,,Daniel,por defecto: sin etiqueta = Daniel,,9765001VK2696N,"01/12/2023 ASC POR DENTRO Y RAMPA POR JARDINES DE FUERA. SE MANDA HOJA DE ENCARGO
04/12/2023 Me dice la presidenta que hay un local debajo. DAVID: Ojo hacer fotos o tomar medidas por si acaso! (Ana)
11/04/2024: Se comunica a Daniel que es inviable hacer rampa por fuera por ser espacio que no pertenece a la comunidad y porque la rampa no cabe para salvar la altura necesaria hasta PB.
18/02/2025 Requerimiento terminado de guadalajara 3 con los cambios que el técnico del ayuntamiento habló con Daniel en la reunión
06/06/2025 licencia concedida.
05/03/2026 alejandra manda email:
“Daniel ha llamado para decir que referente a la comunidad arriba indicada  hay que hacer una modificicacion de la licencia , que hay que hacer una rampa por fuera en lugar de la plataforma igual a una que se ha hecho en Mostoles y que se adjudique al tecnico pronto (ya he mirado y es Jhonatan).”
Pdt que haga modificación Jhonatan, visarlo y después solicitar modificación de la licencia
Se realiza un acta de seguridad el día 17-06-2026 es una obra que no avanza y los medios de seguridad no se cumplen
Se subsanan las mediadas de seguridad en el acta del día 30-06-2026 pero la obar no avanza se habla con la contrata",,,,,MADRID\1APROVINCIA\ALCORCON\guadalajara3\FICHA DATOS TECNICOS.docx
guindales25,sin ficha,,,,,,,,,,,,,,,,,,,
iglesia16portal1,ok,H79601373,JORGE MATEO PASTOR,08037615N,,Juan Carlos Martin,916117285,juancarlosmartin@grupomosan.es,FAIN,DAVID CAMARA,Daniel,por defecto: sin etiqueta = Daniel,,9871318VK2697S,ESPERAR A QUE DAVID CAMARA NOS PASE NUMEROS + TAMAÑO DEL ASCENSOR DIRECTAMENTE (ES BAJARLO 1 M HACIA ABAJO. IMPORTANTE MIRAR CUARTO CONTADORES),,,,,MADRID\1APROVINCIA\ALCORCON\iglesia16portal1\FICHA DATOS TECNICOS.docx
iglesia16portal4,ok,H80238470,ESPERANZA ROMERO GONZALEZ,70498375V,GRUPO MOSAN ABOGADOS SLUP,Juan Carlos Martín Velázquez,916117285,juancarlosmartin@grupomosan.es,FAIN,DAVID CAMARA,Daniel,por defecto: sin etiqueta = Daniel,,9871318VK2697S,ESPERAR A QUE DAVID CAMARA NOS PASE NUMEROS + TAMAÑO DEL ASCENSOR DIRECTAMENTE (ES BAJARLO 1 M HACIA ABAJO. IMPORTANTE MIRAR CUARTO CONTADORES),,,,,MADRID\1APROVINCIA\ALCORCON\iglesia16portal4\FICHA DATOS TECNICOS.docx
iglesia22,ok,H80620081,,,"A.F. SERRANO LOBO, S.L (pedidos docs 04/01/23)",Tamara  de 10 a 13  y de 5 a 6/ Eduardo,91.619.83.03. Eduardo 685135437,administrativo3@administracionserranolobo.com; eduardo@administracionserranolobo.com,,,Daniel,por defecto: sin etiqueta = Daniel,,9872103VK2697S,"22/12/22
OJO CON EL SOTANO, QUE TIENEN SOTANO

20-02-2026 burofax enviado de subvenciones
23-03-2026 HE DF Y CSS enviada a Mónica para ok 26-03 enviada a felix Urena , al parecer van a ser la empresa contratista Felix <felixurena@urvall.es Daniel ha indicado hacer unas modificaciones en los 3d existentes que posteriormente se le enviaran a esta persona

02-06-26 HE enviada con modif indicadas por Daniel en la forma de pago
03-06-26 recibidas firmadas",OSCAR LOPEZ · Victor esquinas · Abel bernardos,,,,MADRID\1APROVINCIA\ALCORCON\iglesia22\FICHA DATOS TECNICOS iglesia 22.docx
infantas1,ok,,,,,,,,,PEDRO THYSSEN,Daniel,por defecto: sin etiqueta = Daniel,,,"Propiedad:
CIF:
Presidente:
DNI:

Código postal:
Referencia catastral:
Fachada:
PEM:	          residuos:",,,,,MADRID\1APROVINCIA\ALCORCON\infantas1\FICHA DE DATOS ACCESALIA.docx
infantas5,ok,,,,,,,,,PEDRO ARANDA  THYSSEN,Daniel,por defecto: sin etiqueta = Daniel,,,"Propiedad:
CIF:
Presidente:
DNI:

Código postal:
Referencia catastral:
Fachada:
PEM:	residuos:
SUPEFICIES
AMBITO ORDENACION
DISTRITO",,,,,MADRID\1APROVINCIA\ALCORCON\infantas5\FICHA DE DATOS ACCESALIA.docx
infantas9,ok,H79265344,FRANCISCO CABRERA BLANCO,06899036W,CIUDADELA,Andrés Avila,919015088,info@ciudadela.eu andres.avila@ciudadela.eu,SCHINDLER,JAVIER GONZALEZ MOYA,Daniel,por defecto: sin etiqueta = Daniel,,9568508VK2696N,"24/07/2024 MAIL DE JAVIER:
Buenos días,

Nos han adjudicado proyecto en la comunidad del asunto.

El administrador es Leandro de Ciudadella.

Me gustaría que me pasaseis presupuesto porque según conversación con Daniel la semana pasada estoy interesado en que lo hagáis vosotros. Por mí, podríais tomar medidas esta semana, iría ascensor y plataforma y tenemos un trastero en foso que habría que anular completamente. A los trasteros se accede desde la calle.

En el presupuesto tenéis la solución que yo ví más conveniente, aunque si bien creo que es mejor desplazar la cabina al lado contrario del núcleo de escaleras.

Os dejo el contacto del presidente:
Francisco Cabrera – 646649708.

contacto del presidente para que te pueda asistir en las mediciones, sobre todo las de los trasteros que hay en planta sótano.

Francisco Cabrera – 646649708

25/10/2024 por orden de Daniel, se actúa en todo el pavimento de todas las plantas.
Se indica en plano “forjado sanitario, uso exclusivo mantenimiento” para cuando hagamos el informe del foso, se indicará que son trasteros. Se deja informe redactado, con los datos del estado actual, pendiente revisar si hay requerimientos y si ha cambiado el proyecto.

Se realiza presupuesto teniendo en cuenta que en el presupuesto de Schindler no contempla la instalación de montera para ventilación en cubierta, y la demolición y formación de escalera en portal para proyectar 1.50m delante del portal. Se envía mail a Javier Moya (Schindler)

28/10/2024  Hablado con Javier, su presupuesto absorbe las partidas no presupuestadas. Indica que no quiere foso colgado, se habló en reunión que ese trastero se demolía, por lo que NO SE HACE FOSO, CIMENTACIÓN NORMAL.
13-11-2024 RECLAMO TASAS PAGADAS Y ADMINISTRADOR ME DICE QUE LAS PAGARAN EN LOS PRÓXIMOS DIAS


02-06-2025 ENVIADA HE SUBV

02-06-2025 FIRMADA HE SUBV

07/11/2025 de urbdisycontrol@ayto-alcorcon.es

Informarle de que su expediente con número 94-A/24, para instalación de ascensor en la Comunidad de Propietarios de la C/ Infantas n.º 9, se encuentra pendiente de informe técnico por parte de la Sección de Arquitectura, Instalaciones y Obras.

Para conocer el estado de su expediente puede ponerse en contacto con dicho departamento en el el teléfono: 91 11 27 030 (extensiones: 38613 / 38646). No obstante, comentarle que las consultas técnicas únicamente se realizan de manera telefónica los lunes y miércoles de 12:00 a 14:00 horas.

Si tiene alguna duda más quedamos a su disposición en el teléfono 91 11 27 030 (extensiones: 38642 y 38613).

************

-doy aviso a Javier Gonzalez Moya que estaba preguntando.


21/01/2026 hablo con el ayto y me indican que llame en dos semanas, sigue en informe técnico.
Se lo informo a Javier gonzalez


23/04/2026 llega notificación del ayto con la concesión de la licencia.

Informo a todos los interesados.


24/04/2026 javier.gonzalez.moya@schindler.com comunica que ha hablado con el presidente de la comunidad para reunirse y ver comienzo de la obra.",LEANDRO MOLINERO · DAVID CASTILLO actual admin · leandro.molinero@ciudadela.eu · /,,,,MADRID\1APROVINCIA\ALCORCON\infantas9\FICHA DATOS TECNICOS.docx
jaboneria36,ok,H79915757,JACINTO CORNEJO LOPEZ,50040754E,Administración de Fincas Vizuete,Mª Dolores Vizuete,916442122-691268138,adfvizuete@gmail.com,CDAD PROP,DOLORES VIZUETE ADMIN,Daniel,por defecto: sin etiqueta = Daniel,,0170802VK3607S,"15/04/2024 ENVIADA HOJA DE ENCARGO
14/05/2024 FIRMADA HOJA DE ENCARGO
12/02/2025 REQ IEE DESFAVORABLE: La IEE se ha presentado DESFAVORABLE en fachadas y medianeras, la comunidad tiene problemas de humedades derivadas de filtraciones. (las filtraciones son causadas por el edificio contiguo). Hablar con Daniel de como proceder, ya que la comunidad no debería subsanar ningún problema que sea consecuencia del edificio contiguo. En todo caso el edificio contiguo debe subsanar su problema en cubierta, que es la que esta causando filtraciones en esta comunidad.
18/02/2025 ALEX: He hablado con el técnico del Ayuntamiento, dice que al tener 10 de años de vigencia la IEE, la comunidad debe arreglar y subsanar las deficiencias presentadas antes de pasar la próxima IEE en 10 años, que en todo caso la comunidad debe seguir insistiendo a la comunidad 34 o volver a denunciarles, el Ayuntamiento no tiene la obligación de exigir a la comunidad 34 de arreglar su cubierta, es por ello que jabonería 36 debe insistir en la reparación y arreglo de las deficiencias, antes de que pueda presentar un peligro inminente (ahora mismo no es un riesgo)",,,,,MADRID\1APROVINCIA\ALCORCON\jaboneria36\FICHA DATOS TECNICOS.docx
jaboneria4,ok,,,,,,,,,PEDRO ARANDA  THYSSEN,Daniel,por defecto: sin etiqueta = Daniel,,,"Propiedad:
CIF:
Presidente:
DNI:

Código postal:
Referencia catastral:
Fachada:
PEM:	          residuos:",,,,,MADRID\1APROVINCIA\ALCORCON\jaboneria4\FICHA DE DATOS ACCESALIA.docx
jaboneria61,ok,,,,,,,,,PEDRO ARANDA  THYSSEN,Daniel,por defecto: sin etiqueta = Daniel,,,"Propiedad:
CIF:
Presidente:
DNI:

Código postal:
Referencia catastral:
Fachada:
PEM:	residuos:
SUPEFICIES
AMBITO ORDENACION
DISTRITO",,,,,MADRID\1APROVINCIA\ALCORCON\jaboneria61\FICHA DE DATOS ACCESALIA.docx
lasvegas17,sin ficha,,,,,,,,,,,,,,,,,,,
lilos6,ok,,,,"GONZALEZ&LOPEZ, ABOGADOS, S.C.P.",José Luís González Carrasco.,Tlfo. 916436293 - Fax 91.6435189,administracion@gonzalezylopezabogados.es,,,Alvaro,etiqueta de la ficha,,,,,,,,MADRID\1APROVINCIA\ALCORCON\lilos6\FICHA DATOS.docx
loscantos7-9,ok,,,,Administración de Fincas Vizuete,DOLORES VIZUETE,916442122-691268138,adfvizuete@gmail.com,,,Daniel,por defecto: sin etiqueta = Daniel,,,22/06/2023	 Han votado que no.,,,,,MADRID\1APROVINCIA\ALCORCON\loscantos7-9\FICHA DATOS TECNICOS.docx
luna12,ok,,,,Administración de Fincas VIZUETE,Mª Dolores Vizuete,91-644-21-22/ 691-26-81-38,adfvizuete@gmail.com,,,Daniel,etiqueta de la ficha,,,,,,"--------- Forwarded message ---------
De: Administración de Fincas Vizuete <adfvizuete@gmail.com>
Date: mié, 2 jul 2025 a las 9:45
Subject: Re: SOLICITUD DE PRESUPUESTOS IEE
To: Oficina Accesalia <oficina.accesalia@gmail.com>


Hola de nuevo
me ha faltado una comunidad que también necesita el IEE
Calle Luna 12 en alcorcón también.
Un saludo
Mª Dolores Vizuete
03/07/2025 HE IEE ENVIADA",,MADRID\1APROVINCIA\ALCORCON\luna12\FICHA DATOS.docx
malaga4,ok,,,,González y López Abogados SCP,Ana Ginés Alvarez,916436293,aig@gonzalezylopezabogados.es,CDAD PROP,ANA GINES ADMINISTRADORA,Daniel,por defecto: sin etiqueta = Daniel,,,"CALLE MALAGA 4 ALCORCON- POSIBILIDAD INSTALACION ASCENSOR
Recibidos

aig@gonzalezylopezabogados.es
lun, 30 sept, 12:45 (hace 23 horas)
para mí

Buenos días Daniel,



Te comento que en Málaga 4 también quieren instalar el ascensor y quería preguntarte si te puedes pasar por la comunidad y prepararme lo mismo que para Málaga 6 y Mayor 27 y acudir a la reunión cuando tenga la fecha definitiva.

El teléfono de la presidenta para que vayas a ver las instalaciones si me dices que si es: 620257135- Felisa-.



Quedo a la espera de tus noticias.



Un saludo





Ana Ginés Alvarez

González y López Abogados SCP

Cl. Rioja, 2- 3ª planta

28921 – ALCORCON (Madrid)

Telefo.: 916436293

Citado para ir a verlo
08/10/2024 se envía hoja de encargo a admin y presidenta
19/12/2025 Carlos García le ha hecho una oferta
El mié, 10 jun 2026 a las 12:51, Ana Isabel Ginés (<aig@gonzalezylopezabogados.es>) escribió:
Buenos días Ana,

Tengo reunión esta tarde en Málaga 4 y necesito que me mandes el presupuesto actualizado.

Quedo a la espera.

Saludos

Ana Ginés Alvarez",,,,,MADRID\1APROVINCIA\ALCORCON\malaga4\FICHA DATOS TECNICOS.docx
malaga6,ok,,,,González y López Abogados SCP,Ana Ginés Alvarez,916436293,aig@gonzalezylopezabogados.esç,CDAD PROP,ANA GINES ADMINISTRADORA,Daniel,por defecto: sin etiqueta = Daniel,,,"17/09/2024
---------- Forwarded message ---------
De: <aig@gonzalezylopezabogados.es>
Date: lun, 16 sept 2024, 13:14
Subject: RV: PRESUPUESTO PLATAFORMA PLEGABLE EN CALLE MALAGA 6-ALCORCON-MUY URGENTE
To: Gerencia Accesalia <gerencia.accesalia@gmail.com>



Buenos días,

Os solicito con carácter de urgencia un presupuesto para instalar una plataforma plegable en el tramo del portal a la primera planta. Es para una silla de ruedas.

Os envío las fotos que me ha mandado la persona que  ha solicitado la instalación debido a los problemas de movilidad al haberle amputado una pierna, de ahí la urgencia.

Quedo a la espera de vuestras noticias.

Un saludo






QUIEREN ACCESIBILIDAD SOLO HASTA EL PRIMERO, VECINO AMPUTADO. Enviado presup a admin

Enviado a admin 18/09/2024

Buenos días Ana.
En esta dirección se puede colocar un ascensor para todos los vecinos, sin invadir zonas privadas, sin tocar cocinas. Se colocará exclusivamente en las zonas comunes ocupadas por la escalera actual. Habrá que modificar la escalera completa, quedando igual a la escalera que encontraréis en calle Cañada 8 de Alcorcón.
Será un ascensor con fondo superior a 1m y ancho superior a 0,75 m, por lo que cabrá perfectamente una silla de ruedas estándar.

El coste de estas obras rondará los 170.000 €(iva incluido)  más gastos de tasas municipales.

Podemos tramitar también las subvenciones, tanto de la Comunidad de Madrid, como del ayuntamiento si las sacase (de momento Alcorcón no tiene). El coste sería de 1980 € más iva, incluyendo elaboración y registro de CEE y de IEE.

Cuando quieras me acercaré a reunión de comunidad para enseñar un anteproyecto en 3-D del mismo de forma gratuita.
03/10/2024 Vamos a necesitar 3 presupuestos. Se encarga Mónica de pedirlos.",Plataforma plegable,,,,MADRID\1APROVINCIA\ALCORCON\malaga6\FICHA DATOS TECNICOS.docx
mancomunidadloscastillosyviñagrande,ok,H78817582,ANA MARÍA FIDALGO DE LAS HERAS,06510599N,"GESTIONES Y FINCAS BUJARUELO, S.L.",,916118195,aranzazu.dr@gmail.com,ENVOLTERMIA,,Daniel,por defecto: sin etiqueta = Daniel,,,"REF CATASTRAL
N plantas
N viv
S TOTAL cczc
S parc
AV VIÑAGRANDE




1
1771027VK3617S
ED TIPO 1
7P
24
3053
494
3
1771026VK3617S
ED TIPO 1
7P
24
3055
500
5
1771025VK3617S
ED TIPO 1
7P
24
3055
500
7
1771024VK3617S
ED TIPO 1
7P
24
3055
500
9
1771023VK3617S
ED TIPO 1
7P
24
3055
500
13
1771021VK3617S
ED TIPO 1
7P
24
3055
500
17
1771019VK3617S
ED TIPO 1
7P
24
3055
500
21
1771017VK3617S
no se hace
7P
24
3055
500
25
1771013VK3617S
ED TIPO 2
10P
36
4137
375
27
1771012VK3617S
ED TIPO 2
10P
36
4146
374
29
1771011VK3617S
ED TIPO 2
10P
36
5034
462
AV DE LOS CASTILLOS




26
1771007VK3617S
ED TIPO 1B
8P
28
3685
500
28
1771008VK3617S
ED TIPO 1B
8P
28
3502
500
32
1771010VK3617S
ED TIPO 1B
8P
28
3472
494


El vie, 22 dic 2023 a las 14:56, A Duran (<aranzazu.dr@gmail.com>) escribió:
Buenas tardes,

Os adjunto proyecto de Central Térmica y croquis de vivienda tipo de portales centrales.
Este es de la letra D, es decir en ese portal hay un simétrico a su derecha que será la letra C y a su vez los simétricos de enfrente con letras A y B, con hueco y meseta de escalera y ascensor por medio.
En este caso a fachada principal: Salon y 2 dormitorios y a fachada patio: Dormitorio, cocina y sala office.
Esto corresponde a portales intermedios es decir a Viñagrande 3, 5, 7, 9, 13, 17 y 21. Faltaría el tipo de esquina que sería Viñagrande 1 y Castillos 32. Y faltaría también el tipo Torre, que sería el portal 29.

Estos últimos estoy intentando conseguirlos. Os lo envío esta tarde cuando lo tenga, así como las fotos de las cubiertas.

Saludos,

Aranzazu

El vie, 22 dic 2023 a las 21:41, A Duran (<aranzazu.dr@gmail.com>) escribió:
Buenas noches,
Adjunto fotos de cubiertas de los portales del 1 al 9 y del portal 13 y 17.

Faltaría por enviaros cubiertas del portal 29 (torre a avenida de pinar)) y del portal 32 (portal a Avenida Castillos)

Os informo que el portal 21 causa baja en la solicitud de las ayudas, con lo cual quedarían:
Avenida viñagrande 1, 3, 5, 7, 9, 13, 17 y 29
Avenida de los Castillos 32

Total 9 portales.
De: A Duran <aranzazu.dr@gmail.com>
Date: mar, 26 dic 2023 a las 8:01
Subject: Re: DOC. NEXT G. LOS CASTILLOS
To: oficina.accesalia@gmail.com <oficina.accesalia@gmail.com>
Cc: Ruben Lopez Garcia <rlopez@envoltermia.com>, Alvaro Lopez Megia <alopez@envoltermia.com>


Buenos días,

Adjunto las fotos de la cubierta del portal 32 y el plano de vivienda de esquina que corresponde al portal 1 y 32.
En estos portales habría 2 letras que son vivienda de esquina, esta y su simétrica, son viviendas exteriores en su totalidad, es decir en el portal 1 la fachada de salón da a exterior a viñagrande o su simétrica al jardín interior de la urbanización, y el resto de la vivienda a un patio abierto en el testero. Ocurre igual en el portal 32, la fachada del salón da a Castillos o al jardín interior de la urbanización y el resto a patio abierto en fachada lateral testero.
Las otras 2 letras son viviendas como las del centro que os envié en correo anterior.

Todas las viviendas de la urbanización, de esquina o centrales, son de 3 dormitorios + office.
En la Torre, es decir portal 29 todas las viviendas exteriores, no hay patio interior.

Saludos,

Aranzazu

26/12/2023 INSTALACION FOTOVOLTAICA:
MARIANO MARTÍN LECHUGA – INGENIERO TÉCNICO INDUSTRIAL- COLEGIADO Nº 18.801 MADRID
PLENUM INGENIEROS. SL AVDA ALBUFERA  321, - P5 OFICINA 6. 28031 MADRID – 91 332 44 62 / 91 014 94 22",", 21 · ,",,,,MADRID\1APROVINCIA\ALCORCON\mancomunidadloscastillosyviñagrande\FICHA DATOS TECNICOS.docx
matadero18,ok,,,,,,,,ROEN,,Daniel,por defecto: sin etiqueta = Daniel,,,03/11/2023 5.5% PEM. COMUNIDAD 100 VECINOS,,,,,MADRID\1APROVINCIA\ALCORCON\matadero18\FICHA DATOS TECNICOS.docx
mayor27,ok,,,,González y López Abogados SCP,Ana Ginés Alvarez,916436293,aig@gonzalezylopezabogados.es,CDAD PROP,ANA GINES ADMINISTRADORA,Daniel,por defecto: sin etiqueta = Daniel,,,"16/09/2024
PRESUPUESTO PLATAFORMA PLEGABLE EN CALLE MAYOR 27- ALCORCON-MUY URGENTE
Recibidos

aig@gonzalezylopezabogados.es
lun, 16 sept, 17:55 (hace 3 días)
para mí

Buenas tardes,


Os solicito con carácter de urgencia un presupuesto para instalar una plataforma plegable en la entrada del portal del portal.

Os facilito el teléfono de la persona que lo ha solicitado para que podáis quedar y verlo in situ. MARISA- 615425682.


Quedo a la espera de vuestras noticias.


Un saludo








Enviado a admin 18/09/2024

Buenos días Ana

Es imposible colocar plataforma elevadora inclinada en esta escalera para subir a entreplanta. Se puede colocar elevador o ascensor en el patio, accediendo al mismo con una modificación puntual de la escalera en planta baja.
No es posible tampoco instalar plataformas elevadoras para las tres escalera que van desde entreplanta hasta planta primera, porque no hay espacio superior a 67 cm al haber un pilar en medio de estas escaleras.

La mejor solución (hablada con algunos vecinos que me preguntaron en mi visita), es que el ascensor llegue también a la primera planta y se distribuya con pasarelas a las seis viviendas.

El coste total de la obra será de 140.000 € (iva incluido) aproximadamente.

Me ofrezco a llevar a la reunión de la comunidad gratuitamente un anteproyecto en 3-D con la solución.
27/09/2024 HACER 3D PARA EL 15/10 CON IPHONE, IMPORTANTE ESCANEAR ESCALERA Y FACHADA PATIO TRASERO. VA ALEX EL 1/10
15/10/2024 Reunión con vecinos, 3D presentado. Se quedaron deliberando. Llamar a la administradora.

20/03/2025 Buenos días Daniel,

Crees que podrías enviarme algún presupuesto para la instalación de la plataforma y sillas que comentaste en la comunidad?

21/03/2025 Se envían los 3 presupuestos de noviembre de Schindler, Cega y Ureka por mail desde correo Daniel.


03-04-2025 JAVIER PARRA DE COINSA ME ENVIA PRESUPUESTO DE SILLAS Y SE LO ENVIO A ANA GINES ADMINISTRADORA. Sofia",Plataforma plegable,,,,MADRID\1APROVINCIA\ALCORCON\mayor27\FICHA DATOS TECNICOS.docx
mayor80,ok,,,,,,,mihaela.ter@gmail.com,,,Daniel,etiqueta de la ficha,,,,,,"DANIEL: Se ha estudiado la posibilidad de instalar un ascensor accesible para personas en silla de ruedas. Tras el análisis, se
plantean dos posibles opciones:
1. Ascensor en el hueco de escalera
Esta opción consiste en derribar la escalera existente y colocar el ascensor en el espacio resultante. Sin embargo, esta
alternativa no es viable para lograr accesibilidad real, ya que:
El espacio disponible solo permite ascensores muy pequeños, de dos plazas como máximo.
Ninguna tipología —ni eléctrico, ni hidráulico, ni elevador— permite obtener un hueco suficiente para que entre una silla de
ruedas.

2. Ascensor en la zona de las cocinas (antiguos tendederos)
La segunda opción consiste en ubicar el ascensor en el espacio que actualmente ocupan las cocinas donde antes había
tendederos, sin invadir la escalera.
El ascensor conectaría con el pasillo de distribución de las zonas comunes, y para ello sería necesario:
• Ceder aproximadamente 1 m² de cada una de las cocinas afectadas
(aprox. 80 cm de ancho por el fondo del antiguo tendedero).
• Posteriormente, recuperar ese espacio ampliando hacia el patio, de forma que cada vecino mantenga los mismos
metros cuadrados de cocina y tendedero que tiene actualmente.
Una vez concedida la licencia municipal se podrán empezar las obras pero siempre pidiendo la autorización a los vecinos
afectados, es decir, a todos los vecinos cuyas cocinas dan a la zona de distribución exterior; ellos tendrán que dar la
autorización para poder entrar en sus viviendas a rehacerles la cocina. Los vecinos que no den su autorización impedirán
que se comiencen las obras. Por lo tanto la comunidad deberá tomar acciones judiciales para que sea el juez el que de la
autorización. Una vez que el juez haya dado la autorización, ya se podrá entrar y hacerlo.
9/12/2025 HE E INFORME ENVIADOS
30-01-2025 ALEJANDRA: SE GUARDA CORREO Y DOCUMENTOS QUE ENVIAN EN RESPUESTA A NUESTRO INFORME DE VIABILIDAD  C:\accesalia Dropbox\D SM\Ascensores y rehabilitaciones\MADRID\1APROVINCIA\ALCORCON\mayor80\1.DATOS\2.DOCUMENTACION\RESPUESTA ANTE LA VIABILIDAD",,MADRID\1APROVINCIA\ALCORCON\mayor80\FICHA DATOS.docx
montoro8,ok,,,,,,,,FAIN,OSCAR LOPEZ,Daniel,por defecto: sin etiqueta = Daniel,,,"25/04/22
EL MARTES ME DICE OSCAR SI LO HAN APROBADO

16/03/23 Mónica ha hablado con José Luis. Lo tienen que ver en junta de vecinos. Entre marzo y abril tras las vacaciones lo van a ver.",,,,,MADRID\1APROVINCIA\ALCORCON\montoro8\FICHA DATOS TECNICOS.docx
nardos6,ok,,,,,,,,SCHINDLER,JAVIER PARRA,Daniel,por defecto: sin etiqueta = Daniel,,,29/06/22 POR HUECO DE ESCALERA Y EL OTRO POR PATIO MODIFICANDO UN TRAMO DE ESCALERAS,,,,,MADRID\1APROVINCIA\ALCORCON\nardos6\FICHA DATOS TECNICOS.docx
navalcarnero9,sin ficha,,,,,,,,,,,,,,,,,,,
navarra2,ok,,,,,,,,CDAD,DOLORES VIZUETE,Daniel,por defecto: sin etiqueta = Daniel,,,"30/10/2023 PIDE PRESUP PACK COMPLETO. Monica envia presup
06/11/2023 reunión con los vecinos",,,,,MADRID\1APROVINCIA\ALCORCON\navarra2\FICHA DATOS TECNICOS.docx
olimpicoaureliogarcia,ok,,,,,,,,CDAD,,Daniel,por defecto: sin etiqueta = Daniel,,,"17/11/22 EL VECINO CONTACTO: LUIS DIAZ AYUSO 618635322,  SON 1040 VECINOS, HE VISITADO EL CUARTO DE CALDERAS CON 4 CALDERAS DE GAS,",,,,,MADRID\1APROVINCIA\ALCORCON\olimpicoaureliogarcia\FICHA DATOS TECNICOS.docx
parquecomercialalcoraplaza,ok,,,,,,,imartingomez@elecnor.com,,,Daniel,etiqueta de la ficha,,,,,,"---------- Forwarded message ---------
De: IGNACIO MARTIN GOMEZ <imartingomez@elecnor.com>
Date: lun, 8 sept 2025 a las 12:13
Subject: DOCUMENTACIÓN PARA VISITA DEL 18/09/2025
To: danieldesotoarquitecto@gmail.com <danieldesotoarquitecto@gmail.com>

Buenos días,
Según lo comentado por teléfono, a continuación os dejo la documentación para la visita programada para el jueves 18 a las 10:00.
Certificado energético del local:
Ubicación: PARQUE COMERCIAL ALCORA PLAZA, CALLE EUROPA, 22, 28922 Alcorcón, Madrid. Local antiguo TOSYSRUS
Certificado energético del edificio.
m²: 2.375,24m2
Planos del local

Quedo a su disposición por si necesitan más información.
23-09-2025 HE CEE ENVIADA VALOR INDICADO POR DANIEL",,MADRID\1APROVINCIA\ALCORCON\parquecomercialalcoraplaza\FICHA DATOS.docx
paseocastilla1,ok,H79889184,,,Juan Jose del Toro Molina,,,juanjo@consultoresreunidos.es,,Oscar lopez FAIN,Daniel,por defecto: sin etiqueta = Daniel,,,"Propiedad: CDAD PROP PSO CASTILLA 1 ALCORCON
CIF:	H79889184
Presidente:
DNI:

Código postal:	28921
Referencia catastral: 		9770504VK2696N
Fachada:			28.27
PEM:
residuos:
SUPEFICIES
AMBITO ORDENACION
DISTRITO


SUPERFICIES A DERRIBAR POR ESCALERA
PLANTA BAJA
5.60m2
PLANTA TIPO 1ª a 4ª
7,20m2 x 4 = 28.80m2
ENTREPLANTA
7.20
SUPERFICIES CONTRUIDAS
41.60m2

Jefe de obra: Abel?

Constructor:
Juan Antonio Barriopedro: 637719753

16-04-2024 PEDIDOS ADICIONALES A OSCAR LOPEZ PARA PREPARAR FIN DE OBRA

29-04-2024 CFO METIDO A VISAR TL/007040/2024",,,,,MADRID\1APROVINCIA\ALCORCON\paseocastilla1\FICHA DE DATOS ACCESALIA.docx
plazadelahispanidad9,ok,,,,,,,,,PEDRO ARANDA  THYSSEN,Daniel,por defecto: sin etiqueta = Daniel,,,"Propiedad:
CIF:
Presidente:
DNI:

Código postal:
Referencia catastral:
Fachada:
PEM:	residuos:
SUPEFICIES
AMBITO ORDENACION
DISTRITO",,,,,MADRID\1APROVINCIA\ALCORCON\plazadelahispanidad9\FICHA DE DATOS ACCESALIA.docx
plazadelasescuelas6,ok,,,,,,,,,PEDRO ARANDA THYSSEN,Daniel,por defecto: sin etiqueta = Daniel,,,"Propiedad:
CIF:
Presidente:
DNI:

Código postal:
Referencia catastral:
Fachada:
PEM:	          residuos:",,,,,MADRID\1APROVINCIA\ALCORCON\plazadelasescuelas6\FICHA DE DATOS ACCESALIA.docx
polvoranca25,ok,,,,,,,,GRUPO FISCONTA,GRUPO FISCONTA POR VICTOR DE ARQUIOBRAS,Daniel,por defecto: sin etiqueta = Daniel,,,25/10/2023 Mónica envía presupuesto,,,,,MADRID\1APROVINCIA\ALCORCON\polvoranca25\FICHA DATOS TECNICOS.docx
polvoranca40,ok,,,,,,,,,SARA PRESIDENTA a través de oscar lopez de FAIN,Daniel,por defecto: sin etiqueta = Daniel,,,"30/01/2025 (Nos lo pasa Oscar Lopez fain) QUIEREN PROYECTO DE SATE (+ SUBV Y CAES) SARA PRESIDENTA: 615671699. 30/01/2025 DANIEL HABLA CON SARA, QUEDARON EN:
Quieren saber cuándo van a salir las subvenciones para presentarlo entonces a la junta, hasta entonces nada. AVISAR cuando salgan para reactivarlo.",,,,,MADRID\1APROVINCIA\ALCORCON\polvoranca40\FICHA DATOS TECNICOS.docx
portocolon10,ok,H78906849,ENCARNA MUÑOZ OLMO,,ADMINISTRACIONES BUJARUELO,,,bujaruelo@bujaruelo.es,,David Cámara,Daniel,por defecto: sin etiqueta = Daniel,,,"Propiedad:	CDAD. PROP. CL PORTO COLON, 10 (ALCORCÓN)
CIF:	H78906849
Presidente:	ENCARNA MUÑOZ OLMO
DNI:

Código postal:	28924
Referencia catastral: 0770802VK3607S
Fachada:
PEM:	12.918,56
residuos:
SUPEFICIES
AMBITO ORDENACION
DISTRITO",,,,,MADRID\1APROVINCIA\ALCORCON\portocolon10\FICHA DE DATOS ACCESALIA.docx
princesa12,ok,H79601811,ADELA SANTOS SANCHO,03426518R,Administración de Fincas Vizuete,Mª Dolores Vizuete,916442122-691268138,adfvizuete@gmail.com,CDAD PROP,DOLORES VIZUETE ADMIN,Daniel,por defecto: sin etiqueta = Daniel,,9668116VK2696N,"15/04/2024 ENVIADA HOJA DE ENCARGO
14/05/2024 firmada hoja de encargo",DOMINGO MARTIN,,,,MADRID\1APROVINCIA\ALCORCON\princesa12\FICHA DATOS TECNICOS.docx
princesa25,ok,H81475170,MARTINA GUERRERO SEVILLANO,51396101W,Administración de Fincas VIZUETE,Mª Dolores Vizuete,91-644-21-22/ 691-26-81-38,adfvizuete@gmail.com,,,Daniel,etiqueta de la ficha,,9467102VK2696N,,,,"El mié, 2 jul 2025 a las 9:37, Administración de Fincas Vizuete (<adfvizuete@gmail.com>) escribió:
Buenos días
Necesito varios presupuestos para realizar el IEE de los siguientes edificios en alcorcón:
Calle Bilbao 1
Calle Avila 3
Calle Princesa 25
Calle Virgen de Iciar 22

Quedo a la espera.
Un saludo
Mª Dolores
03/07/2025 HE IEE ENVIADA
07/07/2025 HE IEE FIRMADA",,MADRID\1APROVINCIA\ALCORCON\princesa25\FICHA DATOS.docx
principedonjuancarlos2,ok,,,,,,,,SCHINDLER,David Bautista García,Daniel,por defecto: sin etiqueta = Daniel,,,"24/01/2025 David Bautista: adjunta croquis y planta de un proyecto para consultarle:

Piden presup para instalación de salvaescaleras vertical y certificado de que será viable obtener licencia. Temen que no, por las medidas mínimas de rellano de salida a la calle para evacuación de incendios. Nos manda croquis con medidas y fotos, y medidas del equipo que quieren instalar.

Esta finca tiene 100 viviendas y me comenta la administración que son viviendas de 4 dormitorios.
También te adjunto las medidas del equipo a instalar.

06/02/2025 Consultado con Daniel: hay que mirar en catastro los metros, viviendas, etc para calcular la anchura que tiene que quedar de escalera para bajar, una vez colocada la plataforma que quieren poner (que va a sustituir al salvaescaleras actual). Revisar con el DB SUA cuánto espacio queda, y con lo que sea, indicarles si es posible y mandar presupuesto.

10/02/2025 Se manda informe:
Hechas las comprobaciones, paso a detallar:

El edificio tiene 9 alturas con 3 escaleras (derecha, izquierda y centro), con 4 viviendas en cada planta, hace un total de 12 viviendas por planta. Según los datos de la superficie construida de catastro, se calcula la superficie útil por planta. Teniendo en cuenta una densidad de ocupación de 20m² por persona, hay un total de ocupación acumulada de 540.40 personas.
Según especifica el DOCUMENTO DE APOYO AL DOCUMENTO BASICO DB-SUA Seguridad de Utilización y Accesibilidad del CTE, concretamente, el DA DB-SUA/2 ADECUACION EFECTIVA DE LAS CONDICIONES DE ACCESIBILIDAD EN EDIFICIOS EXISTENTES, publicado por el Ministerio de Fomento en diciembre de 2015 y actualizado el 29 de junio de 2018 en su ANEJO B, en el punto B.4.2 Incidencia de las condiciones del DB SI.
En el punto más desfavorable, la escalera deberá tener una anchura según la fórmula:

Ocupación acumulado/160 = 540.4 / 160 = 3.37m

Por tanto, la anchura de escalera NO puede reducirse por no cumplir la normativa vigente en lo que se refiere a la previsión de recorridos para la evacuación en caso de emergencia.

Recinto,
planta,
sector
Uso
previsto
Superficie
según
catastro
Superficie
útil
(m2)
Densidad
ocupación
(m2/pers.)
Ocupación
acumulado
(pers.)
Número de salidas
Recorridos de
evacuación (m)
Anchura de
escalera (m)



















Norma
Proy.
Norma
Proy.
Norma
Proy.


Planta 9ª
Residencial viv.
1757
1405,6
20
70,28
1
1
25
3,50m*
0,8
0,8


Planta 8ª
Residencial viv.
1345
1076
20
124,08
1
1
25
3,50m*
0,8
0,8


Planta 7ª
Residencial viv.
1318
1054,4
20
176,8
1
1
25
3,50m*
0,8
0,8


Planta 6ª
Residencial viv.
1318
1054,4
20
229,52
1
1
25
3,50m*
0,8
0,8


Planta 5ª
Residencial viv.
1318
1054,4
20
282,24
1
1
25
3,50m*
0,8
0,8


Planta 4ª
Residencial viv.
1318
1054,4
20
334,96
1
1
25
3,50m*
0,8
0,8


Planta 3ª
Residencial viv.
1318
1054,4
20
387,68
1
1
25
3,50m*
0,8
0,8


Planta 2ª
Residencial viv.
1318
1054,4
20
440,4
1
1
25
3,50m*
0,8
0,8


Planta 1ª
Residencial viv.
1318
1054,4
20
493,12
1
1
25
3,50m*
0,8
0,8


P. baja
Comercial*
1181
944,8
20
540,36
1
1
25
3,50m*
0,8
0,8


TOTAL




540,36
1
1
25
3,50m*
0,8
0,8


* 3,50m en el caso más desfavorable",,,,,MADRID\1APROVINCIA\ALCORCON\principedonjuancarlos2\FICHA DATOS TECNICOS.docx
sanblas6,ok,,,,,,,,,PEDRO ARANDA  THYSSEN,Daniel,por defecto: sin etiqueta = Daniel,,,"Propiedad:
CIF:
Presidente:
DNI:

Código postal:
Referencia catastral:
Fachada:
PEM:	          residuos:",,,,,MADRID\1APROVINCIA\ALCORCON\sanblas6\FICHA DE DATOS ACCESALIA.docx
sanignacio6,ok,H80626294,DELFIN DURAN VILLANUEVA,51625135W,A través de rosa,Jesus Gonzalez,916441621,gonzalezgarciajesus@gmail.com,,,Daniel,etiqueta de la ficha,,0165804VK3606N,,,,"---------- Forwarded message ---------
De: rosa radal sese <rosersese@hotmail.com>
Date: mar, 8 jul 2025 a las 19:47
Subject: CP. SAN IGNACIO N.º 6 28921 ALCORCON - MADRID. REALIZACION PROYECTO INSTALACION DE ASCENSOR.
To: Oficina Accesalia <oficina.accesalia@gmail.com>

Buenas tardes, Sofia.
Vamos a por otro proyecto.☺️
Adjunto, CIF
Adjunto, acta de aprobación + presidencia.
Adjunto, DNI presidente.
Adjunto, presupuesto aceptado.

Enviadme la carta de encargo para firmarla.

Saludos cordiales,
Rosa María
09/07/2025 ENVIADA HE
10/07/2025 HE RECIBIDA FIRMADA
08/01/2026 EXPEDIENTE 84-A/25. EN EL DEPARTAMENTO TÉCNICO PDT INFORME. LLAMAR EN UN PAR DE SEMANAS (911127030-38613-38646) informo a Rosersese
--------- Forwarded message ---------
De: rosa radal sese <rosersese@hotmail.com>
Date: jue, 11 jun 2026 a las 13:41
Subject: CP. SAN IGNACIO 6 ALCORCON-MADRID SUBVENCIONES
To: Alejandra Pérez <aperez.accesalia@gmail.com>


Buenos días, Alejandra.

Te paso datos del administrador de la Cp. San Ignacio 6, Alcorcón- Madrid.  Para toda la información de las subvenciones.

Se llama Jesús.
gonzalezgarciajesus@gmail.com
Responsable de los datos: Atlantis Abogados y Administradores S.L..
CIF: B84380922.
Dirección postal: C/ Vizcaya, 4 - 1º-4 28921 Alcorcón (Madrid)
Teléfono: 916441621
*Se les envía info sobre la subvención al admi
17/07/2026 HE subv enviada
23-07-2026 HE SUBV  recibida firmada",,MADRID\1APROVINCIA\ALCORCON\sanignacio6\FICHA DATOS.docx
sanjose7,ok,,,,,,,,CDAD,OSCAR LOPEZ FAIN,Daniel,por defecto: sin etiqueta = Daniel,,,"22/06/22 PARA HACER CON LA COMUNIDAD, ESCANEAR Y HACER 3D, PRECIO SIN CSS TODAVIA
29/06/22 PRECIO ACORDADO. PARA HACER A LA COMUNIDAD Y COBRAR A LA COMUNIDAD",,,,,MADRID\1APROVINCIA\ALCORCON\sanjose7\FICHA DATOS TECNICOS.docx
sanpedro6,ok,,,,,,,,,DAVID CAMARA  FAIN,Daniel,por defecto: sin etiqueta = Daniel,,,"Propiedad:
CIF:
Presidente:
DNI:

Código postal:	28921
Referencia catastral:
Fachada:
PEM:	          residuos:


COBRAR POR LA PERICIAL 1.100 € +-",,,,,MADRID\1APROVINCIA\ALCORCON\sanpedro6\FICHA DE DATOS ACCESALIA.docx
santamarialablanca3,ok,H80620081,,,,Tamara,685135437 / 916198303 (10-13 y 17-18 h),eduardo@administracionserranolobo.com; administrativo3@administracionserranolobo.com; info@administracionserranolobo.com,FAIN,Dejaron a fain URVALL,Daniel,por defecto: sin etiqueta = Daniel,,9872103VK2697S,"En Alcorcón es licencia de obra mayor. Hay que presentar pagadas tasas licencia e icio. El icio lleva bonificación si vive alguien mayor de 65 años en un piso que no sea el bajo. Presentar por instancia solicitud una vez pagada con bonificación.
OJO! La chica de adminsitracion se llama Elisa y es la del mail de administrativo5@serranolobo.com. Mejor pedirle la documentación siempre a ella.
19/01/26 Hablo con Eudard o el administrador y me indica que la CCPP ha paralizado la instalación del ascensor, no quiere ni instalar ascensor ni subvenciones
23-03-2026 HE DF Y CSS enviada a Mónica para ok 26-03 enviada a felix Urena , al parecer van a ser la empresa contratista Felix <felixurena@urvall.es Daniel ha indicado hacer unas modificaciones en los 3d existentes que posteriormente se le enviaran a esta persona

02-06-26 HE enviada con modif indicadas por Daniel en la forma de pago
03-06-26 recibidas firmadas",OSCAR LOPEZ · Víctor Esquinas · Elisa,,,,MADRID\1APROVINCIA\ALCORCON\santamarialablanca3\FICHA DATOS TECNICOS.docx
santamarialablanca5,ok,H80620081,,,Pedidos datos a admin 18/01/22,Tamara/ eduardo,685135437 / 916198303,eduardo@administracionserranolobo.com info@administracionserranolobo.com administrativo3@administracionserranolobo.com,FAIN,OSCAR LOPEZ,Daniel,por defecto: sin etiqueta = Daniel,,9872103VK2697S,"03/07/2025
Subvenciones Accesalia
Adjuntos
12:36 (hace 3 horas)
para mí

Este administrador quiere hablar con nosotros pq están muy descontentos con FAIN y quieren cambiar de contrata.
Van a subvención con el presu firmado de FAIN pero nos preguntan si podemos asesorarlos para que cambien de contrata. REUNIÓN COMERCIAL

Quedamos a su disposición para cualquier duda o aclaración.
Reciba un cordial saludo.Muchas gracias.
Departamento de Subvenciones
subvenciones.accesalia@gmail.com
19/01/26 Hablo con Eudardo el administrador y me indica que la CCPP ha paralizado la instalación del ascensor, no quiere ni instalar ascensor ni subvenciones
23-03-2026 HE DF Y CSS enviada a Mónica para ok 26-03 enviada a felix Urena , al parecer van a ser la empresa contratista Felix <felixurena@urvall.es Daniel ha indicado hacer unas modificaciones en los 3d existentes que posteriormente se le enviaran a esta persona
02-06-26 HE enviada con modif indicadas por Danielen la forma de pago
03-06-26 recibidas firmadas
28/07/2026 (Adriana) obras confirma que todavía no ha empezado la obra",,,,,MADRID\1APROVINCIA\ALCORCON\santamarialablanca5\FICHA DATOS TECNICOS.docx
sierradealbarracin13,ok,H79947008,,33520707R,ADMINISTRACION DE FINCAS VIZUETE,Mª DOLORES VIZUETE,916442122; 691268138 (Ruth); 669176870 dolores,adfvizuete@gmail.com,Cdad prop,Mª DOLORES VIZUETE (ADMIN),Daniel,por defecto: sin etiqueta = Daniel,,0368807VK3606N,"09-01-2024 YA ESTÁ PRESUPUESTADO
DANIEL: Meto 3 A.A. y 3 Contadores mas por que no tengo buena información con el escaner.
03/10/2025 van a ir obra ya, hay que tramitar permiso de obras inmediatamente, sacar tasas, etc. Nos han mandado un ejemplo SIERRA DE ALBARRACIN 17 ALCORCON de sate y cubierta. Se lo han tramitado como licencia, han tardado 2-3 meses en dárselo. La cubierta lleva amianto, tiene bonificación icio, pero hay que sacar dos tasas por separado: una con el importe de la retirada del amianto bonificado, y otra sin bonificar por el resto de partidas.
18/11/2025 envio justificante de registro para obtener la licencia
22/12/2025 HABLO CON AYTO POR STATUS LICENCIA, OK DOCUMENTACION PERO AHORA PENDIENTE DE INFORME TÉCNICO (EXP.85-A/25)
12/02/2026 el técnico municipal indica: “En cuanto se incorpore al expediente desde registro quedará informada favorable la licencia.”
A la espera que envíen la concesión de la licencia
06/03/2026 desde el ayto de alcorcon indican: “Revisado el expediente indicarles que el Decreto de concesión de licencia urbanística se encuentra pendiente de notificación.
Entiendo que el mismo en los próximos días será remitido al representante a efectos de notificación.”

18-03-2026 HE CSS ENVIADA A ROEN SEGÚN PETICION – (LO HAN CONTRATADO CON OTRO )",,,,,MADRID\1APROVINCIA\ALCORCON\sierradealbarracin13\FICHA DATOS TECNICOS.docx
sierradealbarracin17,ok,H79201265,MARIA TERESA LARRUBIA ORTEGA,00392232J,Administración de Fincas Vizuete,Mª Dolores Vizuete,916442122-691268138,adfvizuete@gmail.com,FAIN,OSCAR LOPEZ,Daniel,por defecto: sin etiqueta = Daniel,Patricia Apilanez,0468601VK3606N,"15/03/23 Daniel ha hablado con Patricia Apilanez por tlf. Lo deniega. Ofrece ascensor por patio cogiendo un trozo de los tendederos, y recuperando terreno por otro sitio. Daniel va a verlo con los vecinos. Ojo con José Poblete: plantear si lo que quiere es un ascensor más grande, o si es que no quiere poner nada.",AB 2022/860 obra mayor,,,,MADRID\1APROVINCIA\ALCORCON\sierradealbarracin17\FICHA DATOS TECNICOS.docx
sierrapeñalara6,sin ficha,,,,,,,,,,,,,,,,,,,
sieteojos4,ok,H79700076,DESIDERIO SANTOS FRANCO,71914928T,"GONZALEZ&LOPEZ, ABOGADOS, S.C.",Jose Luis González / -MERCEDES GONZALEZ BLANCO,916436293 / 690 85 18 14,administracion@gonzalezylopezabogados.es,FAIN,OSCAR LOPEZ,Daniel,por defecto: sin etiqueta = Daniel,,9366108VK2696N,,,,,,MADRID\1APROVINCIA\ALCORCON\sieteojos4\FICHA DATOS TECNICOS.docx
toledo2,ok,H79296166,PABLO MORAN CID,46891894T,ADMINISTRACION Rebolledo y Gaitan Pedidos datos a David Cámara y presupuesto firmado,JUAN PEDRO REBOLLEDO,916449836 691131518 649535335 (Juan Pedro Rebolledo),info@rebolledoygaitan.com; recepcionrebolledoygaitan@gmail.com,CDAD,Omar Rafael Díaz (Elecnor),Daniel,por defecto: sin etiqueta = Daniel,,9865901VK2696S,"04/11/22
Es urgente ya que iba a hacerlo otro arquitecto pero al no ser muy ágil se ha caído y he pensado en vosotros.

10/11/22 SE CAE OTRO ARQUIT Y NOS LO PASA, HACERLO CON RAPIDEZ
Mail de Carla a David Cámara, al pedir él, el ppto desglosado, con un importe determinado
Revisando los presupuestos para hacer el desglosado, veo que no habéis incorporado partidas para la elaboración de rampa en espacio público, lo digo pq el proyecto lo contempla y puede que luego le tengáis que meter un contradictorio y ya se arma la marimorena….. te aviso y por favor, dime si quieres que aumente el presupuesto en vistas de este aspecto para darte un desglosado acertado con iva. Te recuerdo que ese presupuesto para subvenciones va con IVA y que tiene que llevar vuestro membrete, vuestro sello y vuestra firma
12/06/2025 Hay que mandar la hoja de encargo de Subvenciones de  € + el 3.5 % de lo que se consiga al administrar a Administrador para que nos la firme y comencemos a tramitarle
13-06-2025 HE SUBV ENVIADA POR INDICACION DE DANIEL",,,,,MADRID\1APROVINCIA\ALCORCON\toledo2\FICHA DATOS TECNICOS.docx
trujillo3,ok,H84629849,JUAN GONZALO PARAMIO,08040120X,A TRAVES DE DAVID CAMARA,Patricia,912391888,patricia@gestoriaegg.es,FAIN,David Cámara,Daniel,por defecto: sin etiqueta = Daniel,,9569102VK2696N,"12/12/2025
Canal Isabel II informa: “Le informamos de que hemos anulado el expediente relacionado con el proyecto de construcción de acometida de alcantarillado (Ref.: 379559784 en c/ de Trujillo, 03 Alcorcón - Madrid), al no haberse aportado la documentación necesaria en el plazo de 24 meses desde su autorización, tal y como se indica en los requisitos.”

24/12/2025
Se le pregunta a FAIN y estos contestan: “Estas obras de pocería se hicieron en septiembre de 2022 con la autorización y los permisos de Canal.”

09/01/2025
Envío documentación facilitada por FAIN a Canal Isabel II para informar que la obra ya está terminada y cuales son los pasos a seguir",,,,,MADRID\1APROVINCIA\ALCORCON\trujillo3\FICHA DATOS TECNICOS.docx
virgendeiciar15,ok,H82954199,MARIA CONCEPCION ISABEL LOA BARRIENTOS,22702949V,Administración de Fincas Vizuete,DOLORES VIZUETE,916 44 21 22 / 691 26 81 38 / 669 17 68 70,adfvizuete@gmail.com,SCHINDLER,JAVIER PARRA,Daniel,por defecto: sin etiqueta = Daniel,,,"23/12/2022 visitado con Oscar López

23/05/2023 visita viabilidad 02/06 con tke pedro aranda y admin

06/06/2023 Visitado con Javier Parra de Schindler. No lo tienen contratado.
ASCENSOR QUE INVADE LOCAL ENEMIGO, CUIDADO. Tramitar con Schindler sin CSS, como bajada a cota cero

[PROYECTISTAS] PorDavid:
Por SENTENCIA JUDICIAL no se puede coger más de 4m2 del local. Cualquier superficie superior no nos la van a permitir (sería contradecir a un juez). El dueño del local es muy hostil al ascensor, no va a negociar ninguna otra superficie.

30/08/2023 Israel y David:
Hay que hacer un pasillo para dar acceso al ascensor, ver posibilidad de proponer intercambiar unos metros en un lado por otros metros en la zona de pasillo tan grande que hay.

26/10/2023 hay que pintar en el suelo de la academia la zona que ocuparía el ascensor. Quedar con Dolores Vizuete y Javier Parra. Avisado tentativo para el 02/11/2023 a las 13.30. A Schindler se le mandó el plano de ocupación, a la espera de que contraten el proyecto en firme.",,,,,MADRID\1APROVINCIA\ALCORCON\virgendeiciar15\FICHA DATOS TECNICOS.docx
virgendeiciar15escalera4,ok,H82954199,TAMAR GOMEZ VEGA,46933351B,Administración de Fincas Vizuete,DOLORES VIZUETE,916 44 21 22 / 691 26 81 38 / 669 17 68 70,adfvizuete@gmail.com,CDAD PROP,DOLORES VIZUETE,Daniel,por defecto: sin etiqueta = Daniel,,9665101VK2696N,"08/02/2024 El 02/02/24 han recibido un informe IEE sobre prevención de riesgos por exposición al amianto. Hay que hacer IEE. Leer bien lo que pone, 1 mes para contestar.",ISABEL LOA · 678 539 352.,,,,MADRID\1APROVINCIA\ALCORCON\virgendeiciar15escalera4\FICHA DATOS TECNICOS.docx
virgendeiciar17,ok,H79575122,ADORACIÓN IGLESIAS MARTÍN,06991962P,Administración de Fincas Vizuete,DOLORES VIZUETE,916442122-691268138,adfvizuete@gmail.com,CDAD PROP,DOLORES VIZUETE ADMIN,Daniel,por defecto: sin etiqueta = Daniel,,9665101VK2696N,"06/02/2024 REUNION CON VECINOS Y EXPLICACION DE OBRA Y COSTES, TENDRAN REUNION A FINALES DE FEBRERO
21/02/2024 nos mandan iee y su requerimiento contestado
MUY IMPORTANTE: hay que hincapié en IEE que tienen muchas condensaciones y que es necesario por tanto hacer la obra de SATE. Ojo porque tienen a unos cuantos vecinos en contra, aunque ha salido poner el SATE con mayoría.

Nos mandarán fotos que ya tienen, pero cuando se vaya, llamarla para que vaya con el técnico a hacer el IEE.

URALITA EN CUBIERTA. Contemplar en el IEE y en el proyecto el problema de la uralita.

27/02/2024 se pide presupuesto a Elecnor, roen y didepro:

Os pasamos los datos de un proyecto de SATE y CUBIERTA que incluya bajos, comerciales y viviendas. Es un total de 120 viviendas, divididas en 6 escaleras de 20 viviendas cada una.

Hay que poner SATE de 8 con lambda de 0.031 Kw/mK

En la cubierta, chapa sandwich de 6 cm con lambda de 0.024.

La cuota ordinaria anual es de 30.700€

INSTRUCCIONES DE DANIEL DURANTE EL PROYECTO
Si poner sate en petos de terraza y enfoscar por dentro del peto
No se pone sate en petos terraza patios
Poner sate sobre ventanas de locales tapiadas y enrasadas
Mano de pintura techos terraza
Chapa metálica petos terraza
Poner aires en EA y no en ER
En patios no se pone antivandalico
Se hará por descuelgue las 3 fachadas que hay sobre galerías porque no se sabe si aguantara el andamio siguiendo recomendaciones de Carlos Rosa
PARA DANIEL: En la fachada trasera hay una acera de 65 cm con una señal que hay que desplazar pero si se avisa y se pide permiso nos denegaran que el sate invada esa acera. Importe incluido en ayudas

Pausado 08-04-2024
---------- Forwarded message ---------
De: Administración de Fincas Vizuete <adfvizuete@gmail.com>
Date: vie, 26 sept 2025 a las 12:25
Subject: REHABILITACIÓN TEJADO VIRGEN DE ICIAR 17-ELECNOR
To: daniel de soto (danieldesotoarquitecto@gmail.com) <danieldesotoarquitecto@gmail.com>


Buenos días Daniel
comunicarte que ayer tuve una reunión con la calle Virgen de Iciar 17 y han aceptado el presupuesto de elecnor de la cubierta y escalera de emergencias. Te adjunto el presupuesto. Conforme lo acordado con los vecinos nos tienes que rehacer el proyecto solo de esta parte, ya que la parte de aislamiento no la podemos hacer.
Si quieres lo comentamos
Un saludo
Mª Dolores

02/10/2025 HE enviada con indicaciones de daniel
06/10/2025 HE FIRMADA (DR nueva)
16/04/2026 se solicita por email  que confirmen el alcance de la obra, qué se va a realizar
22/04/2026 tras conversación con Daniel, se envía proyecto para que Elecnor actualice el precio del presupuesto
11/05/2026 recibimos presupuesto de Elecnor con sate, cubierta y escalera de incendios. Lo envío a Dolores Vizuete (ana)",,,,,MADRID\1APROVINCIA\ALCORCON\virgendeiciar17\ORIGINAL(completo)\FICHA DATOS TECNICOS.docx
virgendeiciar22,ok,H79764825,RAFAEL PEREZ MONTERO,08034788Z,Administración de Fincas VIZUETE,Mª Dolores Vizuete,91-644-21-22/ 691-26-81-38,adfvizuete@gmail.com,,,Daniel,etiqueta de la ficha,,9766308VK2696N,,,,"El mié, 2 jul 2025 a las 9:37, Administración de Fincas Vizuete (<adfvizuete@gmail.com>) escribió:
Buenos días
Necesito varios presupuestos para realizar el IEE de los siguientes edificios en alcorcón:
Calle Bilbao 1
Calle Avila 3
Calle Princesa 25
Calle Virgen de Iciar 22

Quedo a la espera.
Un saludo
Mª Dolores
03/07/2025 HE IEE ENVIDA
07/07/2025 HE IEE FIRMADA",,MADRID\1APROVINCIA\ALCORCON\virgendeiciar22\FICHA DATOS.docx
vizcaya26,ok,,,,,,,,,PEDRO ARANDA  THYSSEN,Daniel,por defecto: sin etiqueta = Daniel,,,"Propiedad:
CIF:
Presidente:
DNI:

Código postal:
Referencia catastral:
Fachada:
PEM:	          residuos:


Es igual que pozuelo 23
Con escalones a la entrada que implican salvaescaleras
HE PERDIDO EL CROQUIS COMO UN GILIPOLLAS

ascensor 5 paradas
embarque simple
FOSO REDUCIDO con acuñamiento
hueco libre 1180 x 1600

plataforma salvaescaleras para 1 m desnivel

HAY QUE CAMBIAR CONTADORES a 20 viviendas",,,,,MADRID\1APROVINCIA\ALCORCON\vizcaya26\FICHA DE DATOS ACCESALIA.docx
