ruta_dropbox,nombre_empresa,cif,cif_bruto
1APROVINCIA\AJALVIR\avjuancarlosI10A-B\FICHA DATOS TECNICOS.docx,CDAD PROP EDIFICIO BREDA,H81093320,H81093320
1APROVINCIA\AJALVIR\valentinagarcialopez1\FICHA DATOS TECNICOS.docx,CDAD PROP CL VALENTINA GARCIA LOPEZ 1 AJALVIR,H79858460,H79858460
1APROVINCIA\AJALVIR\valentinagarcialopez3\FICHA DATOS TECNICOS.docx,CDAD PROP CL VALENTINA GARCIA LOPEZ 3 AJALVIR,H83695486,H83695486
1APROVINCIA\ALCALA DE HENARES\alvarodebazan4\FICHA DATOS TECNICOS.docx,CDAD PROP CL ALVARO DE BAZAN 4 ALCALA DE HENARES,H79930186,H79930186
1APROVINCIA\ALCALA DE HENARES\avcastilla2-4-6\FICHA DATOS TECNICOS.docx,CDAD PROP AVDA CASTILLA 2-4-6 ALCALA DE HENARES,H79888681,H79888681
1APROVINCIA\ALCALA DE HENARES\avvirgendelval47\FICHA DATOS TECNICOS.docx,CDAD PROP AV. VIRGEN DEL VAL N 47,H79571980,H79571980
1APROVINCIA\ALCALA DE HENARES\barberanycollar48\FICHA DATOS TECNICOS.docx,"CDAD PROP CL BARBERAN Y COLLAR 48, 50 Y 52 ALCALA DE HENARES",H86346897,H86346897
1APROVINCIA\ALCALA DE HENARES\cartagena4portal4\FICHA DATOS TECNICOS.docx,CDAD PROP CARTAGENA 4 ALCALA DE HENARES,H10858785,H10858785
1APROVINCIA\ALCALA DE HENARES\doctoradealcala5\FICHA DATOS TECNICOS.docx,CDAD PROP DOCTORA DE ALCALA 5,H80531080,H80531080
1APROVINCIA\ALCALA DE HENARES\escuelaspias1\FICHA DATOS TECNICOS.docx,CDAD PROP CL ESCUELAS PIAS 1 ALCALA DE HENARES,H79784914,H79784914
1APROVINCIA\ALCALA DE HENARES\frayjuangil3\FICHA DATOS TECNICOS.docx,CDAD PROP CL FRAY JUAN GIL 3 ALCALA DE HENARES,E78998267,E78998267
1APROVINCIA\ALCALA DE HENARES\gallegos12\FICHA DATOS.docx,CDAD PROP GALLEGOS 12 ALCALA DE HENARES,H79926473,H79926473
1APROVINCIA\ALCALA DE HENARES\hernancortes13\1 pry conjunto ascensor cubierta y sate NO VALE\FICHA DATOS TECNICOS.docx,CDAD PROP CL HERNAN CORTES N 13 DE ALCALA DE HENARES,E78909728,E78909728
1APROVINCIA\ALCALA DE HENARES\hernancortes13\1a ascensor\FICHA DATOS.docx,CDAD PROP CL HERNAN CORTES N 13 DE ALCALA DE HENARES,E78909728,E78909728
1APROVINCIA\ALCALA DE HENARES\hernancortes13\1b sate y cubierta NO VALE\FICHA DATOS.docx,CDAD PROP CL HERNAN CORTES N 13 DE ALCALA DE HENARES,E78909728,E78909728
1APROVINCIA\ALCALA DE HENARES\hernancortes13\1c cubierta\FICHA DATOS.docx,CDAD PROP CL HERNAN CORTES 13 DE ALCALA DE HENARES,E78909728,E78909728
1APROVINCIA\ALCALA DE HENARES\hernancortes13\1d solo sate\FICHA DATOS.docx,CDAD PROP CL HERNAN CORTES 13 DE ALCALA DE HENARES,E78909728,E78909728
1APROVINCIA\ALCALA DE HENARES\juansebastianelcano4\FICHA DATOS TECNICOS.docx,CDAD PROP CL JUAN SEBASTIAN ELCANO 4 ALCALA DE HENARES,H83664524,H83664524
1APROVINCIA\ALCALA DE HENARES\luisvives11\FICHA DATOS TECNICOS.docx,CDAD PROP CL LUIS VIVES 11 ALCALA DE HENARES,H79032009,H79032009
1APROVINCIA\ALCALA DE HENARES\moral2\FICHA DATOS TECNICOS.docx,CDAD PROP EDIFICIO CRUZ VERDE ALCALA DE HENARES,H78825064,H78825064
1APROVINCIA\ALCALA DE HENARES\muelle6\FICHA DATOS TECNICOS.docx,CDAD PROP CL MUELLE N 6 ALCALA HENARES,H82293523,H82293523
1APROVINCIA\ALCALA DE HENARES\nueva6\FICHA DATOS TECNICOS.docx,,H79914016,H79914016
1APROVINCIA\ALCALA DE HENARES\orquidea5\FICHA DATOS TECNICOS.docx,CDAD PROP ORQUIDEA 5 ALCALA DE HENARES,H79634580,H79634580
1APROVINCIA\ALCALA DE HENARES\plazavilladetalence2\FICHA DATOS TECNICOS.docx,CDAD PROP APARCAMIENTO ESCOLAPIOS AV LOPE DE FIGUEROA 27 ALCALA DE HENARES,H80698756,H80698756
1APROVINCIA\ALCALA DE HENARES\riocifuentes4\FICHA DATOS.docx,CDAD PROP NUEVA ALCALA CL RIO CIFUENTES 4 ALCALA DE HENARES,H79179388,H79179388
1APROVINCIA\ALCALA DE HENARES\riotietar1\FICHA DATOS TECNICOS.docx,CDAD PROP CL RIO TIETAR 1 ALCALA DE HENARES,H79523817,H79523817
1APROVINCIA\ALCALA DE HENARES\santateresa2\FICHA DATOS TECNICOS.docx,CDAD PROP CL SANTA TERESA 2 ALCALA DE HENARES,H79309365,H79309365
1APROVINCIA\ALCALA DE HENARES\vargasmachuca1\FICHA DATOS TECNICOS.docx,CDAD PROP VARGAS MACHUCA 1 ALCALA DE HENARES,H79725107,H79725107
1APROVINCIA\ALCALA DE HENARES\viacomplutense24ydiegodetorres8\FICHA DATOS TECNICOS.docx,CDAD PROP VIA COMPLUTENSE 24 Y DIEGO DE TORRES 8 ALCALA DE HENARES,H79309308,H79309308
1APROVINCIA\ALCOBENDAS\aveuropa20\FICHA DATOS.docx,CBRE GWS ESPAÑA S.L.,B83402883,B83402883
1APROVINCIA\ALCOBENDAS\constitucion65\FICHA DE DATOS.docx,CDAD PROP CONSTITUCION 65 ALCOBENDAS,H80737760,H80737760
1APROVINCIA\ALCOBENDAS\franciscadelgado7\FICHA DATOS.docx,CDAD PROP SOTO VEGA,H81791089,H81791089
1APROVINCIA\ALCOBENDAS\isladecorcega3\FICHA DATOS TECNICOS.docx,"CP INF-PRI Parque De Cataluña, Alcobendas",Q2868988C,Q2868988C
1APROVINCIA\ALCOBENDAS\jarama24\FICHA DATOS.docx,CDAD PROP CL JARAMA 24 ALCOBENDAS,H79155727,H79155727
1APROVINCIA\ALCOBENDAS\marquesdevaldavia76\FICHA DATOS TECNICOS.docx,CDAD PROP CL MARQUES DE LA VALDAVIA 76 ALCOBENDAS,H78758497,H78758497
1APROVINCIA\ALCOBENDAS\miraflores12\FICHA DATOS TECNICOS.docx,CDAD PROP CL MIRAFLORES 12 ALCOBENDAS,H79173191,H79173191
1APROVINCIA\ALCOBENDAS\miraflores6-8\FICHA DATOS TECNICOS.docx,CDAD PROP CL MIRAFLORES 6 Y 8 ALCOBENDAS,H78572203,H78572203
1APROVINCIA\ALCOBENDAS\plazaconcordia1\FICHA DATOS TECNICOS.docx,CDAD PROP PZ CONCORDIA 1 ALCOBENDAS,H80745524,H80745524
1APROVINCIA\ALCORCON\arboleda1\FICHA DATOS TECNICOS.docx,CDAD. PROP. CL ARBOLEDA 1. ALCORCON,H78776291,H78776291
1APROVINCIA\ALCORCON\avdeloeste1-3\FICHA DATOS.docx,CDAD USUARIOS APARCAMIENTO VALLADOLID DE ALCORCON,H82474545,H82474545
1APROVINCIA\ALCORCON\avila3\FICHA DATOS TECNICOS.docx,CDAD PROP CL AVILA 3 ALCORCON,H79717740,H79717740
1APROVINCIA\ALCORCON\bilbao1\FICHA DATOS TECNICOS.docx,CDAD PROP CL BILBAO Nº 1 DE ALCORCON,H80580558,H80580558
1APROVINCIA\ALCORCON\caceres20\FICHA DATOS.docx,CDAD PROP CACERES 20 ALCORCON,H79128005,H79128005
1APROVINCIA\ALCORCON\caceres24\FICHA DATOS TECNICOS.docx,"ROSERSE SERVICIOS INTEGRALES, S. L.",B98952690,B98952690
1APROVINCIA\ALCORCON\caceres30\FICHA DATOS.docx,CDAD PROP CL CACERES 30 ALCORCON,H79654000,H79654000
1APROVINCIA\ALCORCON\cañada22\ASCENSOR 2026\FICHA DATOS.docx,,H79648440,H79648440
1APROVINCIA\ALCORCON\cañada22\RAMPA 2025\FICHA DATOS.docx,CDAD PROP CL CAÑADA 22 ALCORCON,H79648440,H79648440
1APROVINCIA\ALCORCON\cañada8\FICHA DATOS TECNICOS.docx,CDAD PROP CAÑADA 8 ALCORCON,H79908042,H79908042
1APROVINCIA\ALCORCON\fuenlabrada15\FICHA DATOS TECNICOS.docx,CP FUENLABRADA 15,H79701868,H79701868
1APROVINCIA\ALCORCON\guadalajara3\FICHA DATOS TECNICOS.docx,CDAD PROP. CL GUADALAJARA 3. ALCORCON,H79762258,H79762258
1APROVINCIA\ALCORCON\iglesia16portal1\FICHA DATOS TECNICOS.docx,CDAD PROP CL IGLESIA N 16 PORTAL 1 ALCORCON,H79601373,H79601373
1APROVINCIA\ALCORCON\iglesia16portal4\FICHA DATOS TECNICOS.docx,CDAD PROP CL LA IGLESIA N 16 PORTAL 4 ALCORCON,H80238470,H80238470
1APROVINCIA\ALCORCON\iglesia22\FICHA DATOS TECNICOS iglesia 22.docx,CDAD PROP SANTA MARIA LA BLANCA 3 Y 5 E IGLESIA 22 ALCORCON,H80620081,H80620081
1APROVINCIA\ALCORCON\infantas9\FICHA DATOS TECNICOS.docx,CDAD PROP CL INFANTAS 9 ALCORCON,H79265344,H79265344
1APROVINCIA\ALCORCON\jaboneria36\FICHA DATOS TECNICOS.docx,CDAD PROP JABONERIA 36 ALCORCON,H79915757,H79915757
1APROVINCIA\ALCORCON\mancomunidadloscastillosyviñagrande\FICHA DATOS TECNICOS.docx,MANCOMUNIDAD DE PROPIETARIOS HABITAT M-7,H78817582,H78817582
1APROVINCIA\ALCORCON\princesa12\FICHA DATOS TECNICOS.docx,CDAD PROP CL PRINCESA N 12 ALCORCON,H79601811,H79601811
1APROVINCIA\ALCORCON\princesa25\FICHA DATOS.docx,CDAD PROP CL PRINCESA N 25 DE ALCORCON,H81475170,H81475170
1APROVINCIA\ALCORCON\sanignacio6\FICHA DATOS.docx,CDAD PROP CL SAN IGNACIO 6 ALCORCON,H80626294,H80626294
1APROVINCIA\ALCORCON\santamarialablanca3\FICHA DATOS TECNICOS.docx,CDAD PROP SANTA MARIA LA BLANCA 3-5 E IGLESIA 22,H80620081,H80620081
1APROVINCIA\ALCORCON\santamarialablanca5\FICHA DATOS TECNICOS.docx,CDAD PROP SANTA MARIA LA BLANCA 3-5 E IGLESIA 22,H80620081,H80620081
1APROVINCIA\ALCORCON\sierradealbarracin13\FICHA DATOS TECNICOS.docx,CDAD PROP CL SIERRA DE ALBARRACIN 13 ALCORCON,H79947008,H79947008
1APROVINCIA\ALCORCON\sierradealbarracin17\FICHA DATOS TECNICOS.docx,CDAD PROP CL SIERRA ALBARRACIN 17 ALCORCON,H79201265,H79201265
1APROVINCIA\ALCORCON\sieteojos4\FICHA DATOS TECNICOS.docx,CDAD PROP CL SIETEOJOS N 4 ALCORCON,H79700076,H79700076
1APROVINCIA\ALCORCON\toledo2\FICHA DATOS TECNICOS.docx,CDAD PROP CL TOLEDO 2 ALCORCON,H79296166,H79296166
1APROVINCIA\ALCORCON\trujillo3\FICHA DATOS TECNICOS.docx,CDAD PROP CL TRUJILLO N 3 DE ALCORCON,H84629849,H84629849
1APROVINCIA\ALCORCON\virgendeiciar15\FICHA DATOS TECNICOS.docx,CDAD PROP VIRGEN DE ICIAR 15 ESCALERA 4,H82954199,H82954199
1APROVINCIA\ALCORCON\virgendeiciar15escalera4\FICHA DATOS TECNICOS.docx,CDAD PROP VIRGEN DE ICIAR 15 ESCALERA 4,H82954199,H82954199
1APROVINCIA\ALCORCON\virgendeiciar17\ORIGINAL(completo)\FICHA DATOS TECNICOS.docx,CDAD PROP CL VIRGEN DE ICIAR 17 ALCORCON,H79575122,H79575122
1APROVINCIA\ALCORCON\virgendeiciar17\cubierta y esc emergencia\FICHA DATOS TECNICOS.docx,CDAD PROP CL VIRGEN DE ICIAR 17 ALCORCON,H79575122,H79575122
1APROVINCIA\ALCORCON\virgendeiciar22\FICHA DATOS.docx,CDAD PROP CL VIRGEN DE ICIAR N 22 ALCORCON,H79764825,H79764825
1APROVINCIA\ALGETE\avmonte89 - urb santodomingo\FICHA DATOS TECNICOS.docx,MERITXELL PARAYRE SABÉS,,
1APROVINCIA\ARANJUEZ\faisanes15\FICHA DATOS TECNICOS.docx,CDAD PROP CL FAISANES 15 ARANJUEZ,H80012040,H80012040
1APROVINCIA\ARANJUEZ\faisanes25\FICHA DATOS TECNICOS.docx,CDAD PROP CL FAISANES 25 ARANJUEZ,H79790507,H79790507
1APROVINCIA\ARANJUEZ\florida32\FICHA DATOS TECNICOS.docx,CDAD PROP FLORIDA 32 ARANJUEZ (PEDIDOS DOCS 29/02/2024),H79779336,H79779336
1APROVINCIA\ARANJUEZ\glorietadetamarindo4\FICHA DATOS TECNICOS.docx,"CDAD GT TAMARINDO 1, 2, 3 Y 4",H80838717,H80838717
1APROVINCIA\ARANJUEZ\infantas13\FICHA DATOS TECNICOS.docx,CDAD PROP INFANTAS 13 ARANJUEZ,H78306586,H78306586
1APROVINCIA\ARANJUEZ\jesus40\FICHA DATOS.docx,,H28612398,H28612398
1APROVINCIA\ARANJUEZ\mariblanca10\FICHA DATOS TECNICOS.docx,CDAD PROP CL MARIBLANCA 10 ARANJUEZ,H79993036,H79993036
1APROVINCIA\ARANJUEZ\virgendelasnieves40\FICHA DATOS TECNICOS.docx,CDAD PROP CL VIRGEN DE LAS NIEVES 40 ARANJUEZ,H80561541,H80561541
1APROVINCIA\ARGANDA DEL REY\laton8\FICHA DATOS TECNICOS.docx,"TETRA PAK HISPANIA, SA",A28228864,A28228864
1APROVINCIA\BOADILLA DEL MONTE\avisabeldefarnesio6\FICHA DATOS TECNICOS.docx,CDAD PROP ISABEL DE FARNESIO 6 BLOQUE 3 BOADILLA DEL MONTE,H82509092,H82509092
1APROVINCIA\BOADILLA DEL MONTE\nueva2\FICHA DATOS TECNICOS.docx,CDAD PROP CL NUEVA N 2 Y CL JOSE ANTONIO N 53 BOADILLA DEL MONTE,H79369534,H79369534
1APROVINCIA\COLMENAR VIEJO\madrid2\FICHA DATOS TECNICOS.docx,CDAD PROP CL MADRID 2 COLMENAR VIEJO,H81459224,H81459224
1APROVINCIA\COLMENAR VIEJO\santodomingodeguzman5\FICHA DATOS TECNICOS.docx,CDAD PROP CL SANTO DOMINGO DE GUZMAN 5 COLMENAR VIEJO,H81975682,H81975682
1APROVINCIA\COSLADA\avlosprincipesdeespaña17-19pry_conj\rampa CONJUNTA PORTAL 17 Y 19\FICHA DATOS.docx,,H79755823,17 (H79755823) / 19 (H80194400)
1APROVINCIA\COSLADA\mejico39\FICHA DATOS.docx,CDAD PROP CL MEJICO 39 COSLADA,H78680261,H78680261
1APROVINCIA\FUENLABRADA\alava14\FICHA DATOS TECNICOS.docx,CDAD PROP CL ALAVA 14 FUENLABRADA,H78290624,H78290624
1APROVINCIA\FUENLABRADA\alava6\FICHA DATOS TECNICOS.docx,OSTALAZAR SL,B28111516,B28111516
1APROVINCIA\FUENLABRADA\alemania11\FICHA DATOS TECNICOS.docx,CDAD PROP ALEMANIA 11 FUENLABRADA,H79602397,H79602397
1APROVINCIA\FUENLABRADA\alemania6\FICHA DATOS TECNICOS.docx,CDAD PROP CL ALEMANIA 6 FUENLABRADA,H79228748,H79228748
1APROVINCIA\FUENLABRADA\andalucia10\FICHA DATOS TECNICOS.docx,CDAD PROP CL ANDALUCIA 10 FUENLABRADA,H79706339,H79706339
1APROVINCIA\FUENLABRADA\andalucia6\FICHA DATOS TECNICOS.docx,CDAD PROP ANDALUCIA 6 FUENLABRADA,H79882866,H79882866
1APROVINCIA\FUENLABRADA\angeles12\FICHA DATOS TECNICOS.docx,CDAD PROP CL LOS ANGELES 12 FUENLABRADA,H79668091,H79668091
1APROVINCIA\FUENLABRADA\angeles14\FICHA DATOS TECNICOS.docx,CDAD PROP CL LOS ANGELES N 14 FUENLABRADA,H79741518,H79741518
1APROVINCIA\FUENLABRADA\angeles7\fotovoltaica - renovae\FICHA DATOS TECNICOS.docx,,H79746053,H79746053
1APROVINCIA\FUENLABRADA\argentina20\FICHA DATOS TECNICOS.docx,CDAD PROP ARGENTINA 20 FUENLABRADA,H79833398,H79833398
1APROVINCIA\FUENLABRADA\austria8\FICHA DATOS TECNICOS.docx,CDAD PROP AUSTRIA 8 FUENLABRADA,H78759263,H78759263
1APROVINCIA\FUENLABRADA\avandes11\FICHA DATOS TECNICOS.docx,CDAD PROP AV DE LOS ANDES 11 FUENLABRADA,H79726394,H79726394
1APROVINCIA\FUENLABRADA\avespaña20\FICHA DE DATOS ACCESALIA 2.docx,,H80645229,H80645229
1APROVINCIA\FUENLABRADA\avespaña9\FICHA DATOS.docx,CDAD PROP AV ESPAÑA 9 FUENLABRADA,H78767076,H78767076
1APROVINCIA\FUENLABRADA\avestados18\FICHA DATOS TECNICOS.docx,CDAD PROP AV DE LOS ESTADOS 18 FUENLABRADA,H79825618,H79825618
1APROVINCIA\FUENLABRADA\avestados1\FICHA ascensor y rampa DATOS TECNICOS.docx,CDAD PROP AVDA ESTADOS 1 FUENLABRADA,H79104279,H79104279
1APROVINCIA\FUENLABRADA\avestados4\FICHA SATE DATOS TECNICOS.docx,CDAD PROP AVDA DE LOS ESTADOS 4 FUENLABRADA,E78447554,E78447554
1APROVINCIA\FUENLABRADA\avfranciscojaviersauquillo22\ascensor TERMINADO\FICHA DATOS TECNICOS.docx,CDAD PROP FRANCISCO JAVIER SAUQUILLO 22,H80207020,H80207020
1APROVINCIA\FUENLABRADA\avfranciscojaviersauquillo22\sate NO CONTRATADO\FICHA DATOS TECNICOS sate.docx,CDAD PROP FRANCISCO JAVIER SAUQUILLO 22,H80207020,H80207020
1APROVINCIA\FUENLABRADA\avprovincias14\FICHA DATOS TECNICOS.docx,CDAD PROP CL AV PROVINCIAS 14 FUENLABRADA,H78576980,H78576980
1APROVINCIA\FUENLABRADA\avprovincias16\FICHA DATOS TECNICOS.docx,CDAD PROP AV DE LAS PROVINCIAS 16 FUENLABRADA,H80135908,H80135908
1APROVINCIA\FUENLABRADA\avprovincias46\FICHA DATOS.docx,CDAD PROP AV PROVINCIAS 46 FUENLABRADA,H79490140,H79490140
1APROVINCIA\FUENLABRADA\avregiones6\ASCENSOR\FICHA DATOS TECNICOS.docx,CDAD PROP AV REGIONES 6 FUENLABRADA,H79783130,H79783130
1APROVINCIA\FUENLABRADA\avregiones6\SATE Y AEROTERMIA\FICHA DATOS TECNICOS.docx,CDAD PROP AV. REGIONES 6 FUENLABRADA,H79783130,H79783130
1APROVINCIA\FUENLABRADA\belen7\FICHA DATOS TECNICOS.docx,CDAD PROP CL BELEN 7 FUENLABRADA,H79707493,H79707493
1APROVINCIA\FUENLABRADA\brunete3\ascensor\FICHA DATOS TECNICOS.docx,CDAD PROP CL BRUNETE 3 FUENLABRADA,H79277513,H79277513
1APROVINCIA\FUENLABRADA\brunete3\sate + ascensor\FICHA DATOS TECNICOS.docx,CDAD PROP CL BRUNETE 3 FUENLABRADA,H79277513,H79277513
1APROVINCIA\FUENLABRADA\brunete3\sate\FICHA DATOS TECNICOS.docx,CDAD PROP CL BRUNETE 3 FUENLABRADA,H79277513,H79277513
1APROVINCIA\FUENLABRADA\callao21\FICHA DATOS TECNICOS.docx,CP CALLAO 21 FUENLABRADA,H80571219,H80571219
1APROVINCIA\FUENLABRADA\callao31\FICHA DATOS TECNICOS.docx,CDAD PROP CALLAO 31 FUENLABRADA,H79634564,H79634564
1APROVINCIA\FUENLABRADA\callao35\FICHA DATOS TECNICOS.docx,CDAD PROP CALLAO 35 FUENLABRADA,H79121620,H79121620
1APROVINCIA\FUENLABRADA\canarias8\1 Cambio Ascendentes y Bajantes octubre 2021\FICHA DATOS TECNICOS.docx,CDAD PROP CANARIAS 8 FUENLABRADA,H78347028,H78347028
1APROVINCIA\FUENLABRADA\canarias8\3 Mejora accesibilidad\FICHA DATOS TECNICOS.docx,CDAD PROP CANARIAS 8 FUENLABRADA,H78347028,H78347028
1APROVINCIA\FUENLABRADA\castillalanueva33\FICHA DATOS TECNICOS.docx,"CDAD PROP CL CASTILLA LA NUEVA 33, 28941, FUENLABRADA, MADRID",H79387577,H79387577
1APROVINCIA\FUENLABRADA\castillalanueva37bis\FICHA DATOS.docx,CDAD PROP CL CASTILLA LA NUEVA N 37 BIS FUENLABRADA,H79410346,H79410346
1APROVINCIA\FUENLABRADA\castillalanueva40\FICHA DATOS TECNICOS.docx,CDAD PROP CL CASTILLA LA NUEVA 40 FUENLABRADA,H79562864,H79562864
1APROVINCIA\FUENLABRADA\castillalavieja12\solado portal\FICHA DATOS TECNICOS.docx,CP CASTILLA LA VIEJA 12 FUENLABRADA,H79597324,H79597324
1APROVINCIA\FUENLABRADA\castillalavieja8\FICHA DATOS TECNICOS.docx,CDAD PROP CL CASTILLA LA VIEJA 8 FUENLABRADA,H79679098,H79679098
1APROVINCIA\FUENLABRADA\comunidaddemadrid9\FICHA SATE COMUNIDAD DE MADRID 9 FUENLABRADA.docx,CDAD PROP CALLE DE LA COMUNIDAD DE MADRID 9 FUENLABRADA,H80074024,H80074024
1APROVINCIA\FUENLABRADA\delicias1\FICHA DATOS TECNICOS.docx,CDAD PROP DELICIAS 1 FUENLABRADA,H79760112,H79760112
1APROVINCIA\FUENLABRADA\delicias7\FICHA DATOS TECNICOS.docx,CP DELICIAS 7 FUENLABRADA,H81223174,H81223174
1APROVINCIA\FUENLABRADA\eras9\ascensor\FICHA DATOS TECNICOS.docx,CDAD PROP ERAS 9 FUENLABRADA,H79934220,H79934220
1APROVINCIA\FUENLABRADA\eras9\dr\FICHA DATOS.docx,CDAD PROP LAS HERAS 9 FUENLABRADA,H79934220,H79934220
1APROVINCIA\FUENLABRADA\fatima6\FICHA DATOS TECNICOS.docx,CDAD PROP CL FATIMA 6 FUENLABRADA,H79266052,H79266052
1APROVINCIA\FUENLABRADA\fatima8\FICHA DATOS TECNICOS.docx,CDAD PROP FATIMA 8 FUENLABRADA,H79718540,H79718540
1APROVINCIA\FUENLABRADA\francia50\FICHA DATOS TECNICOS.docx,CDAD PROP CL FRANCIA 50 FUENLABRADA,H79661443,H79661443
1APROVINCIA\FUENLABRADA\francia5\FICHA DATOS TECNICOS.docx,CDAD PROP CL FRANCIA 5 FUENLABRADA,H79704250,H79704250
1APROVINCIA\FUENLABRADA\francia7\FICHA DATOS TECNICOS.docx,CDAD PROP CL FRANCIA 7 FUENLABRADA,H79538823,H79538823
1APROVINCIA\FUENLABRADA\habana41\FICHA DATOS TECNICOS.docx,CDAD PROP CL HABANA 41 FUENLABRADA,H79697546,H79697546
1APROVINCIA\FUENLABRADA\hispanidad 3\FICHA DATOS TECNICOS.docx,CP HISPANIDAD 3,H81524076,H81524076
1APROVINCIA\FUENLABRADA\holanda10\FICHA DATOS TECNICOS.docx,CDAD PROP HOLANDA 10 FUENLABRADA,H79578563,H79578563
1APROVINCIA\FUENLABRADA\humera16\FICHA DATOS.docx,CDAD PROP CL HUMERA 16 FUENLABRADA,H79112322,H79112322
1APROVINCIA\FUENLABRADA\humera2\FICHA MEMORIA VALORADA CUBIERTA.docx,CDAD PROP HUMERA 2,H79669404,H79669404
1APROVINCIA\FUENLABRADA\humilladero5\FICHA DATOS TECNICOS.docx,COMUNIDAD DE PROPIETARIOS HUMILLADERO 5,H79692190,H79692190
1APROVINCIA\FUENLABRADA\hungria4\FICHA DATOS TECNICOS.docx,CDAD PROP CL HUNGRIA 4 FUENLABRADA,H79740700,H79740700
1APROVINCIA\FUENLABRADA\islasbritanicas26\FICHA DATOS TECNICOS.docx,CDAD PROP CL ISLAS BRITANICAS 26 FUENLABRADA,H79253514,H79253514
1APROVINCIA\FUENLABRADA\italia11\FICHA DATOS TECNICOS.docx,CDAD PROP ITALIA 11 FUENLABRADA,H79803797,H79803797
1APROVINCIA\FUENLABRADA\italia35\4.FICHA DATOS TECNICOS.docx,CDAD PROP ITALIA 35 FUENLABRADA,H79044913,H79044913
1APROVINCIA\FUENLABRADA\leganes14\FICHA DATOS TECNICOS.docx,CDAD PROP CL LEGANES 14 FUENLABRADA,H79801049,H79801049
1APROVINCIA\FUENLABRADA\lima5\SATE\FICHA DATOS TECNICOS.docx,CDAD PROP CL LIMA 5 FUENLABRADA,H81427155,H81427155
1APROVINCIA\FUENLABRADA\malaga22\cambio tuberias\FICHA DATOS TECNICOS.docx,CDAD PROP MALAGA 22,H80459464,H80459464
1APROVINCIA\FUENLABRADA\malaga28\ascendentes y bajantes\FICHA DATOS TECNICOS.docx,CDAD PROP MALAGA 28 FUENLABRADA,H80028194,H80028194
1APROVINCIA\FUENLABRADA\malaga40\mejora accesibilidad\FICHA DATOS TECNICOS.docx,,E78347028,E78347028
1APROVINCIA\FUENLABRADA\malaga40\sate\FICHA DATOS TECNICOS.docx,,E78347028,E78347028
1APROVINCIA\FUENLABRADA\mejicosn\Acceso 1\FICHA DATOS.docx,LORMAN ADM,,
1APROVINCIA\FUENLABRADA\mostoles3portal2\Ascensor TERMINADO\FICHA DATOS TECNICOS.docx,CDAD PROP MOSTOLES 3 BLOQUE 2 FUENLABRADA,H79267993,H79267993
1APROVINCIA\FUENLABRADA\mostoles3portal4\FICHA DATOS TECNICOS.docx,CDAD PROP MOSTOLES 3 PORTAL 4 FUENLABRADA,H84265164,H84265164
1APROVINCIA\FUENLABRADA\mostoles3portal7\SATE\FICHA DATOS TECNICOS.docx,CDAD PROP MOSTOLES 3 PORTAL 7 FUENLABRADA,H79568283,H79568283
1APROVINCIA\FUENLABRADA\nazaret14\FICHA DATOS.docx,CDAD PROP CL NAZARET 14 FUENLABRADA,H79549671,H79549671
1APROVINCIA\FUENLABRADA\nazaret32bis\RAMPA\FICHA DATOS TECNICOS.docx,CDAD PROP CL NAZARET N 32 BIS,H79706172,H79706172
1APROVINCIA\FUENLABRADA\nazaret32bis\SATE\FICHA DATOS TECNICOS.docx,CDAD PROP CL NAZARET 32 BIS FUENLABRADA,H79706172,H79706172
1APROVINCIA\FUENLABRADA\oriente6\FICHA DATOS TECNICOS.docx,CDAD PROP CL ORIENTE 6 FUENLABRADA,H79699617,H79699617
1APROVINCIA\FUENLABRADA\palencia12\FICHA DATOS TECNICOS.docx,CDAD PROP CL PALENCIA 12 FUENLABRADA,H80203466,H80203466
1APROVINCIA\FUENLABRADA\paseodegranada2\accesibilidad\FICHA DATOS TECNICOS.docx,CDAD PROP PS GRANADA 2 FUENLABRADA,H79943031,H79943031
1APROVINCIA\FUENLABRADA\paseodegranada2\sate\FICHA DATOS TECNICOS.docx,CDAD PROP PASEO GRANADA 2 FUENLABRADA,H79943031,H79943031
1APROVINCIA\FUENLABRADA\paseodegranada3\reparar fachada\FICHA DATOS TECNICOS.docx,"CDAD. PROP. PASEO GRANADA, 3 FUENLABRADA",H79616652,H79616652
1APROVINCIA\FUENLABRADA\paseodelahaya2\FICHA DATOS TECNICOS.docx,CDAD PROP PASEO DE LA HAYA 2 FUENLABRADA,H79705851,H79705851
1APROVINCIA\FUENLABRADA\paseodrseveroochoa10\FICHA DATOS.docx,CDAD PROP PS DOCTOR SEVERO OCHOA 10 FUENLABRADA,H85862803,H85862803
1APROVINCIA\FUENLABRADA\paseoolimpo16\sate\FICHA DATOS TECNICOS.docx,CDAD PROP PASEO OLIMPO 16 FUENLABRADA,H79607446,H79607446
1APROVINCIA\FUENLABRADA\paseosanantonio3\FICHA DATOS TECNICOS.docx,CDAD PROP PASEO SAN ANTONIO 3 FUENLABRADA,H79741195,H79741195
1APROVINCIA\FUENLABRADA\paseosanantonio4\SATE\FICHA DATOS.docx,CDAD PROP PASEO SAN ANTONIO 4 FUENLABRADA,H79574778,H79574778
1APROVINCIA\FUENLABRADA\paular1\FICHA DATOS TECNICOS.docx,CDAD PROP CL PAULAR N 1 FUENLABRADA,H79824298,H79824298
1APROVINCIA\FUENLABRADA\paular5\FICHA DATOS TECNICOS.docx,CDAD PROP CL PAULAR 5 FUENLABRADA,H80228158,H80228158
1APROVINCIA\FUENLABRADA\pelayos11\FICHA DATOS TECNICOS.docx,CDAD PROP PELAYOS 11 FUENLABRADA,H79674370,H79674370
1APROVINCIA\FUENLABRADA\plazadelaalbufera11\FICHA DATOS.docx,,H79970174,H79970174
1APROVINCIA\FUENLABRADA\plazadenicaragua3\FICHA DATOS TECNICOS.docx,CDAD PROP CL NICARAGUA 3 FUENLABRADA,H79775755,H79775755
1APROVINCIA\FUENLABRADA\plazaparis5\FICHA DATOS TECNICOS.docx,CDAD PROP PLAZA PARIS 5 FUENLABRADA,H80030885,H80030885
1APROVINCIA\FUENLABRADA\plazaparis6\FICHA DATOS TECNICOS.docx,CDAD PROP PLAZA PARIS 6 FUENLABRADA,H79647061,H79647061
1APROVINCIA\FUENLABRADA\sanandres1\FICHA DATOS TECNICOS.docx,CDAD PROP SAN ANDRES 1 FUENLABRADA.,H79702627,H79702627
1APROVINCIA\FUENLABRADA\sanandres20\FICHA DATOS TECNICOS.docx,CDAD PROP SAN ANDRES 20 FUENLABRADA.,,
1APROVINCIA\FUENLABRADA\sanandres2\FICHA DATOS TECNICOS.docx,CDAD PROP SAN ANDRES 2 FUENLABRADA,H80783475,H80783475
1APROVINCIA\FUENLABRADA\sanjose9\FICHA DATOS TECNICOS.docx,CDAD PROP CL SAN JOSE 9 FUENLABRADA,H78548823,H78548823
1APROVINCIA\FUENLABRADA\suecia3\FICHA DATOS TECNICOS.docx,Pilar Fernández Vázquez,,00675098W
1APROVINCIA\FUENLABRADA\torrejon9\FICHA DATOS TECNICOS.docx,CDAD PROP TORREJON 9 FUENLABRADA,H79854857,H79854857
1APROVINCIA\FUENLABRADA\turquia22\FICHA DATOS TECNICOS.docx,CDAD PROP CL TURQUIA N 22 FUENLABRADA,H81284598,H81284598
1APROVINCIA\FUENLABRADA\villalon1\FICHA DATOS TECNICOS.docx,CDAD PROP CL VILLALON 1 FUENLABRADA,H48673833,H48673833
1APROVINCIA\FUENLABRADA\villaviciosadeodon2\FICHA DATOS TECNICOS.docx,CDAD PROP CL VILLAVICIOSA DE ODON 2 FUENLABRADA,H79098539,H79098539
1APROVINCIA\FUENLABRADA\zamora1-3-5\SATE\FICHA DATOS TECNICOS.docx,CDAD PROP ED ZAMORA CL ZAMORA FUENLABRADA,H79663209,H79663209
1APROVINCIA\FUENLABRADA\zamora25\ASCENSOR\FICHA DATOS TECNICOS.docx,CDAD PROP ZAMORA 25 FUENLABRADA,H78759206,H78759206
1APROVINCIA\FUENLABRADA\zamora25\SATE-en pausa\FICHA DATOS TECNICOS.docx,CDAD PROP ZAMORA 25 FUENLABRADA,H78759206,H78759206
1APROVINCIA\FUENLABRADA\zamora6\FICHA DATOS.docx,ZAMORA 6 FUENLABRADA,H79997185,H79997185
1APROVINCIA\FUENLABRADA\zaragoza7\FICHA DATOS.docx,CDAD PROP CL ZARAGOZA N 7 FUENLABRADA,H79490132,H79490132
1APROVINCIA\GETAFE\avangeles6\ascensor\FICHA DATOS TECNICOS.docx,CDAD PROP AV ANGELES 6 GETAFE,H80008279,H80008279
1APROVINCIA\GETAFE\avangeles6\modificacion licencia-NO VALE\FICHA DATOS.docx,CDAD PROP AV ANGELES 6 GETAFE,H80008279,H80008279
1APROVINCIA\GETAFE\avaragon14\FICHA DATOS TECNICOS.docx,CDAD PROP AV ARAGON 14 GETAFE,H79217626,H79217626
1APROVINCIA\GETAFE\avespaña27\FICHA DATOS TECNICOS.docx,CDAD PROP AV ESPAÑA 27 GETAFE,E78918745,E78918745
1APROVINCIA\GETAFE\avespaña33\FICHA DATOS TECNICOS.docx,CDAD PROP AV ESPAÑA N 33 GETAFE,H79727517,H79727517
1APROVINCIA\GETAFE\avgibraltar4-6-8\FICHA DATOS TECNICOS.docx,CDAD PROP AV GIBRALTAR N 4 GETAFE,H79425880,H79425880
1APROVINCIA\GETAFE\avreyescatólicos29\FICHA DATOS TECNICOS.docx,CDAD PROP AV REYES CATÓLICOS 29,H79107876,H79107876
1APROVINCIA\GETAFE\brunete10\FICHA DATOS.docx,CDAD PROP CL BRUNETE N 10 GETAFE,H79660007,H79660007
1APROVINCIA\GETAFE\brunete11\FICHA DATOS TECNICOS.docx,CDAD PROP BRUNETE 11 GETAFE,E78122819,E78122819
1APROVINCIA\GETAFE\colibri5\FICHA DATOS TECNICOS.docx,CDAD PROP CL COLIBRI 5 GETAFE,E78126885,E78126885
1APROVINCIA\GETAFE\generalpalacio6\FICHA DATOS TECNICOS.docx,PZ GENERAL PALACIO 6,,
1APROVINCIA\GETAFE\maestroturina6\FICHA DATOS TECNICOS.docx,CDAD PROP CL MAESTRO TURINA 6 GETAFE,H79671145,H79671145
1APROVINCIA\GETAFE\magdalena3\1.Memoria\FICHA DATOS.docx,CDAD PROP DE LA CALLE MAGDALENA N.3 DE GETAFE,H85095487,H85095487
1APROVINCIA\GETAFE\magdalena3\2.Reestructuracion\FICHA DATOS.docx,CDAD PROP DE LA CALLE MAGDALENA N.3 DE GETAFE,H85095487,H85095487
1APROVINCIA\GETAFE\parla20\FICHA DATOS.docx,CDAD PROP CL PARLA 20. GETAFE,H79646725,H79646725
1APROVINCIA\GETAFE\perdiz5\FICHA ACCESALIA.docx,CDAD PROP CL PERDIZ 5 GETAFE,H80137037,H80137037
1APROVINCIA\GETAFE\titulcia12\FICHA DATOS TECNICOS.docx,CDAD PROP CL TITULCIA 12 GETAFE,H80623655,H80623655
1APROVINCIA\GETAFE\valdemorillo1\FICHA DATOS TECNICOS.docx,CDAD PROP CL VALDEMORILLO 1 GETAFE,H79630547,H79630547
1APROVINCIA\GETAFE\valencia10\FICHA DATOS TECNICOS.docx,CDAD PROP VALENCIA 10 GETAFE,H79027074,H79027074
1APROVINCIA\GRIÑON\cañadatoledana2\FICHA DATOS TECNICOS.docx,CDAD PROP AV CAÑADA TOLEDANA 2 GRIÑON,H81432817,H81432817
1APROVINCIA\HUMANES DE MADRID\madrid38-40\FICHA DATOS TECNICOS.docx,CDAD PROP CL MADRID N 38 Y 40,H79655619,H79655619
1APROVINCIA\HUMANES DE MADRID\madrid79\FICHA DATOS TECNICOS.docx,CDAD PROP CL MADRID 79 DE HUMANES DE MADRID,H80651581,H80651581
1APROVINCIA\HUMANES DE MADRID\santiagoramonycajal9\FICHA DATOS TECNICOS.docx,CDAD PROP CL RAMON Y CAJAL 9 HUMANES,H81033433,H81033433
1APROVINCIA\HUMANES DE MADRID\vicentealeixandre15\FICHA DATOS.docx,CDAD PROP CL VICENTE ALEIXANDRE 15 HUMANES DE MADRID,H81806531,H81806531
1APROVINCIA\LAS ROZAS\mieses2\FICHA DATOS.docx,CDAD PROP CL MIESES N 2 ROZAS MADRID,H79934535,H79934535
1APROVINCIA\LEGANES\alcarria60\FICHA DATOS.docx,CDAD PROP CL ALCARRIA N 60 LEGANES,E28941417,E28941417
1APROVINCIA\LEGANES\alcarria62\FICHA DATOS TECNICOS.docx,,E78386331,E78386331
1APROVINCIA\LEGANES\alcarria9\FICHA DATOS TECNICOS.docx,CDAD PROP ALCARRIA 9 LEGANES,H79799748,H79799748
1APROVINCIA\LEGANES\alheli6\FICHA DATOS.docx,CDAD PROP CL ALHELI 6 LEGANES,H79675518,H79675518
1APROVINCIA\LEGANES\ampurdan10\FICHA DATOS TECNICOS.docx,CDAD PROP CL AMPURDAN 10 LEGANES,H79139945,H79139945
1APROVINCIA\LEGANES\ampurdan12\FICHA DATOS TECNICOS.docx,CDAD PROP CL AMPURDAN 12 LEGANES,H78814696,H78814696
1APROVINCIA\LEGANES\ampurdan7\FICHA DATOS TECNICOS.docx,CDAD PROP AMPURDAN 7 LEGANES,H79705505,H79705505
1APROVINCIA\LEGANES\animas3\FICHA DATOS TECNICOS.docx,CDAD PROP CL ANIMAS 3 LEGANES,H79664207,H79664207
1APROVINCIA\LEGANES\aragon11\FICHA DATOS TECNICOS.docx,CDAD PROP CL ARAGON 11 LEGANES,H78418126,H78418126
1APROVINCIA\LEGANES\avdelamancha15\FICHA DATOS.docx,CDAD PROP AV LA MANCHA 15 LEGANES,H79653473,H79653473
1APROVINCIA\LEGANES\avdelamancha18\FICHA DATOS.docx,CDAD PROP AV DE LA MANCHA 18 LEGANES,H79909834,H79909834
1APROVINCIA\LEGANES\avdrfleming14\FICHA DATOS.docx,CDAD PROP AV DR FLEMING 14 LEGANES,H79738951,H79738951
1APROVINCIA\LEGANES\avdrfleming32\FICHA DATOS TECNICOS.docx,,E28955706,E28955706
1APROVINCIA\LEGANES\avdrmartinveguejaudenes22\FICHA DATOS TECNICOS.docx,CDAD. PROP. AV DOCTOR MARTIN VEGUE 22 LEGANES,H79170387,H79170387
1APROVINCIA\LEGANES\avdrmartinveguejaudenes33-35-37\FICHA DATOS TECNICOS.docx,MANCOMUNIDAD AV DR. DOCTOR MARTIN VEGUE N 33 35 Y 37,H78557071,H78557071
1APROVINCIA\LEGANES\avdrmendiguchiacarriche27\FICHA DATOS TECNICOS.docx,CDAD PROP AV DR MENDIGUCHIA CARRICHE 27,H28589315,H28589315
1APROVINCIA\LEGANES\avdrmendiguchiacarriche38\FICHA DATOS TECNICOS.docx,CDAD PROP AV DOCTOR MENDIGUCHIA CARRICHE 38 LEGANES,E78418100,E78418100
1APROVINCIA\LEGANES\baleares8\FICHA DATOS TECNICOS.docx,CDAD PROP CL BALEARES 8 LEGANES,E78213519,E78213519
1APROVINCIA\LEGANES\barrionuevo6\FICHA DATOS TECNICOS.docx,CDAD PROP BARRIONUEVO 6 LEGANES,H79871018,H79871018
1APROVINCIA\LEGANES\batalladeclavijo1\FICHA DATOS.docx,,H79797569,H79797569
1APROVINCIA\LEGANES\batalladeclavijo7\FICHA DATOS.docx,,E78007324,E78007324
1APROVINCIA\LEGANES\calderondelabarca6\FICHA DATOS TECNICOS.docx,CDAD PROP CL CALDERON DE LA BARCA 6 LEGANES,H81286825,H81286825
1APROVINCIA\LEGANES\calderondelabarca8\FICHA DATOS TECNICOS.docx,CDAD PROP CALDERON DE LA BARCA 8 LEGANES,E28604957,E28604957
1APROVINCIA\LEGANES\castilla20\FICHA DATOS TECNICOS.docx,CDAD PROP CL CASTILLA 20 LEGANES,H28608149,H28608149
1APROVINCIA\LEGANES\covadonga18\FICHA DATOS TECNICOS.docx,CDAD PROP COVADONGA 18 LEGANES,H80681513,H80681513
1APROVINCIA\LEGANES\covadonga22\FICHA DATOS TECNICOS.docx,CDAD PROP DE LA CALLE COVADONGA 22 LEGANES,E28541647,E28541647
1APROVINCIA\LEGANES\fraymelchorcano22\FICHA DATOS TECNICOS.docx,CDAD PROP CL FRAY MELCHOR CANO 22 LEGANES,H79789574,H79789574
1APROVINCIA\LEGANES\galicia7\FICHA DATOS TECNICOS.docx,CDAD PROP CL GALICIA 7 LEGANES,H79679346,H79679346
1APROVINCIA\LEGANES\jeromin23\FICHA DATOS TECNICOS.docx,CDAD PROP JEROMIN 23 LEGANES,E78939733,E78939733
1APROVINCIA\LEGANES\moraña24\FICHA DATOS TECNICOS.docx,CDAD PROP CL MORAÑA 24 LEGANES,H79355525,H79355525
1APROVINCIA\LEGANES\nuestraseñoradelaesperanza3\FICHA DATOS TECNICOS.docx,CDAD PROP CL NUESTRA SEÑORA DE LA ESPERANZA N 3 LEGANES,H79735221,H79735221
1APROVINCIA\LEGANES\nuestraseñoradelamacarena11\ascensor\FICHA DATOS TECNICOS.docx,CDAD PROP NTRA SRA MACARENA 11,H83554519,H83554519
1APROVINCIA\LEGANES\nuestraseñoradelamacarena5\FICHA DATOS TECNICOS.docx,CDAD PROP CL N.S. MACARENA 5 LEGANES,,
1APROVINCIA\LEGANES\nuestraseñoradelamacarena7\FICHA DATOS TECNICOS.docx,CDAD PROP CL NTRA SRA MACARENA 7 LEGANES,E78259686,E78259686
1APROVINCIA\LEGANES\nuestraseñoradelamacarena9\FICHA DATOS TECNICOS.docx,CDAD PROP NTRA SRA MACARENA 9 LEGANES,H79674990,H79674990
1APROVINCIA\LEGANES\nuestraseñoradelasangustias17\FICHA DATOS TECNICOS.docx,CDAD PROP CL NUESTRA SEÑORA DE LAS ANGUSTIAS 17 LEGANES,H79290284,H79290284
1APROVINCIA\LEGANES\nuestraseñoradelosangeles4\FICHA DATOS TECNICOS.docx,"CDAD PROP NUESTRA SEÑORA DE LOS ANGELES 4 LEGANESPEDIDOS DOCS CP (28/02/2024, 04/04)",H79993721,H79993721
1APROVINCIA\LEGANES\paloma5\FICHA DATOS TECNICOS.docx,CDAD PROP CL PALOMA 5 LEGANES,H79590980,H79590980
1APROVINCIA\LEGANES\pensamiento5\FICHA DATOS TECNICOS.docx,CDAD PROP CL PENSAMIENTO 5 LEGANES,E78451770,E78451770
1APROVINCIA\LEGANES\plazadelaflor6\FICHA DATOS TECNICOS.docx,CP PZ DE LA FLOR 6 LEGANES,H79797585,H79797585
1APROVINCIA\LEGANES\plazadelainmaculada6\FICHA DATOS TECNICOS.docx,CDAD PROP PZ INMACULADA 6 LEGANES,H83403634,H83403634
1APROVINCIA\LEGANES\plazadelasfloras7\FICHA DATOS TECNICOS (Copia en conflicto de D SM 2025-11-20).docx,CDAD PROP PZ LAS FLORAS 7 LEGANES,H79737417,H79737417
1APROVINCIA\LEGANES\plazadelasfloras7\FICHA DATOS TECNICOS.docx,CDAD PROP PZ LAS FLORAS 7 LEGANES,H79737417,H79737417
1APROVINCIA\LEGANES\plazahernancortes6\FICHA DATOS TECNICOS.docx,CDAD PROP PLAZA HERNAN CORTES 6 LEGANES,H79264875,H79264875
1APROVINCIA\LEGANES\polvoranca26\FICHA DATOS.docx,CDAD PROP CL POLVORANCA N 26 LEGANES,H79853685,H79853685
1APROVINCIA\LEGANES\rioaragon6\FICHA DATOS.docx,CDAD PROP CL RIO ARAGON 6 LEGANES,H79914503,H79914503
1APROVINCIA\LEGANES\rioduero12\FICHA DATOS TECNICOS.docx,CDAD PROP RIO DUERO 12 LEGANES,H81014292,H81014292
1APROVINCIA\LEGANES\rioduero1\FICHA DATOS TECNICOS.docx,CP RIO DUERO 1 LEGANES,H78456498,H78456498
1APROVINCIA\LEGANES\rioduero65\FICHA DATOS.docx,CDAD. PROP. CL RIO DUERO 65. LEGANÉS,E28607141,E28607141
1APROVINCIA\LEGANES\rioduero71\FICHA DATOS TECNICOS.docx,CDAD PROP RIO DUERO 71 LEGANES,H28575017,H28575017
1APROVINCIA\LEGANES\rioguadalquivir10\FICHA DATOS TECNICOS.docx,CDAD PROP CL RIO GUADALQUIVIR 10 LEGANES,E28960458,E28960458
1APROVINCIA\LEGANES\rioguadalquivir12\FICHA DATOS TECNICOS.docx,CDAD PROP RIO GUADALQUIVIR 12 LEGANES,E28965598,E28965598
1APROVINCIA\LEGANES\rioja19\FICHA DATOS TECNICOS.docx,CDAD PROP CL RIOJA 19 LEGANES,H78553146,H78553146
1APROVINCIA\LEGANES\rioja57\FICHA DATOS TECNICOS.docx,"C.P. Rioja, 57",H79720546,H79720546
1APROVINCIA\LEGANES\riomanzanares22\FICHA DATOS TECNICOS.docx,CP RIO MANZANARES 22 LEGANES,H81175507,H81175507
1APROVINCIA\LEGANES\riomanzanares26\FICHA DATOS TECNICOS.docx,CDAD PROP CL RIO MANZANARES 26 LEGANES,H81384638,H81384638
1APROVINCIA\LEGANES\saavedrafajardo2\SATE\FICHA DATOS TECNICOS.docx,CDAD PROP CL SAAVEDRA FAJARDO 2 LEGANES,H79164356,H79164356
1APROVINCIA\LEGANES\sanandres1\FICHA DATOS TECNICOS.docx,CDAD PROP SAN ANDRES 1 LEGANES,E28934750,E28934750
1APROVINCIA\LEGANES\sanclemente2\FICHA DATOS TECNICOS.docx,CDAD PROP SAN CLEMENTE 2 LEGANES,H79717732,H79717732
1APROVINCIA\LEGANES\sangregorio4\FICHA DATOS TECNICOS.docx,CDAD PROP CL SAN GREGORIO 4 LEGANES,H79926747,H79926747
1APROVINCIA\LEGANES\sanjustiniano1\FICHA DATOS.docx,CDAD PROP CL SAN JUSTINIANO 1 LEGANES,H79160735,H79160735
1APROVINCIA\LEGANES\sannicolas19\FICHA DATOS.docx,CDAD PROP CL SAN NICOLAS 19 LEGANES,E78809399,E78809399
1APROVINCIA\LEGANES\sanvaleriano1\FICHA DATOS TECNICOS.docx,CDAD PROP CL SAN VALERIANO N 1,H79179610,H79179610
1APROVINCIA\LEGANES\seminario24\FICHA DATOS TECNICOS.docx,CDAD PROP SEMINARIO 24 LEGANES,H79212841,H79212841
1APROVINCIA\LEGANES\sonsoles4\FICHA DATOS.docx,CDAD PROP CL SONSOLES 4 LEGANES,E78883626,E78883626
1APROVINCIA\LEGANES\torrubia4\FICHA DATOS TECNICOS.docx,CDAD PROP CL TORRUBIA 4 LEGANES,H79622650,H79622650
1APROVINCIA\LEGANES\virgendelcamino4\FICHA DATOS TECNICOS.docx,CDAD PROP CL VIRGEN DEL CAMINO 4 LEGANES,H81476640,H81476640
1APROVINCIA\MAJADAHONDA\avespaña37-39-41\FICHA DATOS TECNICOS.docx,ADMINISTARCION MEDITERRANEO,,
1APROVINCIA\MEJORADA DEL CAMPO\elgreco12\FICHA DATOS TECNICOS.docx,CDAD PROP CL PINTOR EL GRECO 12 MEJORADA DEL CAMPO,H79879250,H79879250
1APROVINCIA\MOSTOLES\albertoconti6\FICHA DATOS TECNICOS (1).docx,CDAD PROP ALBERTO CONTI 6 MOSTOLES,H79769816,H79769816
1APROVINCIA\MOSTOLES\alfonsoxii10\ASCENSOR\FICHA DATOS TECNICOS.docx,"CDAD. PROP. CL ALFONSO XII, 10 MÓSTOLES",H80006257,H80006257
1APROVINCIA\MOSTOLES\alfonsoxii10\SOLICITUD DE RAMPA\FICHA DATOS TECNICOS.docx,"CDAD. PROP. CL ALFONSO XII, 10 MÓSTOLES",H80006257,H80006257
1APROVINCIA\MOSTOLES\alfonsoxii16\FICHA DATOS TECNICOS.docx,CDAD PROP CL ALFONSO XII 16 MOSTOLESPEDIDOS DOCS CP 10/04,H80340623,H80340623
1APROVINCIA\MOSTOLES\alfonsoxii18\ascensor\FICHA DATOS TECNICOS.docx,CDAD PROP CL ALFONSO XII 18 MOSTOLES,H80178197,H80178197
1APROVINCIA\MOSTOLES\alfonsoxii18\rampa\FICHA DATOS.docx,CDAD PROP CL ALFONSO XII 18 MOSTOLES,H80178197,H80178197
1APROVINCIA\MOSTOLES\alfonsoxii4\FICHA DATOS TECNICOS.docx,CDAD PROP CL ALFONSO XII 4 MOSTOLES,H79265641,H79265641
1APROVINCIA\MOSTOLES\avCarlosV32\FICHA DATOS TECNICOS.docx,CDAD PROP AV CARLOS V 32 MOSTOLES,H78251949,H78251949
1APROVINCIA\MOSTOLES\avCarlosV42\FICHA DATOS TECNICOS.docx,CDAD PROP AV CARLOS V 42 MOSTOLES,H79251815,H79251815
1APROVINCIA\MOSTOLES\avdosdemayo71\FICHA DATOS TECNICOS.docx,CDAD PROP AV DOS DE MAYO 71 MOSTOLES,H79874780,H79874780
1APROVINCIA\MOSTOLES\avonu76\FICHA DATOS TECNICOS.docx,CDAD PROP AV ONU 76 MOSTOLES,H78682002,H78682002
1APROVINCIA\MOSTOLES\baleares34\FICHA DATOS TECNICOS.docx,CDAD PROP BALEARES 34 MOSTOLES,H78251907,H78251907
1APROVINCIA\MOSTOLES\becquer19\0 legalizacion rampa exterior\FICHA DATOS TECNICOS.docx,CDAD PROP CL BECQUER 19 MOSTOLES,H79694949,H79694949
1APROVINCIA\MOSTOLES\becquer19\1 plataforma\FICHA DATOS TECNICOS.docx,CDAD PROP CL BECQUER 19 MOSTOLES,H79694949,H79694949
1APROVINCIA\MOSTOLES\burgos6\FICHA DATOS TECNICOS.docx,CDAD PROP CL BURGOS N 6 MOSTOLES,H79539581,H79539581
1APROVINCIA\MOSTOLES\castellon15\FICHA DATOS.docx,,H78928322,H78928322
1APROVINCIA\MOSTOLES\castellon1\FICHA DATOS TECNICOS.docx,CDAD PROP CL CASTELLON 1 MOSTOLES,H79906475,H79906475
1APROVINCIA\MOSTOLES\cuestadelavirgen6\FICHA DATOS TECNICOS.docx,CDAD PROP CL CUESTA DE LA VIRGEN 6 MOSTOLES,H79514170,H79514170
1APROVINCIA\MOSTOLES\españoleto5\plataforma\FICHA DATOS TECNICOS.docx,CDAD PROP ESPAÑOLETO 5 MOSTOLES,H78201993,H78201993
1APROVINCIA\MOSTOLES\estocolmo6\FICHA DATOS.docx,,H79633772,H79633772
1APROVINCIA\MOSTOLES\helsinki7\FICHA DATOS TECNICOS.docx,CDAD PROP CL HELSINKI 7 MOSTOLES,H79752622,H79752622
1APROVINCIA\MOSTOLES\isaacperal5\FICHA DATOS.docx,CDAD PROP ISAAC PERAL 5 MOSTOLES,H79575627,H79575627
1APROVINCIA\MOSTOLES\laspalmas43\FICHA DATOS.docx,CDAD PROP LAS PALMAS 43,H78788874,H78788874
1APROVINCIA\MOSTOLES\maldonado4\FICHA DATOS TECNICOS.docx,CDAD PROP MALDONADO 4 MOSTOLES,H79985479,H79985479
1APROVINCIA\MOSTOLES\montevideo2\FICHA DATOS TECNICOS.docx,CDAD PROP CL MONTEVIDEO 2 MOSTOLES,H79254017,H79254017
1APROVINCIA\MOSTOLES\niza2\FICHA SALVAESCALERAS NIZA 2 MOSTOLES.docx,Cdad prop CL Niza N 2 Mostoles,H79026068,H79026068
1APROVINCIA\MOSTOLES\oviedo9\FICHA DATOS TECNICOS.docx,CDAD PROP CL OVIEDO 9 MOSTOLES,H78496684,H78496684
1APROVINCIA\MOSTOLES\padilla4\FICHA DATOS TECNICOS.docx,CDAD PROP CL PADILLA 4 MOSTOLES,H79145702,H79145702
1APROVINCIA\MOSTOLES\padilla8\FICHA DATOS TECNICOS.docx,CDAD PROP CL PADILLA 8 MOSTOLES,H79807129,H79807129
1APROVINCIA\MOSTOLES\pintorvelazquez65\FICHA DATOS TECNICOS V2.docx,CDAD PROP PINTOR VELAZQUEZ 65 MOSTOLES,H80035843,H80035843
1APROVINCIA\MOSTOLES\plazadosdemayo5\FICHA DATOS TECNICOS.docx,CDAD PROP PZ DOS DE MAYO 5 MOSTOLES,E78776309,E78776309
1APROVINCIA\MOSTOLES\pontevedra1\FICHA DATOS.docx,CDAD PROP CL PONTEVEDRA 1 MOSTOLES (COMPROBAR CUANDO LLEGUE),H79794061,H79794061
1APROVINCIA\MOSTOLES\riogenil4\FICHA DATOS TECNICOS .docx,CDAD PROP RIO GENIL 4 MOSTOLES,E78941515,E78941515
1APROVINCIA\MOSTOLES\riogenil7\FICHA DATOS.docx,,H79271300,H79271300
1APROVINCIA\MOSTOLES\riollobregat10\FICHA DATOS TECNICOS.docx,"CDAD PROP RIO LLOBREGAT 10 MOSTOLES, MADRID",H79480661,H79480661
1APROVINCIA\MOSTOLES\riotormes1\FICHA DATOS.docx,CDAD PROP CL RIO TORMES 1 MOSTOLES,H81543472,H81543472
1APROVINCIA\MOSTOLES\riotormes2\FICHA DATOS TECNICOS.docx,CDAD PROP CL RIO TORMES 2 MOSTOLES,H80592371,H80592371
1APROVINCIA\MOSTOLES\simonhernandez43-45\FICHA DATOS.docx,CDAD PROP SIMON HERNANDEZ 43-45 MOSTOLES,H78929312,H78929312
1APROVINCIA\PARLA\ciudades1\FICHA DATOS TECNICOS.docx,CDAD PROP CL LAS CIUDADES 1 PARLA,H79652145,H79652145
1APROVINCIA\PARLA\fuentebella28\FICHA DATOS TECNICOS.docx,CDAD PROP CL FUENTEBELLA 28 PARLA,H79306148,H79306148
1APROVINCIA\PARLA\fuentebella45\FICHA DATOS TECNICOS.docx,CDAD PROP UR FUENTEBELLA 45 PARLA,H79764353,H79764353
1APROVINCIA\PARLA\fuentebella68\FICHA DATOS TECNICOS.docx,CDAD PROP UR FUENTEBELLA N 68 PARLA,H79617312,H79617312
1APROVINCIA\PARLA\fuentebella8\FICHA DATOS TECNICOS.docx,CDAD PROP FUENTEBELLA 8 PARLA,H80152523,H80152523
1APROVINCIA\PARLA\pablocasals26\FICHA DATOS TECNICOS.docx,CDAD PROP CL PABLO CASALS 26 PARLA,H80001076,H80001076
1APROVINCIA\PARLA\rioguadalquivir3\FICHA DATOS TECNICOS.docx,CDAD PROP CL RIO GUADALQUIVIR 3 PARLA,H79338216,H79338216
1APROVINCIA\PARLA\sananton70\FICHA DATOS TECNICOS.docx,CDAD PROP SAN ANTON 70 PARLA,H79704060,H79704060
1APROVINCIA\PARLA\virgendelafuencisla8\2 Humedades post sate\FICHA DATOS.docx,CP VIRGEN DE LA FUENCISLA 8 PARLA,H79580593,H79580593
1APROVINCIA\PARLA\zuloaga7\FICHA DATOS.docx,CDAD PROP ZULOAGA 7 PARLA,H79716411,H79716411
1APROVINCIA\PINTO\castilla13\FICHA DATOS TECNICOS.docx,CDAD PROP CL CASTILLA 13 PINTO,H79716056,H79716056
1APROVINCIA\PINTO\galicia8\FICHA DATOS TECNICOS.docx,CDAD PROP GALICIA 8 PINTO,H79862280,H79862280
1APROVINCIA\PINTO\poetavillaespesa2\FICHA DATOS.docx,CDAD PROP POETA VILLAESPESA 2 PINTO,H79869848,H79869848
1APROVINCIA\PINTO\salvadordali6\FICHA DATOS TECNICOS.docx,"CDAD PROP SALVADOR DALI 2, 4 Y 6 PINTO",H80143878,H80143878
1APROVINCIA\POZUELO DE ALARCON\angelbarajas4\FICHA DATOS TECNICOS.docx,SUBCOMUNIDAD C/ BARAJAS 4,H75438945,H75438945
1APROVINCIA\POZUELO DE ALARCON\aragon-cerrolaza\FICHA DATOS TECNICOS.docx,CDAD PROP ARAGON - CERROLAZA,H85235182,H85235182
1APROVINCIA\POZUELO DE ALARCON\tubo5\FICHA DATOS.docx,CDAD PROP CL TUBO 5 DE HUMERA,H78259603,H78259603
1APROVINCIA\SAN FERNANDO DE HENARES\avzarauz29\FICHA DATOS TECNICOS.docx,CDAD PROP AV ZARAUZ 29 SAN FERNANDO DE HENARES,H79529087,H79529087
1APROVINCIA\SAN LORENZO DEL ESCORIAL\lepanto9\FICHA DATOS TECNICOS.docx,CDAD PROP COOP DE URB SAN LORENZO,H87804134,H87804134
1APROVINCIA\SAN MARTIN DE VALDEIGLESIAS\avmadrid42\FICHA DATOS TECNICOS.docx,"HIPERMERCADO CHARLY, SL",B79389185,B79389185
1APROVINCIA\SAN SEBASTIAN DE LOS REYES\avcolmenarviejo17\FICHA DATOS TECNICOS.docx,CDAD PROP AV COLMENAR VIEJO 17 SAN SEBASTIAN DE LOS REYES,,
1APROVINCIA\SAN SEBASTIAN DE LOS REYES\avcolmenarviejo18\FICHA DATOS TECNICOS.docx,CDAD PROP AV COLMENAR VIEJO 18 SAN SEBASTIAN DE LOS REYES,H79187894,H79187894
1APROVINCIA\SAN SEBASTIAN DE LOS REYES\avcolmenarviejo8\FICHA DATOS.docx,CDAD PROP AV COLMENAR VIEJO 8 SAN SEBASTIAN DE LOS REYES,E78946852,E78946852
1APROVINCIA\SAN SEBASTIAN DE LOS REYES\avsierra5\FICHA DATOS TECNICOS.docx,MCDAD PROP EL CHAPARRAL SS REYES,H78808797,H78808797
1APROVINCIA\SAN SEBASTIAN DE LOS REYES\hontanillas2\FICHA DATOS TECNICOS.docx,CDAD PROP CL HONTANILLAS N 2 SAN SEBASTIAN DE LOS REYES,H79329942,H79329942
1APROVINCIA\SAN SEBASTIAN DE LOS REYES\independencia43\FICHA DATOS - OK NO ME DEJA BORRAR LA OTRA FICHA (adriana).docx,CDAD PROP CL INDEPENDENCIA 43 SAN SEBASTIAN DE LOS REYES,H81642738,H81642738
1APROVINCIA\SAN SEBASTIAN DE LOS REYES\independencia43\FICHA DATOS.docx,,H81642738,H81642738
1APROVINCIA\SAN SEBASTIAN DE LOS REYES\jarama1\FICHA DATOS.docx,CDAD PROP CL JARAMA 1 SAN SEBASTIAN DE LOS REYES,H79879573,H79879573
1APROVINCIA\SAN SEBASTIAN DE LOS REYES\navasdetolosa7\FICHA DATOS TECNICOS.docx,CDAD PROP CL NAVAS DE TOLOSA 7 SAN SEBASTIAN DE LOS REYES,H79687166,H79687166
1APROVINCIA\SAN SEBASTIAN DE LOS REYES\oriente3\FICHA DATOS TECNICOS.docx,CDAD PROP CL ORIENTE 3 SAN SEBASTIAN,H79590139,H79590139
1APROVINCIA\SAN SEBASTIAN DE LOS REYES\real7\FICHA DATOS TECNICOS.docx,CDAD PROP CL REAL 7 SAN SEBASTIAN DE LOS REYES,H79918082,H79918082
1APROVINCIA\SAN SEBASTIAN DE LOS REYES\realvieja5\FICHA DATOS.docx,,H79472965,H79472965
1APROVINCIA\SAN SEBASTIAN DE LOS REYES\realvieja8\FICHA DATOS TECNICOS.docx,CDAD PROP CL REAL VIEJA 8 SAN SEBASTIAN DE LOS REYES,H80868243,H80868243
1APROVINCIA\SAN SEBASTIAN DE LOS REYES\travesiasanonofre4\FICHA DATOS TECNICOS.docx,CDAD PROP SAN ONOFRE 4 SAN SEBASTIAN DE LOS REYES,H79776688,H79776688
1APROVINCIA\TORREJON DE ARDOZ\arroyo1\FICHA DATOS TECNICOS.docx,CDAD PROP CL ARROYO 1 TORREJON DE ARDOZ,H79740551,H79740551
1APROVINCIA\TORREJON DE ARDOZ\belgrado1\FICHA DATOS TECNICOS.docx,CDAD DE PROP CL BELGRADO 1 TORREJON DE ARDOZ,H80293079,H80293079
1APROVINCIA\TORREJON DE ARDOZ\belgrado2\FICHA DATOS TECNICOS.docx,CDAD PROP CL BELGRADO 2 TORREJON DE ARDOZ,H80572191,H80572191
1APROVINCIA\TORREJON DE ARDOZ\cobre18\FICHA DATOS TECNICOS.docx,CARLA CONTRERAS NÚÑEZ,,52118110H
1APROVINCIA\TORREJON DE ARDOZ\hilados12\FICHA DATOS TECNICOS (Copia en conflicto de daniel de soto 2022-04-20).docx,CP CL HILADOS N 12 TORREJON ARDOZ,H78934411,H78934411
1APROVINCIA\TORREJON DE ARDOZ\hilados12\FICHA DATOS TECNICOS.docx,CP CL HILADOS N 12 TORREJON ARDOZ,H78934411,H78934411
1APROVINCIA\TORREJON DE ARDOZ\londres13\FICHA DATOS.docx,CDAD PROP CALLE LONDRES 13,H79888046,H79888046
1APROVINCIA\TORREJON DE ARDOZ\londres15\FICHA DATOS.docx,CDAD PROP CALLE LONDRES 15,H78912938,H78912938
1APROVINCIA\TORREJON DE ARDOZ\maestroturina12\FICHA DATOS TECNICOS.docx,CDAD PROP MAESTRO TURINA 12,H82385857,H82385857
1APROVINCIA\TORREJON DE ARDOZ\milan1\FICHA DATOS.docx,CDAD PROP CALLE MILAN 1,H79887956,H79887956
1APROVINCIA\TORREJON DE ARDOZ\milan3\FICHA DATOS.docx,CDAD PROP CALLE MILLAN 3,H79887980,H79887980
1APROVINCIA\TORREJON DE ARDOZ\milan7\FICHA DATOS.docx,CDAD PROP CALLE MILAN 7,H79888087,H79888087
1APROVINCIA\TORREJON DE ARDOZ\milan9\FICHA DATOS.docx,CDAD PROP CALLE MILAN 9,H79888012,H79888012
1APROVINCIA\TORREJON DE ARDOZ\palermo7\FICHA DATOS TECNICOS.docx,CDAD PROP CL PALERMO 7 TORREJON DE ARDOZ,H80688732,H80688732
1APROVINCIA\TORREJON DE ARDOZ\torrejon12\FICHA DATOS TECNICOS.docx,CDAD PROP CL TORREJON 12 TORREJON DE ARDOZ,H79888145,H79888145
1APROVINCIA\TORRELAGUNA\santabarbara20\RAMPA\FICHA DATOS TECNICOS.docx,CDAD PROP RESIDENCIAL TORRELAGUNA,H83060087,H83060087
1APROVINCIA\VALDEMORO\andalucia9-9b-11\FICHA DATOS TECNICOS.docx,"CDAD PROP ANDALUCIA 9, 9B, 11 VALDEMORO (comprobar cuando llegue)",H83186932,H83186932
1APROVINCIA\VALDEMORO\avmarmediterraneo79-109garaje\FICHA DATOS TECNICOS.docx,"CP GARAJES AVDA. MAR MEDITERRANEO, 79 AL 109. VALDEMORO",H83688572,H83688572
1APROVINCIA\VILLAVICIOSA DE ODON\guadarrama22\FICHA DATOS TECNICOS.docx,gsn@gsngestion.es,,
Andarrios5\2.PROYECTO\1.ESCRITOS\FICHA DATOS TECNICOS (1).docx,NICOLÁS MEDIAVILLA FERRUZ,,50262931L
Andarrios5\FICHA DATOS TECNICOS.docx,NICOLÁS MEDIAVILLA FERRUZ,,50262931L
Andarrios9\1 DEMOLICION\FICHA DATOS TECNICOS.docx,OSTALAZAR SL,B28111516,B28111516
Andarrios9\1 DEMOLICION\PROYECTO DE DEMOLICION\FICHA DATOS TECNICOS.docx,NICOLÁS MEDIAVILLA FERRUZ,,50262931L
Andarrios9\2 DAR DE BAJA EN AYTO PASO CARRUAJES Y EDIFICIO\FICHA DATOS TECNICOS.docx,OSTALAZAR SL,B28111516,B28111516
Andarrios9\3 PROYECTO VALLAS PARCELA\2.PROYECTO\1.ESCRITOS\FICHA DATOS TECNICOS (1).docx,OSTALAZAR SL,B28111516,B28111516
Andarrios9\3 PROYECTO VALLAS PARCELA\FICHA DATOS TECNICOS.docx,OSTALAZAR SL,B28111516,B28111516
BlascodeGaray46\FICHA DATOS TECNICOS.docx,CP BLASCO DE GARAY 46,H78895554,H78895554
CASTILLA LA MANCHA\GUADALAJARA\1PROVINCIA\AZUQUECA DE HENARES\calvario1\1 ascensor\FICHA DATOS TECNICOS.docx,"CDAD PROP CALVARIO 1 AZUQUECA DE HENARES (en la tarjeta sale una cosa rara, no hacer caso)",H19111780,H19111780
CASTILLA LA MANCHA\GUADALAJARA\1PROVINCIA\AZUQUECA DE HENARES\calvario1\2 modificacion proyecto\FICHA DATOS.docx,"CDAD PROP CALVARIO 1 AZUQUECA DE HENARES (en la tarjeta sale una cosa rara, no hacer caso)",H19111780,H19111780
CASTILLA LA MANCHA\GUADALAJARA\1PROVINCIA\AZUQUECA DE HENARES\nataliotortuero6\FICHA DATOS TECNICOS.docx,CDAD PROP NATALIO TORTUERO 6 AZUQUECA DE HENARES,H19119361,H19119361
CASTILLA LA MANCHA\GUADALAJARA\sanroque18\ACCESIBILIDAD\FICHA DATOS TECNICOS.docx,CDAD PROP SAN ROQUE 18 GUADALAJARA,H19116383,H19116383
CASTILLA LA MANCHA\GUADALAJARA\sanroque18\SATE\FICHA DATOS TECNICOS.docx,CDAD PROP SAN ROQUE 18 GUADALAJARA,H19116383,H19116383
COMUNIDAD VALENCIANA\VALENCIA\BURJASOT\carreteradelliria10\FICHA DATOS.docx,CDAD PROP CARRETERA DE LLIRIA N 10 DE BURJASOT,H98007297,H98007297
ManuelLaborda15-Carmelitas22\FICHA DATOS TECNICOS.docx,CDAD PROP CL CARMELITAS N 22 MADRID,H79966685,H79966685
abejuela17\FICHA DATOS TECNICOS.docx,CP ABEJUELA 17,H79433082,H79433082
aceuchal18\FICHA DATOS TECNICOS.docx,CDAD PROP ACEUCHAL 18 MADRID,E78569407,E78569407
acuerdo34\aeronave33\FICHA DATOS TECNICOS.docx,CDAD PROP CL AERONAVE 33 MADRID,H78892098,H78892098
alameda4\FICHA DATOS.docx,,E78298577,E78298577
albaida76\FICHA DATOS TECNICOS.docx,MARIANO LARRIBA ROY,,02973388V
albalatedelarzobispo5\FICHA DATOS TECNICOS.docx,CDAD PROP CL ALBALATE DEL ARZOBISPO 5 MADRID,H80814924,H80814924
albertoaguilera68\FICHA DATOS.docx,CDAD PROP CL ALBERTO AGUILERA 68 MADRID,H78165586,H78165586
alcala320\FICHA DATOS.docx,,E78338878,E78338878
alcaladeguadaira38\FICHA DATOS.docx,,H79357729,H79357729
alcaladeguadaira41\FICHA DATOS TECNICOS.docx,CDAD PROP CL ALCALA DE GUADAIRA 41 MADRID,H79919213,H79919213
alcaudon41\FICHA DATOS TECNICOS.docx,CP ALCAUDON 41,H80545338,H80545338
alfredoaleix20\FICHA DATOS.docx,CDAD PROP CL ALFREDO ALEIX N 20 MADRID,H79563490,H79563490
alfredocastrocamba24\FICHA DATOS TECNICOS.docx,CDAD PROP ALFREDO CASTRO CAMBA 24 MADRID,H79646717,H79646717
algaba5\FICHA DATOS TECNICOS.docx,CDAD PROP ALGABA 5 MADRID,H79848230,H79848230
algodre2\FICHA DATOS.docx,CDAD PROP DE LA CL ALGODRE N 2 DE MADRID,H78578218,H78578218
alhambra24 - LOCAL\FICHA DATOS TECNICOS (Copia en conflicto de D SM 2026-03-03).docx,"SOLUCIONES DE ACCESIBILIDAD Y ECOEFICIENCIA ACCESALIA, S.L.",B86374055,B86374055
alhambra24 - LOCAL\FICHA DATOS TECNICOS.docx,"SOLUCIONES DE ACCESIBILIDAD Y ECOEFICIENCIA ACCESALIA, S.L.",B86374055,B86374055
almonacid24\FICHA DATOS TECNICOS.docx,CP ALMONACID 24,H81417545,H81417545
altamirano32\FICHA DATOS.docx,,H80637036,H80637036
altamirano48\FICHA DATOS TECNICOS.docx,CDAD PROP CL ALTAMIRANO 48 MADRID,H83069831,H83069831
altea7\FICHA DATOS TECNICOS.docx,CDAD PROP CL ALTEA 7 MADRID,H79789277,H79789277
alzina3\FICHA DATOS.docx,,H79082723,H79082723
amaniel34\FICHA DATOS.docx,CDAD PROP CL AMANIEL 34 MADRID,H79397212,H79397212
angelripoll52\FICHA DATOS TECNICOS.docx,CP ANGEL RIPOLL 52,H79855920,H79855920
antoniomoreno18\FICHA DATOS.docx,,H81122756,H81122756
antoniopirala9\FICHA DATOS TECNICOS.docx,Herederos de Julia Almorox C.B.,E80180235,E80180235
apostolsantiago49\FICHA DATOS TECNICOS.docx,CP APOSTOL SANTIAGO 49,H79832499,H79832499
arcosdejalon68\FICHA DATOS TECNICOS.docx,"CDAD PROP CL ARCOS DEL JALON 68 MADRIDPEDIDOS DOCS A CEGA 02-12-2024, 16/12, 17/12",H78922572,H78922572
armenteros21\FICHA DATOS TECNICOS.docx,CDAD PROP ARMENTEROS 21 MADRID,H79934337,H79934337
armenteros28\FICHA DATOS TECNICOS.docx,CDAD PROP CL ARMENTEROS 28 MADRID,H79571337,H79571337
arroyodelamedialegua27\FICHA DATOS TECNICOS.docx,CDAD PROP CL ARROYO DE LA MEDIA LEGUA 27 MADRID,H79365011,H79365011
arroyofontarron381\FICHA DATOS.docx,,H79561395,H79561395
avaguilas74\FICHA DATOS TECNICOS.docx,CDAD PROP AV GENERAL FANJUL 74,E78913308,E78913308
avalbufera250\FICHA DATOS TECNICOS.docx,CDAD PROP AVD ALBUFERA 250 MADRID,H78201415,H78201415
avamerica13\FICHA DATOS TECNICOS.docx,CP AV AMERICA 13 MADRID,H80180573,"H80180573 (OJO EN EL PROYECTO, COAM Y AYTO ESTÁ MAL, NOS DIERON OTRO INCORRECTO)Pedido al COAM que nos lo corrijan"
avaviacion71\FICHA DATOS TECNICOS.docx,María Ángeles Fernández Arcones,,02243479-J
avaviacion91a101\FICHA DATOS TECNICOS.docx,CDAD PROP AV DE LA AVIACION N 91 AL 101 MADRID,H79544458,H79544458
avbetanzos60\FICHA DATOS TECNICOS.docx,CDAD PROP AV BETANZOS N 60 MADRID,H79749693,H79749693
avbetanzos74\FICHA DATOS TECNICOS.docx,CDAD PROP AV BETANZOS 74 MADRID,H79864583,H79864583
avburgos16.A\FICHA DATOS TECNICOS.docx,CDAD DE PROP AV BURGOS 16-A,H79207411,H79207411
avcanillejasavicalvaro63\FICHA DATOS TECNICOS.docx,CDAD PROP CR VICALVARO 63 MADRID,H79312757,H79312757
avcarabanchelalto16\FICHA DATOS TECNICOS.docx,CDAD PROP AV CARABANCHEL ALTO 16 MADRID,H79150546,H79150546
avcardenalherreraoria260\2.PROYECTO\4.SUBVENCION\4.IEE\03.Recursos\FICHA DATOS TECNICOS.docx,CP CADALSO DE LOS VIDRIOS 2,H80089824,H80089824
avcardenalherreraoria260\FICHA DATOS TECNICOS.docx,CDAD PROP AV CARDENAL HERRERA ORIA 260 MADRID,H80089824,H80089824
avcardenalherreraoria283\1 conjunto ascensor y sate\FICHA DATOS TECNICOS.docx,CDAD PROP AV CARDENAL HERRERA ORIA 283 MADRID,H78870003,H78870003
avcardenalherreraoria283\1a ascensor\FICHA DATOS TECNICOS ASCENSOR.docx,CDAD PROP AV CARDENAL HERRERA ORIA 283 MADRID,H78870003,H78870003
avcardenalherreraoria283\1b sate\FICHA DATOS TECNICOS.docx,CDAD PROP AV CARDENAL HERRERA ORIA 283 MADRID,H78870003,H78870003
avdoctorgarciatapia133-135-137\FICHA DATOS.docx,CDAD PROP DE DR GARCIA TAPIA 133 135 137 DE MADRID,H78193547,H78193547
avelinofernandezdelapoza11\FICHA DATOS TECNICOS.docx,CDAD PROP CL AVELINO FERNANDEZ DE LA POZA 11 MADRID,H79510012,H79510012
avllanocastellano5\FICHA ASCENSOR LLANO CASTELLANO 5 MADRID.docx,CP LLANO CASTELLANO 5,H78916913,H78916913
avlogroño156-162\FICHA DATOS TECNICOS.docx,CDAD DE PROP RESIDENCIAL JUMBO,H79129425,H79129425
avmarquesdecorbera22C\FICHA DATOS.docx,CDAD PROP AV MARQUES DE CORBERA N 22BLQ C MADRID,H79169694,H79169694
avmarquesdecorbera24B\FICHA DATOS.docx,CDAD PROP AV MARQUES DE CORBERA 24B MADRID,H79235271,H79235271
avmarquesdecorbera28B\FICHA DATOS.docx,CDAD PROP AV MARQUES DE CORBERA N 28 B DE MADRID,H79141404,H79141404
avmarquesdecorbera30B\FICHA DATOS.docx,CDAD PROP AV MARQUES DE CORBERA 30B MADRID,H79437745,H79437745
avmarquesdecorbera32B\FICHA DATOS.docx,CDAD PROP AV MARQUES DE CORBERA 32B MADRID(pedidos docs cp a Javier Velasco 24/06),H80650492,H80650492
avmarquesdecorbera36B\FICHA DATOS TECNICOS.docx,CDAD PROP AVDA MARQUES DE CORBERA 36B MADRID,H79825444,H79825444
avmoratalaz21\FICHA DATOS.docx,CDAD PROP AV MORATALAZ 21. MADRID. 28030,H79098729,H79098729
avnuestraseñoradevalvanera106\FICHA DATOS TECNICOS.docx,CDAD PROP DE LA CALLE NTRA SRA DE VALVANERA 106 DE MADRID,H78571247,H78571247
avpresidentecarmona3\FICHA DATOS TECNICOS.docx,CDAD PROP PRESIDENTE CARMONA 3 Y 5 MADRID,H83654764,H83654764
avpresidentecarmona5D\FICHA DATOS TECNICOS.docx,CDAD PROP PRESIDENTE CARMONA 3 Y 5 MADRID,H83654764,H83654764
avquinta26\FICHA DATOS TECNICOS.docx,CDAD PROP CL QUINTA AVENIDA 26 MADRID,H79873360,H79873360
avrafaelaybarra33\FICHA DATOS TECNICOS.docx,CDAD PROP AV RAFAELA YBARRA 33 MADRID,H79574588,H79574588
ayala61\FICHA DATOS TECNICOS.docx,CP AYALA 61,,
ayamonte2portala-b\FICHA DATOS.docx,CDAD PROP CL AYAMONTE N 2 MADRID,H79421285,H79421285
azcona5eraso6ardemans9\FICHA DATOS TECNICOS.docx,MANCDAD PROP CL AZCONA 5 CL ARDEMANS 9 Y ERASO 6 MADRID,H79341699,H79341699
badalona48\FICHA DATOS TECNICOS.docx,CDAD PROP CL BADALONA 48 MADRID,H79696548,H79696548
balaguer4\FICHA DATOS.docx,,H79164968,H79164968
ballesta12\FICHA DATOS.docx,CDAD PROP CL BALLESTA 12 MADRID,E78232360,E78232360
barbieri9\FICHA DATOS.docx,CDAD PROP CL BARBIERI 9 MADRID,H79263778,H79263778
batalladetorrijos23\FICHA DATOS TECNICOS.docx,CDAD PROP CL BATALLA DE TORRIJOS 23 MADRID,H79567988,H79567988
belvisdelajara7\FICHA DATOS TECNICOS.docx,CDAD PROP CL BELVIS DE LA JARA 7 MADRID,H81145161,H81145161
benimamet59\FICHA DATOS.docx,CDAD. PROP. CL BENIMAMET N 59 MADRID,H79968558,H79968558
berastegui33\FICHA DATOS TECNICOS.docx,CDAD PROP CL BERASTEGUI N 33 MADRID,H81003659,H81003659
biosca16\FICHA DATOS TECNICOS.docx,CP BIOSCA 16,,
biosca18\FICHA DATOS TECNICOS.docx,CDAD PROP CL BIOSCA 18 MADRID,H81135378,H81135378
blascabrera137\FICHA DATOS TECNICOS.docx,CDAD PROP CL BLAS CABRERA 137 MADRID,H79118295,H79118295
blascodegaray46 1-6\FICHA DATOS TECNICOS.docx,CP BLASCO DE GARAY 46,H78895554,H78895554
boldano10\FICHA DATOS TECNICOS.docx,CP BOLDANO 10,H79667622,H79667622
brauliogutierrez7\FICHA DATOS TECNICOS.docx,CDAD PROP BRAULIO GUTIERREZ 7 MADRID,H79729422,H79729422
bravomurillo177\FICHA DATOS.docx,,H78576832,H78576832
bravomurillo41Qesc17\FICHA DATOS.docx,CDAD PROP BRAVO MURILLO 41-Q ESC 17,H79562344,H79562344
brunoayllon3\FICHA DATOS.docx,CDAD PROP BRUNO AYLLON 3 MADRID,H79757191,H79757191
camarena157-159\FICHA DATOS TECNICOS.docx,CDAD PROP CL CAMARENA 157 Y 159 MADRID,H78185220,H78185220
camarena200\FICHA DATOS TECNICOS.docx,CDAD PROP CL CAMARENA 200 MADRID,H79910444,H79910444
camarena304\FICHA DATOS.docx,CDAD PROP CL CAMARENA 304 MADRID,H78657012,H78657012
camarena75\FICHA DATOS.docx,CDAD PROP CL CAMARENA 75 MADRID,H79185518,H79185518
caminodeganapanes31-33-35\FICHA DATOS.docx,CDAD PROP CM VEREDA DE GANAPANES 31-33-35 MADRID,H79024014,H79024014
caminodelascruces28\FICHA DATOS TECNICOS.docx,CDAD PROP CAMINO DE LAS CRUCES 28 MADRID,H79611729,H79611729
caminodelosvinateros138\FICHA DATOS.docx,CDAD PROP CAMINO DE LOS VINATEROS 138 MADRID,H79573473,H79573473
caminodevalderribas96\FICHA DATOS.docx,CDAD PROP DE CAMINO DE VALDERRIBAS N 96,H78253515,H78253515
canciondelolvido33\FICHA DATOS.docx,CDAD PROP CL CANCION DEL OLVIDO N 33 MADRID,H79727038,H79727038
carabelos41\FICHA DATOS TECNICOS.docx,CDAD PROP CARABELOS 41 MADRID,H79789368,H79789368
cardeñosa34\FICHA DATOS.docx,CDAD PROP CL CARDEÑOSA N 34 MADRID,H79711842,H79711842
carlina4\FICHA DATOS TECNICOS.docx,CP CARLIAN 4. MADRID,,
carlosarniches25\FICHA DATOS TECNICOS.docx,CDAD PROP CARLOS ARNICHES 25 MADRID,H79019600,H79019600
carlosmartinalvarez104\FICHA DATOS.docx,CDAD PROP CL CARLOS MARTIN ALVAREZ 104 MADRID,H79677118,H79677118
carlossole44-52garaje\FICHA DATOS.docx,CDAD PROP GARAJE CL CARLOS SOLE N 44 46 48 50 Y 52. MADRID,H79194197,H79194197
carolinacoronado37\FICHA DATOS TECNICOS.docx,CP CAROLINA CORONADO 37,H80261340,H80261340
carretas15\FICHA DATOS TECNICOS.docx,CDAD PROP CARRETAS 15 MADRID,H78632759,H78632759
carreteradeboadilladelmonte55\FICHA DATOS TECNICOS.docx,CP CARRETERA DE BOADILLA DEL MONTE 55,E78411956,E78411956
casabermeja2\FICHA DATOS.docx,CDAD PROP CL CASABERMEJA 2 MADRID,H79657011,H79657011
casabermeja4\FICHA DATOS.docx,,H79713624,H79713624
casimiroescudero11\FICHA DATOS.docx,CDAD PROP CL CASIMIRO ESCUDERO 11. MADRID,E78950961,E78950961
castilla7\FICHA DATOS TECNICOS.docx,CDAD PROP CL CASTILLA 7 MADRID,H79811899,H79811899
castillodesimancas7\FICHA DATOS.docx,CDAD PROP CL CASTILLO DE SIMANCAS N 7 MADRID,H79854519,H79854519
castillodeucles53\accesibilidad\FICHA DATOS TECNICOS.docx,CDAD PROP CASTILLO DE UCLES 53 MADRID,H80010341,H80010341
castillodeucles53\sate\FICHA DATOS TECNICOS.docx,CDAD PROP CASTILLO DE UCLES 53 MADRID,H80010341,H80010341
cañada46\FICHA DATOS TECNICOS.docx,CDAD PROP CL LA CAÑADA 46 MADRID,E78227840,E78227840
cañada6\FICHA DATOS.docx,CDAD PROP CL CAÑADA 6 MADRID,,
cañada8\FICHA DATOS.docx,CDAD PROP LA CAÑADA 8 MADRID,H78541893,H78541893
cebreros1\2.PROYECTO\4.SUBVENCION\IEE\trabajo\FICHA DATOS TECNICOS.docx,CDAD PROP CL CEBREROS 1 MADRID,H79552097,H79552097
cebreros1\FICHA DATOS TECNICOS.docx,CDAD PROP CL CEBREROS 1 MADRID,H79552097,H79552097
ceferinorodriguez17\INFORME CARGA PATIO\FICHA DATOS TECNICOS informe.docx,CP CEFERINO RODRIGUEZ 17,H80439763,H80439763
ceferinorodriguez17\SATE\FICHA DATOS TECNICOS.docx,CP CEFERINO RODRIGUEZ 17,H80439763,H80439763
centeno27\FICHA DATOS TECNICOS.docx,CDAD PROP CL CENTENO 27 MADRID,H79697124,H79697124
cerrodelaalcazaba19\FICHA DATOS TECNICOS.docx,CP CERRO DE LA ALCAZABA 19,E78679057,E78679057
chucuri10\FICHA DATOS TECNICOS.docx,CDAD DE PROP CL CHUCURI 10-MADRID,H80590615,H80590615
claudiocoello14\FICHA DATOS TECNICOS.docx,"SUMA ASTRAL INMUEBLES, S. L",B86496031,B86496031
clavijo3\FICHA DATOS TECNICOS.docx,CDAD PROP CLAVIJO 3 MADRID,H79020582,H79020582
conchaespina19\FICHA DATOS TECNICOS.docx,C.P. CONCHA ESPINA 19,,
condesadeteba21\FICHA DATOS.docx,,H79570404,H79570404
condesdebarcelona6\FICHA DATOS TECNICOS.docx,CDAD PROP CL CONDES DE BARCELONA 6 MADRID,H28973063,H28973063
cordilleradecuera3\FICHA DATOS TECNICOS.docx,COMUNIDAD DE PROPIETARIOS,,
corraldecantos19\ASCENSOR\20211020 CORRALDECANTOS19 FICHA DATOS TECNICOS.docx,CDAD PROP CORRAL DE CANTOS 19 MADRID,H80166309,H80166309
corraldecantos19\ASCENSOR\FICHA DATOS TECNICOS.docx,CDAD PROP CORRAL DE CANTOS 19 MADRID,H80166309,H80166309
corraldecantos19\SATE+FV\CORRALDECANTOS19 FICHA SATE.docx,CDAD PROP CORRAL DE CANTOS 19 MADRID,H80166309,H80166309
corregidordiegocabezadevaca18\FICHA DATOS TECNICOS.docx,CDAD PROP CORREGIDOR DIEGO CABEZA DE VACA 18 MADRID,H79883492,H79883492
datil7\FICHA DATOS.docx,CDAD PROP CL DATIL 7 MADRID,H83186197,H83186197
diariolanacion18\FICHA DATOS TECNICOS (2).docx,CDAD PROP CL DIARIO DE LA NACION 18 MADRID,H79423885,H79423885
diariolanacion20\FICHA DATOS TECNICOS.docx,CDAD PROP CL DEL DIARIO DE LA NACION 20 MADRID,H79421277,H79421277
doctoresquerdo55 local FAIN\FICHA DATOS TECNICOS.docx,"OSTALAZAR, S.L.",B28111516,B28111516
doctoresquerdo59\FICHA DATOS TECNICOS.docx,CP DOCTOR ESQUERDO 59 MADRID,H81900466,H81900466
doctorvallejo39\FICHA DATOS.docx,,H79444115,H79444115
domingoparraga62\FICHA DATOS TECNICOS.docx,CDAD PROP CL DOMINGO PARRAGA N 62 MADRID,H79637146,H79637146
duquedesesto22\FICHA DATOS TECNICOS.docx,CDAD PROP CL DUQUE DE SESTO 22 MADRID,H88436324,H88436324
eduardourosa7\FICHA DATOS TECNICOS.docx,"C.P. Eduardo Urosa, 7",,
elfo76\FICHA DATOS.docx,CDAD PROP CL ELFO 76 MADRID,H79110672,H79110672
elprovencio31\FICHA DATOS TECNICOS.docx,EL PROVENCIO 31 MADRID,H79986972,H79986972
eltoboso134-140\FICHA DATOS TECNICOS.docx,CP 134-140,H78594116,H78594116
emilioferrari101\FICHA DATOS TECNICOS.docx,CDAD PROP EMILIO FERRARI 101,H79979191,H79979191
encarnaciondelpino2\FICHA DATOS TECNICOS.docx,CDAD PROP CL ENCARNACION DEL PINO 2 MADRID,H79712436,H79712436
encarnacionoviol50\FICHA DATOS TECNICOS.docx,C P ENCARNACION OVIOL 50,H79653788,H79653788
enciso1\FICHA DATOS TECNICOS.docx,CDAD PROP ENCISO 1 MADRID,H79033148,H79033148
encomiendadepalacios318\FICHA DATOS TECNICOS.docx,CDAD PROP CL ENCOMIENDA DE PALACIOS 318 MADRID,H81170581,H81170581
encomiendadepalacios320\FICHA DATOS.docx,CDAD PROP CL ENCOMIENDA DE PALACIOS 320 MADRID,H79471074,H79471074
encomiendadepalacios49\FICHA DATOS TECNICOS.docx,CDAD PROP CL ENCOMIENDA DE PALACIOS 49 MADRID,H79161626,H79161626
entrearroyos56\FICHA DATOS TECNICOS.docx,CDAD PROP CL ENTRE ARROYOS N 56 MADRID,H79627733,H79627733
entrearroyos98\FICHA DATOS TECNICOS.docx,CDAD PROP CL ENTREARROYOS 98,E78204864,E78204864
escribanos5\FICHA DATOS TECNICOS.docx,CDAD PROP ESCRIBANOS 5 MADRID,H79756235,H79756235
estanislaofigueras8\FICHA DATOS.docx,CP ESTANISLAO FIGUERAS 8,H80950918,H80950918
estebancollantes26\FICHA DATOS TECNICOS.docx,CDAD PROP ESTEBAN COLLANTES 26 MADRID,H79725925,H79725925
estebancollantes31\FICHA DATOS TECNICOS.docx,CP ESTEBAN COLLANTES 31,H79534483,H79534483
etna14\FICHA DATOS TECNICOS.docx,CDAD PROP CL ETNA 14 MADRID,H79617759,H79617759
etruria26-28lucano65\ASCENSOR\FICHA DATOS TECNICOS.docx,CDAD PROP CL ETRURIA 26_28 Y LUCANO 65 MADRID,H78325750,H78325750
etruria26-28lucano65\SATE_no lo van a hacer\FICHA DATOS TECNICOS.docx,CDAD PROP CL ETRURIA 26_28 Y LUCANO 65 MADRID,H78325750,H78325750
etruria43\FICHA DATOS TECNICOS.docx,,H79656799,H79656799
ezequielsolana105\FICHA DATOS.docx,CDAD PROP CL EZEQUIEL SOLANA N 105 MADRID,H79726667,H79726667
ezequielsolana97\FICHA DATOS TECNICOS.docx,CDAD PROP CL EZEQUIEL SOLANA 97 MADRID,H79689105,H79689105
faro4-6\FICHA DATOS.docx,CDAD PROP CL FARO 4-6 MADRID,H79261970,H79261970
felipealvarez28\FICHA DATOS TECNICOS.docx,,H78366291,H78366291
felipecastro5\FICHA DATOS TECNICOS.docx,CDAD PROP FELIPE CASTRO 5 MADRID,H79743795,H79743795
felipecastro6\FICHA DATOS TECNICOS.docx,CDAD PROP CL FELIPE CASTRO 6 MADRID,H79988531,H79988531
feria8\FICHA DATOS TECNICOS.docx,CDAD PROP CL FERIA 8 MADRID,H79720959,H79720959
fermincaballero75\FICHA DATOS TECNICOS.docx,CDAD PROP CONJUNTO RESIDENCIAL FROILAN PONCE DE LEON MADRID,H79593661,H79593661
fernandoelcatolico73\FICHA DATOS TECNICOS.docx,C.P. FERNANDO EL CATOLICO 73,,
florenciogarcia11\FICHA DATOS TECNICOS.docx,CP FLORENCIO GARCIA 11,H79673489,H79673489
franciscofatou24\FICHA DATOS TECNICOS.docx,,H78366291,H78366291
franciscofatou26\FICHA DATOS TECNICOS.docx,,H78366291,H78366291
franciscoiglesias15\FICHA DATOS TECNICOS.docx,CP FRANCISCO IGLESIAS 15 MADRID,H79259628,H79259628
frayjosecerdeiriña66\FICHA DATOS.docx,CDAD PROP CL FRAY JOSE DE CERDEIRIÑA 66 MADRID,H79672424,H79672424
galiana28\FICHA DATOS TECNICOS.docx,CP GALIANA 28,E78778743,E78778743
gandhi21\FICHA DATOS TECNICOS.docx,CDAD DE PROP CL GANDHI 21 MADRID,H79689030,H79689030
garciadeparedes44\FICHA DATOS TECNICOS.docx,CDAD PROP CL GARCIA PAREDES 44 MADRID,H78325933,H78325933
garciallamas43\FICHA DATOS TECNICOS.docx,CDAD PROP CL GARCIA LLAMAS 43 MADRID,H85283984,H85283984
generalramirez22\FICHA DATOS TECNICOS.docx,CDAD DE PROP GENERAL RAMIREZ 22 MADRID,E78221041,E78221041
generalricardos232\FICHA DATOS TECNICOS.docx,CP GENERAL RICARDOS 232,H78171220,H78171220
generalricardos238\FICHA DATOS.docx,CMDAD PROPIETARIOS GENERAL RICARDOS N 238 MADRID,H78508710,H78508710
generalricardos92\FICHA ASCENSOR GENERAL RICARDOS 92 MADRID.docx,CDAD PROP GENERAL RICARDOS 92 MADRID,H79986568,H79986568
genserico7\FICHA DATOS TECNICOS.docx,CP GENSERICO 7,H79671137,H79671137
gerardocordon49\FICHA DATOS TECNICOS.docx,CDAD PROP GERARDO CORDON 49 MADRID,H78361912,H78361912
germanperezcarrasco54\FICHA DATOS TECNICOS.docx,CDAD PROP CL GERMAN PEREZ CARRASCO N 54 MADRID,H80556632,H80556632
girasol21\GIRASOL21 - INFORME PERICIAL\FICHA DATOS.docx,,H80556558,H80556558
girasol21\GIRASOL21 - SATE\FICHA DATOS.docx,CDAD DE VECINOS C GIRASOL 21,H80556558,H80556558
godella237\FICHA DATOS TECNICOS.docx,CDAD PROP CL GODELLA 237 MADRID,H79866729,H79866729
gomezdearteche10\FICHA DATOS.docx,ADM CIUDADELA PAZ,,
gomeznarro233\FICHA DATOS TECNICOS.docx,CDAD PROP GOMEZNARRO 233 MADRID,H79608022,H79608022
gomeznarro249\FICHA DATOS.docx,CDAD PROP CL GOMEZNARRO 249 MADRID,H79368759,H79368759
gonzalodecespedes21\FICHA DATOS.docx,CDAD PROP CL GONZALO DE CESPEDES 21 MADRID,H79622395,H79622395
goya55\FICHA DATOS TECNICOS.docx,CDAD PROP GOYA 55,H79993390,H79993390
gregoriodonas8\FICHA DATOS TECNICOS.docx,CDAD PROP CL GREGORIO DONAS 8 MADRID,H79544581,H79544581
guadalete6\ascensor externo\FICHA DATOS ASCENSOR EXTERNO.docx,CDAD PROP CL GUADALETE 6 MADRID,H79882031,H79882031
guadalete6\sate externo\FICHA DATOS.docx,CDAD PROP CL GUADALETE 6 MADRID,H79882031,H79882031
guadarrama26\FICHA DATOS TECNICOS.docx,CDAD PROP CL GUADARRAMA 26 MADRID,H79893616,H79893616
guancha1\FICHA DATOS.docx,CDAD PROP CL DE LA GUANCHA 1 MADRID,H80482797,H80482797
guillendecastro13\FICHA DATOS TECNICOS.docx,CDAD PROP CL GUILLEN DE CASTRO 13 MADRID,H79660643,H79660643
haciendadepavones117\FICHA DATOS TECNICOS.docx,CDAD PROP CL HACIENDA PAVONES 117 MADRID,H78193786,H78193786
haciendadepavones151\FICHA DATOS.docx,CDAD PROP CL HACIENDA DE PAVONES 151 MADRID,H79817128,H79817128
haciendadepavones222\FICHA DATOS.docx,CDAD PROP CL HACIENDA DE PAVONES 222 MADRID,E78973104,E78973104
hermanosmachado41\FICHA DATOS.docx,CDAD PROP CL HERMANOS MACHADO 41 MADRID,H80172406,H80172406
hermanosmachado5\FICHA DATOS TECNICOS.docx,CDAD PROP HERMANOS MACHADO 5 MADRID,H79932794,H79932794
hermenegildobielsa27\FICHA DATOS.docx,CDAD PROP HERMENEGILDO BIELSA 27 MADRID,H85326742,H85326742
hornachos3\FICHA DATOS.docx,,H79233094,H79233094
huertadecastañeda13\FICHA DATOS TECNICOS.docx,CDAD PROP CL HUERTA DE CASTAÑEDA 13 MADRID,H79607305,H79607305
huertadecastañeda26\FICHA DATOS TECNICOS.docx,CDAD PROP CL HUERTA CASTAÑEDA 26 MADRID,E78751609,E78751609
huertadelbayo13\FICHA DATOS TECNICOS.docx,CDAD PROP CL HUERTA DEL BAYO 13 MADRID,H79038683,H79038683
huertavillaverde9\FICHA DATOS TECNICOS.docx,CDAD PROP HUERTA DE VILLAVERDE 9,H79605549,H79605549
ibiza3\FICHA DATOS.docx,CDAD PROP CL IBIZA 3 MADRID,H79728911,H79728911
iliada19\FICHA DATOS TECNICOS.docx,CDAD PROP CL ILIADA 19 MADRID,H79621983,H79621983
iliada39\FICHA DATOS TECNICOS.docx,CDAD PROP CL ILIADA 39 MADRID,H79585154,H79585154
imagen32\FICHA DATOS.docx,CDAD PROP CL IMAGEN 32 MADRID,H79770392,H79770392
islamalaita5\FICHA DATOS TECNICOS.docx,CP ISLA MALAITA 5 MADRID,H79223921,H79223921
isturiz11\accesibilidad\FICHA DATOS TECNICOS.docx,CDAD PROP DE LA CL ISTURIZ 11 MADRID,H28984292,H28984292
isturiz11\sate\FICHA DATOS.docx,CDAD PROP DE LA CL ISTURIZ 11 MADRID,H28984292,H28984292
isturiz9\FICHA DATOS.docx,CDAD PROP ISTURIZ 9 MADRID,E78090404,E78090404
joaquinibarra37\ASCENSOR\FICHA DATOS TECNICOS.docx,CDAD PROP CL JOAQUIN IBARRA 37 MADRID,H82827130,H82827130
josemariapereda43\FICHA ASCENSOR JOSE MARIA PEREDA 43 MAYO 2021.docx,"CDAD.PROP CL JOSE Mª PEREDA, 43",H79692968,H79692968
josuelillo5\FICHA DATOS TECNICOS.docx,CDAD PROP CL JOSUE LILLO 5 MADRID,H79441416,H79441416
juanantoniomaroto1\FICHA DATOS TECNICOS.docx,CDAD PROP CL JUAN ANTONIO MAROTO 1 MADRID,H79988663,H79988663
juanramonjimenez2\FICHA DATOS TECNICOS.docx,CDAD PROP JUAN RAMON JIMENEZ 2 MADRID,H79544698,H79544698
juantornero62\FICHA DATOS.docx,CDAD PROP CL JUAN TORNERO 62 MADRID,H80532898,H80532898
juliopalacios2-4-6\FICHA DATOS TECNICOS.docx,,H78236502,H78236502
lagoconstanza34\FICHA DATOS TECNICOS.docx,CDAD PROP CL LAGO CONSTANZA 34 MADRID,H79251179,H79251179
lasalle12\FICHA DATOS TECNICOS.docx,VITHAS,,"C/ La Salle 1228023, MadridTfno. +34 629744002"
licenciadovidriera5\FICHA DATOS.docx,CDAD PROP CL LICENCIADO VIDRIERA 5 MADRID,H79587796,H79587796
llanosdeescudero6\ASCENSOR\FICHA DATOS.docx,,H79592747,H79592747
llanosdeescudero8\FICHA DATOS.docx,CDAD PROP CL LLANOS DE ESCUDERO 8 MADRID,H80018344,H80018344
longares8B-garaje\FICHA DATOS TECNICOS.docx,CDAD PROP APARCAMIENTO SANTA FLORENTINA CL LONGARES N 8 MADRID,H81464109,H81464109
lopezgrass42\FICHA DATOS.docx,CDAD PROP CL LOPEZ GRASS 42 MADRIDPedidos docs cp 16/07/25,H79743597,H79743597
lospeñascales17\FICHA DATOS.docx,CDAD PROP CL PEÑASCALES N 17 MADRID,H79586020,H79586020
losurquiza10\FICHA DATOS TECNICOS.docx,CDAD PROP CL LOS URQUIZA 10 MADRID,H79193520,H79193520
luisruiz88\FICHA DATOS TECNICOS.docx,CDAD PROP LUIS RUIZ 88 MADRID,H79118238,H79118238
maldonado33\FICHA DATOS TECNICOS.docx,CDAD PROP MALDONADO 33 MADRID,H79121471,H79121471
manresa17-19\FICHA DATOS TECNICOS.docx,CP MANRESA 17-19. MADRID,H79612396,H79612396
manresa25-27\SATE\FICHA DATOS TECNICOS.docx,CDAD PROP CL MANRESA 25B Y 27 MADRID,H79655569,H79655569
manresa56\FICHA DATOS TECNICOS.docx,CDAD PROP MANRESA 56 MADRID,H79675328,H79675328
marcelinoroavazquez45\FICHA DATOS.docx,CDAD PROP CL MARCELINO ROA VAZQUEZ 45 MADRID,H78999174,H78999174
mariapedraza25\FICHA DATOS.docx,CDAD PROP CL MARIA PEDRAZA N 25 MADRID,H78699360,H78699360
marmenor24\FICHA DATOS TECNICOS.docx,CDAD PROP MAR MENOR 24 MADRID,H80609498,H80609498
marquesadesilvela11\FICHA DATOS TECNICOS.docx,CDAD PROP CL MARQUESA DE SILVELA 11 MADRID,H80081367,H80081367
martell27\FICHA DATOS.docx,CDAD PROP CL MARTELL 27 MADRID,H79745253,H79745253
martell28\FICHA DATOS TECNICOS.docx,CDAD PROP CL MARTELL 28 MADRID,H79547691,H79547691
martin de los heros 38\FICHA DATOS TECNICOS.docx,CP MARTIN DE LOS HEROS 38 MADRID,E78274834,E78274834
martindelosheros59b\FICHA DATOS TECNICOS.docx,CDAD PROP MARTIN DE LOS HEROS 59 BIS MADRID,E78200193,E78200193
mercedesarteaga45-47\FICHA DATOS TECNICOS.docx,CDAD PROP MERCEDES ARTEAGA 45-47 MADRID,H81427312,H81427312
modestoalonso8\FICHA DATOS TECNICOS.docx,CDAD PROP CL MODESTO ALONSO 8 MADRID,H79559191,H79559191
monseñoroscarromero6\FICHA DATOS TECNICOS.docx,CDAD PROP CL MONSEÑOR OSCAR ROMERO 6 MADRID,H79647251,H79647251
montejurra25\FICHA DATOS TECNICOS (1).docx,CDAD PROP MONTEJURRA 25 MADRID,H79124012,H79124012
montejurra31\FICHA DATOS TECNICOS.docx,CDAD PROP CL MONTEJURRA 31 MADRID,H79720488,H79720488
montejurra33\FICHA DATOS.docx,CDAD PROP CL MONTEJURRA 33 MADRID,H79808614,H79808614
narvaez33\FICHA DATOS TECNICOS.docx,CDAD PROP CALLE NARVAEZ 33 MADRID,H87048336,H87048336
navasdelrey51\FICHA DATOS TECNICOS.docx,CDAD PROP NAVAS DEL REY 51 MADRID,H79677449,H79677449
normas3-5-7\FICHA DATOS TECNICOS.docx,,H79334116,H79334116
nuestraseñoradegracia13\FICHA DATOS.docx,CDAD/PROP CL NUESTRA SE/ORA DE GRACIA N 13 MADRID,H79231601,H79231601
nuestraseñoradelasoledad16\FICHA DATOS.docx,CDAD PROP CL NUESTRA SEÑORA SOLEDAD N 16 MADRID,H80132939,H80132939
nuestraseñoradelasoledad20\FICHA DATOS.docx,CDAD PROP CL NTRA SRA DE LA SOLEDAD N 20 MADRID,H79168530,H79168530
nuestraseñoradelvillar7\FICHA DATOS TECNICOS.docx,CDAD PROP NTRA SRA DEL VILLAR 7 MADRID,H78682200,H78682200
nuria28-32\FICHA DATOS.docx,,H79540969,H79540969
nuñogomez16\FICHA DATOS.docx,CDAD PROP CL NUÑO GOMEZ 16 MADRID,H80941651,H80941651
odonnell35\FICHA DATOS.docx,CP O’DONNELL 35 MADRID,H86478666,H86478666
odonnell47\FICHA DATOS TECNICOS.docx,CDAD PROP CL ODONNELL 47 MADRID,H78207081,H78207081
olesademonserrat34\FICHA DATOS.docx,,H80232267,H80232267
pablolafargue38\FICHA DATOS.docx,,H79917811,H79917811
pabloserrano9\accesibilidad\FICHA DATOS TECNICOS.docx,CDAD PROP PABLO SERRANO 9 MADRID,E78156957,E78156957
pabloserrano9\sate\FICHA DATOS TECNICOS.docx,CDAD PROP PABLO SERRANO 9 MADRID,E78156957,E78156957
paloma9\FICHA DATOS TECNICOS.docx,COMUNIDAD DE PROPIETARIOS DE LA PALOMA 9 MADRID,H78824877,H78824877
palomares75-77-79\FICHA DATOS TECNICOS.docx,CDAD PROP PALOMARES 75 GARAJE,H88443007,H88443007
parvillasaltas27\2.PROYECTO\1.ESCRITOS\FICHA DATOS TECNICOS.docx,CDAD PROP CL PARVILLAS ALTAS 27 MADRID,H79629127,H79629127
parvillasaltas27\FICHA DATOS TECNICOS.docx,CDAD PROP CL PARVILLAS ALTAS 27 MADRID,H79629127,H79629127
paseodelospontones29\FICHA DATOS.docx,CDAD PROP PS DOCTOR VALLEJO NAGERA 56 MADRID (no es un error!!),H79188850,H79188850
paseodesanillan5\FICHA DATOS TECNICOS.docx,CDAD PROP PS SAN ILLAN 5 MADRID,H84098375,H84098375
paseoperales15portal1\FICHA DATOS.docx,,H81677635,H81677635
paseosantamariadelacabeza27\FICHA DATOS.docx,CDAD PROP PASEO SANTA MARIA DE LA CABEZA 27 MADRID,H79739041,H79739041
pedrofernandezlabrada3esc2\FICHA DATOS TECNICOS.docx,CDAD PROP CL PEDRO FERNANDEZ LABRADA 3 MADRID,H79096962,H79096962
pedrolaborde58\FICHA DATOS.docx,CDAD PROP CL PEDRO LABORDE 58 MADRID,H79549234,H79549234
pedrounanue22\FICHA DATOS.docx,CDAD PROP CL PEDRO UNANUE 22 DE MADRID,E78890019,E78890019
peironcely40\FICHA DATOS TECNICOS.docx,CDAD PROP CL PEIRONCELY 40 MADRID,H79863601,H79863601
pez11\FICHA DATOS TECNICOS.docx,CDAD PROP CL PEZ 11 MADRID,H79484630,H79484630
picodeartilleros39\poceria\FICHA DATOS TECNICOS.docx,CDAD PROP PICO DE ARTILLEROS 39 MADRID,H79971206,H79971206
picodeartilleros39\sate\FICHA DATOS.docx,CDAD PROP CL PICO DE LOS ARTILLEROS 39 MADRID,H79971206,H79971206
piedrahita2\FICHA DATOS.docx,CP PIEDRAHITA 2 MADRID,H80740715,H80740715
pingüino9\FICHA DATOS.docx,CDAD PROP CL PARQUE EUGENIA DE MONTIJO N 41 MADRIDEl CIF es correcto!!,H79684635,H79684635
platino36\FICHA DATOS TECNICOS.docx,CDAD PROP CL PLATINO 36 MADRID,H79846804,H79846804
plazacastañares2\FICHA DATOS TECNICOS.docx,MARCOS RAMOS LAMA(pedidos docs cp 23/07/2025),,51086553B
plazadelpaular1\FICHA DATOS TECNICOS.docx,CDAD PROP PZ PAULAR 1 Y 2 MADRID,H79884581,H79884581
plazadelpaular2\FICHA DATOS TECNICOS.docx,CDAD PROP PZ PAULAR 1 Y 2 MADRID,H79884581,H79884581
plazalucadetena11\FICHA DATOS.docx,CDAD. PROP. PLAZA LUCA DE TENA N 11,H28548014,H28548014
plazaparvillas1\FICHA DATOS TECNICOS.docx,CDAD PROP PZ PARVILLAS 1 MADRID,H80364763,H80364763
portugalete27\FICHA DATOS TECNICOS.docx,CP CL PORTUGALETE 27,H79714382,H79714382
pradolonguillo6\FICHA DATOS TECNICOS.docx,CDAD PROP CL PRADOLONGUILLO 6 MADRID,,28041
principedevergara25\FICHA DATOS TECNICOS.docx,COMUNIDAD DE PROPIETARIOS PRINCIPE DE VERGARA 25,H79286761,H-79286761
puertodealazores11\FICHA DATOS TECNICOS.docx,CDAD PROP CL PUERTO DE ALAZORES 11,H79283933,H79283933
puertodecotos11\FICHA DATOS.docx,,E78590643,E78590643
puertodelabonaigua46\FICHA DATOS TECNICOS.docx,CDAD PROP CL PUERTO DE LA BONAIGUA 46 MADRID,H80605090,H80605090
puertodelamorcuera11\FICHA DATOS TECNICOS.docx,CDAD PROP CL PUERTO DE LA MORCUERA 11 MADRID,H78026994,H78026994
puertodelmonasterio20\FICHA DATOS TECNICOS.docx,CDAD PROP PUERTO DEL MONASTERIO 20 MADRID,H79582961,H79582961
quintana9\ascensor\FICHA DATOS TECNICOS.docx,CDAD PROP CL QUINTANA 9 MADRID,E78142668,E78142668
rabat10\FICHA DATOS TECNICOS.docx,CDAD PROP CL PAVONES ESTE PARC 9 MADRID,H82317280,H82317280
rafaelcalvo5\FICHA DATOS TECNICOS.docx,C.P. RAFAEL CALVO 5,H78229077,H78229077
rafaelcalvo9\FICHA DATOS TECNICOS.docx,CDAD PROP CL RAFAEL CALVO 9 MADRID,H78295615,H78295615
rafaelfinat38\FICHA DATOS TECNICOS.docx,CDAD PROP CL RAFAEL FINAT 38 MADRID,,E28956415 H28956415
ramongomezdelaserna103\FICHA DATOS TECNICOS.docx,COLEGIO PUBLICO ALHAMBRA,Q2868318C,Q2868318C
ramongomezdelaserna45\FICHA DATOS.docx,CDAD PROP RAMÓN GOMEZ DE LA SERNA 45 MADRID,H78281417,H78281417
reina5\FICHA DATOS TECNICOS.docx,CDAD PROP REINA 5 MADRID,H82602251,H82602251
repullesyvargas7\FICHA DATOS.docx,CDAD PROP REPULLES Y VARGAS 7 MADRID,H88424502,H88424502
ribadumia4\FICHA DATOS TECNICOS.docx,CDAD PROP RIBADUMIA 4 MADRID,H79565826,H79565826
ribota11\FICHA DATOS TECNICOS.docx,CDAD PROP CL RIBOTA 11 MADRID,H79690079,H79690079
ricardoortiz96\FICHA DATOS TECNICOS.docx,CDAD PROP CL RICARDO ORTIZ 96 MADRID,H78975190,H78975190
riojanos4\FICHA DATOS TECNICOS.docx,CDAD PROP CL RIOJANOS 4 MADRID,H79613402,H79613402
riosalado6\FICHA DATOS TECNICOS.docx,CDAD PROP RIO SALADO N 6 MADRID,H82787359,H82787359
rondadesegovia29\FICHA DATOS.docx,CDAD PROP CL RONDA SEGOVIA 29 MADRID,H79107694,H79107694
rufinoblanco20\FICHA DATOS TECNICOS.docx,CDAD PROP CL RUFINO BLANCO N 20 DE MADRID,H80553563,H80553563
sahara83\FICHA DATOS TECNICOS.docx,CDAD PROP CL SAHARA 83 MADRID,H79596169,H79596169
sanbasilio9\FICHA DATOS TECNICOS.docx,CDAD PROP CL SAN BASILIO 9 MADRID,,H79549408Cuidado nos mandaron mal el dato del CIF al principio del proyecto
sanchezpreciado38\FICHA DATOS.docx,CDAD PROP CL SANCHEZ PRECIADO 38 MADRID,H81559973,H81559973
sanchezpreciado40\FICHA DATOS.docx,CDAD PROP CL SANCHEZ PRECIADO 40 DE MADRID,H82570219,H82570219
sanclaudio117\FICHA DATOS.docx,CDAD PROP CL SAN CLAUDIO N 117 MADRID,H79583050,H79583050
sanclaudio99\FICHA TÉCNICA.docx,CDAD PROP CL SAN CLAUDIO N 99,H79962890,H79962890
sandacio36\2.PROYECTO\1.ESCRITOS\FICHA DATOS TECNICOS.docx,CDAD PROP CL SAN DACIO 36 MADRID,H79542312,H79542312
sandacio36\FICHA DATOS TECNICOS.docx,CDAD PROP CL SAN DACIO 36 MADRID,H79542312,H79542312
sandaliolopez19\FICHA DATOS TECNICOS.docx,CDAD PROP CL SANDALIO LOPEZ 19 MADRID,H80337090,H80337090
sandamaso4\FICHA DATOS.docx,CDAD PROP CL SAN DAMASO 4 MADRID,E78572146,E78572146
sanherculano2\FICHA DATOS.docx,,H79710141,H79710141
sanluciano7\FICHA DATOS.docx,CDAD PROP CL SAN LUCIANO 7 MADRID,H79947719,H79947719
sanmaximiliano23\FICHA DATOS TECNICOS.docx,"CDAD. PROP. C SAN MAXIMILIANO 23, 28017, MADRID",H79597597,H79597597
sanroque14\FICHA DATOS.docx,CDAD PROP CALLE SAN ROQUE 14,H82014838,H82014838
santacruzdemarcenado1escC\FICHA DATOS.docx,CDAD PROP EDIFICIO PRINCESA,H79191615,H79191615
santacruzdemarcenado1escD\FICHA DATOS.docx,CDAD PROP EDIFICIO PRINCESA CL SANTA CRUZ MARCENADO N 1 2 Y 4 CL ACUERDO N 34 MADRID,H79191615,H79191615
santacruzdemarcenado1escE\FICHA DATOS.docx,CDAD PROP EDIFICIO PRINCESA,H79191615,H79191615
santaeduvigis5\FICHA DATOS TECNICOS.docx,CDAD PROP CL SANTA EDUVIGIS 5 MADRID,H70721980,H70721980
santaeduvigis7\FICHA DATOS TECNICOS.docx,CDAD PROP CL SANTA EDUVIGIS 7 MADRID,H70721956,H70721956
santaeduvigis9\FICHA DATOS (Copia en conflicto de Tecnicos Accesalia 2025-12-16).docx,CDAD PROP SANTA EDUVIGIS 9 MADRID,H28601979,H28601979
santaeduvigis9\FICHA DATOS.docx,CDAD PROP SANTA EDUVIGIS 9 MADRID,H28601979,H28601979
santatecla44 - 48\FICHA DATOS TECNICOS.docx,ADMINISTRACION servicios jurídicos prevenido,,
santatecla46\1.DATOS\FICHA DATOS TECNICOS.docx,C. P. SANTA TECLA 46 ASCENSOR (EN CONTIRUCION),H10983310,H10983310
santatecla46\FICHA DATOS TECNICOS.docx,CDAD PROP SANTA TECLA 46 MADRID,H10983310,H10983310
santavirgilia20\FICHA DATOS TECNICOS.docx,CDAD PROP SANTA VIRGILIA 20 MADRID,H28604775,H28604775
santavirgilia24\FICHA DATOS TECNICOS (Copia en conflicto de D SM 2025-03-28).docx,CDAD PROP CL SANTA VIRGILIA 24 MADRID,H79955357,H79955357
santelesforo17\FICHA DATOS TECNICOS.docx,CDAD PROP SAN TELESFORO 17 MADRID,H79711800,H79711800
santelesforo19\FICHA DATOS TECNICOS.docx,C.P. San Telesforo 19,H79664843,H79664843
santurce1\FICHA DATOS TECNICOS.docx,CDAD PROP SANTURCE 1 MADRID,H79684148,H79684148
sanvenancio1\FICHA DATOS TECNICOS.docx,CDAD PROP CL SAN VENANCIO 1 MADRID,H80543622,H80543622
secoya24\FICHA DATOS TECNICOS.docx,MERLETTI SL,B81665168,B81665168
segovia49\FICHA DATOS.docx,CDAD PROP CL SEGOVIA N 49 MADRID,H80769680,H80769680
sepulveda26\FICHA DATOS.docx,JOSE MIGUEL PRESIDENTE DE LA COMUNIDAD,,
siena55\FICHA DATOS.docx,"CDAD PROP CL SIENA N 51,53 Y 55 MADRID",H81408965,H81408965
sierradecontraviesa38-40\FICHA DATOS TECNICOS.docx,"CDAD PROP SIERRA DE CONTRAVIESA 38-40 MADRID(pedidos docs 07/11, 14/11)",E28932325,E28932325
sierradelvalle52\FICHA DATOS.docx,CDAD PROP CL SIERRA DEL VALLE 52 MADRID,H79569711,H79569711
sierrademolina11\FICHA DATOS.docx,CDAD PROP CL SIERRA DE MOLINA 11 MADRID,H79596508,H79596508
sierragador50\FICHA DATOS.docx,CDAD PROP AV ALBUFERA N 480 DE MADRID,H80604887,H80604887
solsona7\FICHA DATOS TECNICOS.docx,CDAD PROP CL SOLSONA 7 MADRID,H79770533,H79770533
tenerife8\ascensor\FICHA DATOS TECNICOS.docx,CDAD PROP CL TENERIFE 8 MADRID,H78176971,H78176971
torrecilladelleal21\FICHA DATOS TECNICOS.docx,CDAD PROP TORRECILLA DEL LEAL 21 MADRID,H79238879,H79238879
travesiadesantiagoalio2\FICHA DATOS.docx,,H79986626,H79986626
travesiainfantamercedes4\FICHA DATOS TECNICOS.docx,Cdad Prop Tr Infanta Mercedes N 4 de Madrid,H79141453,H79141453
valdecanillas51\FICHA DATOS.docx,CDAD PROP CL VALDECANILLAS N 51 MADRID,H79710356,H79710356
valdecanillas5\FICHA DATOS TECNICOS.docx,CDAD PROP CL VALDECANILLAS 5 MADRID,H79924841,H79924841
valderrobres37\FICHA DATOS TECNICOS.docx,CDAD PROP VALDERROBRES 37 MADRID,H78949120,H78949120
valdevarnes24\FICHA DATOS TECNICOS.docx,CDAD PROP CL VALDEVARNES 24 MADRID,H79724944,H79724944
valdevarnes4\FICHA DATOS TECNICOS.docx,CDAD PROP CL VALDEVARNES N 4 MADRID,H79920500,H79920500
valdeverdeja31\FICHA DATOS TECNICOS.docx,CDAD. PROP. CL VALDEVERDEJA N 31 MADRID,H79068441,H79068441
valenciadedonjuan4\FICHA DATOS TECNICOS.docx,CEIP LORENZO LUZURIAGA,Q2868644B,Q2868644B
valleguerra5\FICHA DATOS TECNICOS.docx,CDAD PROP CL VALLEGUERRA 5 MADRID,,
valmojado243\FICHA DATOS.docx,CDAD PROP CL VALMOJADO 243 MADRID,E78969649,E78969649
valverde36\FICHA DATOS TECNICOS.docx,CDAD PROP VALVERDE 36 MADRID,H84478551,H84478551
velezblanco46\ascensor\FICHA DATOS TECNICOS.docx,CDAD PROP VELEZ BLANCO 46 MADRID,H80718141,H80718141
venanciomartin48\FICHA DATOS TECNICOS.docx,CDAD PROP CL VENANCIO MARTIN 48 MADRID,H80014046,H80014046
vicentecamaron1\FICHA DATOS TECNICOS.docx,COM.PROP. VICENTE CAMARON 1. MADRID,E78259629,E78259629
vidrieria3\FICHA DATOS.docx,CDAD PROP CL VIDRIERIA 3 MADRID,H81833337,H81833337
villamanin37\FICHA DATOS TECNICOS.docx,CDAD PROP VILLAMANIN 37 MADRID,H79501508,H79501508
villasandino10\FICHA DATOS TECNICOS.docx,CDAD PROP VILLASANDINO 10 MADRID,H79649380,H79649380
virgendearanzazu23\FICHA DATOS TECNICOS.docx,CDAD PROP CL VIRGEN DE ARANZAZU 23 MADRID,H78170446,H78170446
virgendelaoliva47\sate\FICHA DATOS.docx,CDAD PROP CL VIRGEN DE LA OLIVA 47 MADRID,H80923873,H80923873
virgendelaoliva49\FICHA DATOS TECNICOS.docx,CDAD PROP CL VIRGEN DE LA OLIVA 49 MADRID,H79112926,H79112926
virgendellluc140\FICHA DATOS TECNICOS.docx,CDAD PROP CL VIRGEN DE LLUC 140 MADRID,H79488409,H79488409
