municipio|carpeta|linea|decision|revisado
ALCOBENDAS|marquesdevaldavia76|171761,00€|formulario|2026-10-05
ALCOBENDAS|marquesdevaldavia76|TL/020377/2022|formulario|2026-10-05
ALCOBENDAS|marquesdevaldavia76|TL/001751/2026 (CFO)|formulario|2026-10-05
ALCOBENDAS|marquesdevaldavia76|DECLARACION RESPONSABLE LD20 DRU andamios|formulario|2026-10-05
ALCOBENDAS|marquesdevaldavia76|LD25 LICENCIA acondicionamientos integrales y rehabilitaciones|formulario|2026-10-05
ALCOBENDAS|marquesdevaldavia76|Ámbito zonal Madrid|formulario|2026-10-05
ALCOBENDAS|marquesdevaldavia76|Jefe de obra|formulario|2026-10-05
ALCOBENDAS|marquesdevaldavia76|320,93|formulario|2026-10-05
ALCOBENDAS|marquesdevaldavia76|MEMORIA CALIDADES|formulario|2026-10-05
ALCOBENDAS|marquesdevaldavia76|PRESUPUESTO DEL CLIENTE|formulario|2026-10-05
ALCOBENDAS|marquesdevaldavia76|ACTA DE APROBACION DEL PROYECTO JUNTA DE VECINOS|formulario|2026-10-05
ALCOBENDAS|marquesdevaldavia76|ACTA DE APROBACION DEL PRESIDENTE DE LA JUNTA DE VECINOS|formulario|2026-10-05
ALCOBENDAS|marquesdevaldavia76|APROBACION DE LA SOLUCION POR EL CLIENTE (ANTES DE VISAR)|formulario|2026-10-05
ALCOBENDAS|miraflores12|TL/003041/2025|formulario|2026-10-05
ALCOBENDAS|miraflores12|MEMORIA CALIDADES|formulario|2026-10-05
ALCOBENDAS|miraflores12|PRESUPUESTO DEL CLIENTE|formulario|2026-10-05
ALCOBENDAS|miraflores12|ACTA DE APROBACION DEL PROYECTO JUNTA DE VECINOS|formulario|2026-10-05
ALCOBENDAS|miraflores12|ACTA DE APROBACION DEL PRESIDENTE DE LA JUNTA DE VECINOS|formulario|2026-10-05
ALCOBENDAS|miraflores12|APROBACION DE LA SOLUCION POR EL CLIENTE (ANTES DE VISAR)|formulario|2026-10-05
ALCOBENDAS|plazaconcordia1|52.992,44|formulario|2026-10-05
ALCOBENDAS|plazaconcordia1|TL/016450/2023 - TL/017648/2024 CFO|formulario|2026-10-05
ALCOBENDAS|plazaconcordia1|DR OBRA MAYOR|formulario|2026-10-05
ALCOBENDAS|plazaconcordia1|09480/2023|formulario|2026-10-05
ALCOBENDAS|plazaconcordia1|Ámbito zonal Madrid|formulario|2026-10-05
ALCOBENDAS|plazaconcordia1|34,39|formulario|2026-10-05
ALCOBENDAS|plazaconcordia1|MEMORIA CALIDADES|formulario|2026-10-05
ALCOBENDAS|plazaconcordia1|PRESUPUESTO DEL CLIENTE|formulario|2026-10-05
ALCOBENDAS|plazaconcordia1|ACTA DE APROBACION DEL PROYECTO JUNTA DE VECINOS|formulario|2026-10-05
ALCOBENDAS|plazaconcordia1|ACTA DE APROBACION DEL PRESIDENTE DE LA JUNTA DE VECINOS|formulario|2026-10-05
ALCOBENDAS|plazaconcordia1|APROBACION DE LA SOLUCION POR EL CLIENTE (ANTES DE VISAR)|formulario|2026-10-05
ALCORCON|arboleda1|Ámbito zonal Madrid|formulario|2026-10-05
ALCORCON|arboleda1|MEMORIA CALIDADES|formulario|2026-10-05
ALCORCON|arboleda1|PRESUPUESTO DEL CLIENTE|formulario|2026-10-05
ALCORCON|arboleda1|ACTA DE APROBACION DEL PROYECTO JUNTA DE VECINOS|formulario|2026-10-05
ALCORCON|arboleda1|ACTA DE APROBACION DEL PRESIDENTE DE LA JUNTA DE VECINOS|formulario|2026-10-05
ALCORCON|arboleda1|APROBACION DE LA SOLUCION POR EL CLIENTE (ANTES DE VISAR)|formulario|2026-10-05
ALCORCON|avdeloeste1-3|42921,29|formulario|2026-10-05
ALCORCON|avdeloeste1-3|TL/011059/2025|formulario|2026-10-05
ALCORCON|avdeloeste1-3|74-A/25|formulario|2026-10-05
ALCORCON|avdeloeste1-3|40,06|formulario|2026-10-05
ALCORCON|avila3|TL/002004/2025|formulario|2026-10-05
ALCORCON|avila3|Ámbito zonal Madrid|formulario|2026-10-05
ALCORCON|avila3|MEMORIA CALIDADES|formulario|2026-10-05
ALCORCON|avila3|PRESUPUESTO DEL CLIENTE|formulario|2026-10-05
ALCORCON|avila3|ACTA DE APROBACION DEL PROYECTO JUNTA DE VECINOS|formulario|2026-10-05
ALCORCON|avila3|ACTA DE APROBACION DEL PRESIDENTE DE LA JUNTA DE VECINOS|formulario|2026-10-05
ALCORCON|avila3|APROBACION DE LA SOLUCION POR EL CLIENTE (ANTES DE VISAR)|formulario|2026-10-05
ALCORCON|bilbao1|Ámbito zonal Madrid|formulario|2026-10-05
ALCORCON|bilbao1|MEMORIA CALIDADES|formulario|2026-10-05
ALCORCON|bilbao1|PRESUPUESTO DEL CLIENTE|formulario|2026-10-05
ALCORCON|bilbao1|ACTA DE APROBACION DEL PROYECTO JUNTA DE VECINOS|formulario|2026-10-05
ALCORCON|bilbao1|ACTA DE APROBACION DEL PRESIDENTE DE LA JUNTA DE VECINOS|formulario|2026-10-05
ALCORCON|bilbao1|APROBACION DE LA SOLUCION POR EL CLIENTE (ANTES DE VISAR)|formulario|2026-10-05
ALCORCON|cañada22|13828,01|formulario|2026-10-05
ALCORCON|cañada22|TL/015228/2025|formulario|2026-10-05
ALCORCON|cañada22|13,78m²|formulario|2026-10-05
ALCORCON|cañada8|50.000|formulario|2026-10-05
ALCORCON|cañada8|TL/003915/2025 CFO|formulario|2026-10-05
ALCORCON|cañada8|68-A/2018|formulario|2026-10-05
ALCORCON|cañada8|Ámbito zonal Madrid|formulario|2026-10-05
ALCORCON|cañada8|SUPEFICIES 43,75|formulario|2026-10-05
ALCORCON|cañada8|MEMORIA CALIDADES|formulario|2026-10-05
ALCORCON|cañada8|PRESUPUESTO DEL CLIENTE|formulario|2026-10-05
ALCORCON|cañada8|ACTA DE APROBACION DEL PROYECTO JUNTA DE VECINOS|formulario|2026-10-05
ALCORCON|cañada8|ACTA DE APROBACION DEL PRESIDENTE DE LA JUNTA DE VECINOS|formulario|2026-10-05
ALCORCON|cañada8|APROBACION DE LA SOLUCION POR EL CLIENTE (ANTES DE VISAR)|formulario|2026-10-05
ALCORCON|fuenlabrada15|70.000|formulario|2026-10-05
ALCORCON|fuenlabrada15|300|formulario|2026-10-05
ALCORCON|fuenlabrada15|TL/003837/2022;|formulario|2026-10-05
ALCORCON|fuenlabrada15|2-4/2018 / NUEVO EXPEDIENTE 2022: expte. 2022/292 AB|formulario|2026-10-05
ALCORCON|fuenlabrada15|Ámbito zonal Madrid|formulario|2026-10-05
ALCORCON|fuenlabrada15|SUPERFICIE CONSTRUIDA: 126,10 m2 (ANTIGUO)|formulario|2026-10-05
ALCORCON|fuenlabrada15|Nuevo: 88,20 M2|formulario|2026-10-05
ALCORCON|fuenlabrada15|MEMORIA CALIDADES|formulario|2026-10-05
ALCORCON|fuenlabrada15|PRESUPUESTO DEL CLIENTE|formulario|2026-10-05
ALCORCON|fuenlabrada15|ACTA DE APROBACION DEL PROYECTO JUNTA DE VECINOS|formulario|2026-10-05
ALCORCON|fuenlabrada15|ACTA DE APROBACION DEL PRESIDENTE DE LA JUNTA DE VECINOS|formulario|2026-10-05
ALCORCON|fuenlabrada15|APROBACION DE LA SOLUCION POR EL CLIENTE (ANTES DE VISAR)|formulario|2026-10-05
ALCORCON|infantas9|TL/017054/2024|formulario|2026-10-05
ALCORCON|infantas9|Ámbito zonal Madrid|formulario|2026-10-05
ALCORCON|infantas9|MEMORIA CALIDADES|formulario|2026-10-05
ALCORCON|infantas9|PRESUPUESTO DEL CLIENTE|formulario|2026-10-05
ALCORCON|infantas9|ACTA DE APROBACION DEL PROYECTO JUNTA DE VECINOS|formulario|2026-10-05
ALCORCON|infantas9|ACTA DE APROBACION DEL PRESIDENTE DE LA JUNTA DE VECINOS|formulario|2026-10-05
ALCORCON|infantas9|APROBACION DE LA SOLUCION POR EL CLIENTE (ANTES DE VISAR)|formulario|2026-10-05
ALCORCON|jaboneria36|Ámbito zonal Madrid|formulario|2026-10-05
ALCORCON|jaboneria36|MEMORIA CALIDADES|formulario|2026-10-05
ALCORCON|jaboneria36|PRESUPUESTO DEL CLIENTE|formulario|2026-10-05
ALCORCON|jaboneria36|ACTA DE APROBACION DEL PROYECTO JUNTA DE VECINOS|formulario|2026-10-05
ALCORCON|jaboneria36|ACTA DE APROBACION DEL PRESIDENTE DE LA JUNTA DE VECINOS|formulario|2026-10-05
ALCORCON|jaboneria36|APROBACION DE LA SOLUCION POR EL CLIENTE (ANTES DE VISAR)|formulario|2026-10-05
ALCORCON|princesa12|Ámbito zonal Madrid|formulario|2026-10-05
ALCORCON|princesa12|MEMORIA CALIDADES|formulario|2026-10-05
ALCORCON|princesa12|PRESUPUESTO DEL CLIENTE|formulario|2026-10-05
ALCORCON|princesa12|ACTA DE APROBACION DEL PROYECTO JUNTA DE VECINOS|formulario|2026-10-05
ALCORCON|princesa12|ACTA DE APROBACION DEL PRESIDENTE DE LA JUNTA DE VECINOS|formulario|2026-10-05
ALCORCON|princesa12|APROBACION DE LA SOLUCION POR EL CLIENTE (ANTES DE VISAR)|formulario|2026-10-05
ALCORCON|sierradealbarracin13|174985,94|formulario|2026-10-05
ALCORCON|sierradealbarracin13|TL/003418/2024|formulario|2026-10-05
ALCORCON|sierradealbarracin13|Ámbito zonal Madrid|formulario|2026-10-05
ALCORCON|sierradealbarracin13|305,32|formulario|2026-10-05
ALCORCON|sierradealbarracin13|MEMORIA CALIDADES|formulario|2026-10-05
ALCORCON|sierradealbarracin13|PRESUPUESTO DEL CLIENTE|formulario|2026-10-05
ALCORCON|sierradealbarracin13|ACTA DE APROBACION DEL PROYECTO JUNTA DE VECINOS|formulario|2026-10-05
ALCORCON|sierradealbarracin13|ACTA DE APROBACION DEL PRESIDENTE DE LA JUNTA DE VECINOS|formulario|2026-10-05
ALCORCON|sierradealbarracin13|APROBACION DE LA SOLUCION POR EL CLIENTE (ANTES DE VISAR)|formulario|2026-10-05
ALCORCON|virgendeiciar15escalera4|Ámbito zonal Madrid|formulario|2026-10-05
ALCORCON|virgendeiciar15escalera4|Jefe de obra|formulario|2026-10-05
ALCORCON|virgendeiciar15escalera4|MEMORIA CALIDADES|formulario|2026-10-05
ALCORCON|virgendeiciar15escalera4|PRESUPUESTO DEL CLIENTE|formulario|2026-10-05
ALCORCON|virgendeiciar15escalera4|ACTA DE APROBACION DEL PROYECTO JUNTA DE VECINOS|formulario|2026-10-05
ALCORCON|virgendeiciar15escalera4|ACTA DE APROBACION DEL PRESIDENTE DE LA JUNTA DE VECINOS|formulario|2026-10-05
ALCORCON|virgendeiciar15escalera4|APROBACION DE LA SOLUCION POR EL CLIENTE (ANTES DE VISAR)|formulario|2026-10-05
ALCORCON|virgendeiciar17|TL/008220/2024|formulario|2026-10-05
ALCORCON|virgendeiciar17|Ámbito zonal Madrid|formulario|2026-10-05
ALCORCON|virgendeiciar17|MEMORIA CALIDADES|formulario|2026-10-05
ALCORCON|virgendeiciar17|PRESUPUESTO DEL CLIENTE|formulario|2026-10-05
ALCORCON|virgendeiciar17|ACTA DE APROBACION DEL PROYECTO JUNTA DE VECINOS|formulario|2026-10-05
ALCORCON|virgendeiciar17|ACTA DE APROBACION DEL PRESIDENTE DE LA JUNTA DE VECINOS|formulario|2026-10-05
ALCORCON|virgendeiciar17|APROBACION DE LA SOLUCION POR EL CLIENTE (ANTES DE VISAR)|formulario|2026-10-05
FUENLABRADA|alava6|TL/010011/2024 - TL/013797/2024|formulario|2026-10-05
FUENLABRADA|alava6|~~2024/DAO_01/000089~~ 2024/DRN_01/000523|formulario|2026-10-05
FUENLABRADA|alava6|DECLARACION CONJUNTA DE ACTIVIDAD Y OBRA|formulario|2026-10-05
FUENLABRADA|alava6|Ámbito zonal Madrid|formulario|2026-10-05
FUENLABRADA|alava6|MEMORIA CALIDADES|formulario|2026-10-05
FUENLABRADA|alava6|PRESUPUESTO DEL CLIENTE|formulario|2026-10-05
FUENLABRADA|alava6|ACTA DE APROBACION DEL PROYECTO JUNTA DE VECINOS|formulario|2026-10-05
FUENLABRADA|alava6|ACTA DE APROBACION DEL PRESIDENTE DE LA JUNTA DE VECINOS|formulario|2026-10-05
FUENLABRADA|alava6|APROBACION DE LA SOLUCION POR EL CLIENTE (ANTES DE VISAR)|formulario|2026-10-05
FUENLABRADA|alemania11|96.408,95|formulario|2026-10-05
FUENLABRADA|alemania11|TL/001858/2024 CFO|formulario|2026-10-05
FUENLABRADA|alemania11|2022/DRN_01/000366|formulario|2026-10-05
FUENLABRADA|alemania11|DR|formulario|2026-10-05
FUENLABRADA|alemania11|59,21|formulario|2026-10-05
FUENLABRADA|alemania11|MEMORIA CALIDADES|formulario|2026-10-05
FUENLABRADA|alemania11|PRESUPUESTO DEL CLIENTE|formulario|2026-10-05
FUENLABRADA|alemania11|ACTA DE APROBACION DEL PROYECTO JUNTA DE VECINOS|formulario|2026-10-05
FUENLABRADA|alemania11|ACTA DE APROBACION DEL PRESIDENTE DE LA JUNTA DE VECINOS|formulario|2026-10-05
FUENLABRADA|alemania11|APROBACION DE LA SOLUCION POR EL CLIENTE (ANTES DE VISAR)|formulario|2026-10-05
FUENLABRADA|alemania6|TL/016943/2024|formulario|2026-10-05
FUENLABRADA|alemania6|2024/DRN_01/000670|formulario|2026-10-05
FUENLABRADA|alemania6|Ámbito zonal Madrid|formulario|2026-10-05
FUENLABRADA|alemania6|MEMORIA CALIDADES|formulario|2026-10-05
FUENLABRADA|alemania6|PRESUPUESTO DEL CLIENTE|formulario|2026-10-05
FUENLABRADA|alemania6|ACTA DE APROBACION DEL PROYECTO JUNTA DE VECINOS|formulario|2026-10-05
FUENLABRADA|alemania6|ACTA DE APROBACION DEL PRESIDENTE DE LA JUNTA DE VECINOS|formulario|2026-10-05
FUENLABRADA|alemania6|APROBACION DE LA SOLUCION POR EL CLIENTE (ANTES DE VISAR)|formulario|2026-10-05
FUENLABRADA|andalucia10|119.039,41 ASCENSOR – 11206 RAMPA|formulario|2026-10-05
FUENLABRADA|andalucia10|TL/018114/2022|formulario|2026-10-05
FUENLABRADA|andalucia10|TL/001515/2026 (CFO ASCENSOR)|formulario|2026-10-05
FUENLABRADA|andalucia10|TL/001577/2024 (RAMPA)|formulario|2026-10-05
FUENLABRADA|andalucia10|2022/DRN_01/000752|formulario|2026-10-05
FUENLABRADA|andalucia10|DECLARACION RESPONSABLE|formulario|2026-10-05
FUENLABRADA|andalucia10|51,85|formulario|2026-10-05
FUENLABRADA|andalucia10|MEMORIA CALIDADES|formulario|2026-10-05
FUENLABRADA|andalucia10|PRESUPUESTO DEL CLIENTE|formulario|2026-10-05
FUENLABRADA|andalucia10|ACTA DE APROBACION DEL PROYECTO JUNTA DE VECINOS|formulario|2026-10-05
FUENLABRADA|andalucia10|ACTA DE APROBACION DEL PRESIDENTE DE LA JUNTA DE VECINOS|formulario|2026-10-05
FUENLABRADA|andalucia10|APROBACION DE LA SOLUCION POR EL CLIENTE (ANTES DE VISAR)|formulario|2026-10-05
FUENLABRADA|angeles14|71836,45|formulario|2026-10-05
FUENLABRADA|angeles14|TL/020567/2022 - TL/010466/2025 CFO|formulario|2026-10-05
FUENLABRADA|angeles14|2022/DRN_01/000906|formulario|2026-10-05
FUENLABRADA|angeles14|declaración|formulario|2026-10-05
FUENLABRADA|angeles14|63,80|formulario|2026-10-05
FUENLABRADA|angeles14|MEMORIA CALIDADES|formulario|2026-10-05
FUENLABRADA|angeles14|PRESUPUESTO DEL CLIENTE|formulario|2026-10-05
FUENLABRADA|angeles14|ACTA DE APROBACION DEL PROYECTO JUNTA DE VECINOS|formulario|2026-10-05
FUENLABRADA|angeles14|ACTA DE APROBACION DEL PRESIDENTE DE LA JUNTA DE VECINOS|formulario|2026-10-05
FUENLABRADA|angeles14|APROBACION DE LA SOLUCION POR EL CLIENTE (ANTES DE VISAR)|formulario|2026-10-05
FUENLABRADA|argentina20|165330,31|formulario|2026-10-05
FUENLABRADA|argentina20|TL/005408/2024|formulario|2026-10-05
FUENLABRADA|argentina20|TL/009345/2026 (CFO)|formulario|2026-10-05
FUENLABRADA|argentina20|DR|formulario|2026-10-05
FUENLABRADA|argentina20|MEMORIA CALIDADES|formulario|2026-10-05
FUENLABRADA|argentina20|PRESUPUESTO DEL CLIENTE|formulario|2026-10-05
FUENLABRADA|argentina20|ACTA DE APROBACION DEL PROYECTO JUNTA DE VECINOS|formulario|2026-10-05
FUENLABRADA|argentina20|ACTA DE APROBACION DEL PRESIDENTE DE LA JUNTA DE VECINOS|formulario|2026-10-05
FUENLABRADA|argentina20|APROBACION DE LA SOLUCION POR EL CLIENTE (ANTES DE VISAR)|formulario|2026-10-05
FUENLABRADA|austria8|572327,33|formulario|2026-10-05
FUENLABRADA|austria8|TL/015289/2023|formulario|2026-10-05
FUENLABRADA|austria8|TL/009398/2026 (CFO)|formulario|2026-10-05
FUENLABRADA|austria8|2024/DRN_01/000319|formulario|2026-10-05
FUENLABRADA|austria8|Ámbito zonal Madrid|formulario|2026-10-05
FUENLABRADA|austria8|832,46|formulario|2026-10-05
FUENLABRADA|austria8|MEMORIA CALIDADES|formulario|2026-10-05
FUENLABRADA|austria8|PRESUPUESTO DEL CLIENTE|formulario|2026-10-05
FUENLABRADA|austria8|ACTA DE APROBACION DEL PROYECTO JUNTA DE VECINOS|formulario|2026-10-05
FUENLABRADA|austria8|ACTA DE APROBACION DEL PRESIDENTE DE LA JUNTA DE VECINOS|formulario|2026-10-05
FUENLABRADA|austria8|APROBACION DE LA SOLUCION POR EL CLIENTE (ANTES DE VISAR)|formulario|2026-10-05
FUENLABRADA|avespaña9|36305,08|formulario|2026-10-05
FUENLABRADA|avespaña9|TL/003320/2026|formulario|2026-10-05
FUENLABRADA|avespaña9|TL/010117/2026 (cfo)|formulario|2026-10-05
FUENLABRADA|avespaña9|30,85|formulario|2026-10-05
FUENLABRADA|avestados1|89623,53|formulario|2026-10-05
FUENLABRADA|avestados1|TL/001242/2025 (RAMPA)|formulario|2026-10-05
FUENLABRADA|avestados1|TL/001356/2025 (CFO ASCENSOR)|formulario|2026-10-05
FUENLABRADA|avestados1|2022/DRN_01/000515 –|formulario|2026-10-05
FUENLABRADA|avestados1|2025/ING_03/004209 CESION SUELO PUBLICO RAMPA|formulario|2026-10-05
FUENLABRADA|avestados1|declaración|formulario|2026-10-05
FUENLABRADA|avestados1|101,85|formulario|2026-10-05
FUENLABRADA|avestados1|MEMORIA CALIDADES|formulario|2026-10-05
FUENLABRADA|avestados1|PRESUPUESTO DEL CLIENTE|formulario|2026-10-05
FUENLABRADA|avestados1|x|formulario|2026-10-05
FUENLABRADA|avestados1|ACTA DE APROBACION DEL PROYECTO JUNTA DE VECINOS|formulario|2026-10-05
FUENLABRADA|avestados1|ACTA DE APROBACION DEL PRESIDENTE DE LA JUNTA DE VECINOS|formulario|2026-10-05
FUENLABRADA|avestados1|APROBACION DE LA SOLUCION POR EL CLIENTE (ANTES DE VISAR)|formulario|2026-10-05
FUENLABRADA|avestados18|222333,82|formulario|2026-10-05
FUENLABRADA|avestados18|2022/DRN_01/000555|formulario|2026-10-05
FUENLABRADA|avestados18|DR|formulario|2026-10-05
FUENLABRADA|avestados18|69,71|formulario|2026-10-05
FUENLABRADA|avestados18|MEMORIA CALIDADES|formulario|2026-10-05
FUENLABRADA|avestados18|PRESUPUESTO DEL CLIENTE|formulario|2026-10-05
FUENLABRADA|avestados18|ACTA DE APROBACION DEL PROYECTO JUNTA DE VECINOS|formulario|2026-10-05
FUENLABRADA|avestados18|ACTA DE APROBACION DEL PRESIDENTE DE LA JUNTA DE VECINOS|formulario|2026-10-05
FUENLABRADA|avestados18|APROBACION DE LA SOLUCION POR EL CLIENTE (ANTES DE VISAR)|formulario|2026-10-05
FUENLABRADA|avfranciscojaviersauquillo22|66449,61|formulario|2026-10-05
FUENLABRADA|avfranciscojaviersauquillo22|TL/008506/2022|formulario|2026-10-05
FUENLABRADA|avfranciscojaviersauquillo22|TL/015325/2025|formulario|2026-10-05
FUENLABRADA|avfranciscojaviersauquillo22|2022/DRN_01/000600|formulario|2026-10-05
FUENLABRADA|avfranciscojaviersauquillo22|59,31|formulario|2026-10-05
FUENLABRADA|avfranciscojaviersauquillo22|MEMORIA CALIDADES|formulario|2026-10-05
FUENLABRADA|avfranciscojaviersauquillo22|PRESUPUESTO DEL CLIENTE|formulario|2026-10-05
FUENLABRADA|avfranciscojaviersauquillo22|X|formulario|2026-10-05
FUENLABRADA|avfranciscojaviersauquillo22|ACTA DE APROBACION DEL PROYECTO JUNTA DE VECINOS|formulario|2026-10-05
FUENLABRADA|avfranciscojaviersauquillo22|ACTA DE APROBACION DEL PRESIDENTE DE LA JUNTA DE VECINOS|formulario|2026-10-05
FUENLABRADA|avfranciscojaviersauquillo22|APROBACION DE LA SOLUCION POR EL CLIENTE (ANTES DE VISAR)|formulario|2026-10-05
FUENLABRADA|avprovincias14|TL/006208/2025|formulario|2026-10-05
FUENLABRADA|avprovincias14|Ámbito zonal Madrid|formulario|2026-10-05
FUENLABRADA|avprovincias14|MEMORIA CALIDADES|formulario|2026-10-05
FUENLABRADA|avprovincias14|PRESUPUESTO DEL CLIENTE|formulario|2026-10-05
FUENLABRADA|avprovincias14|ACTA DE APROBACION DEL PROYECTO JUNTA DE VECINOS|formulario|2026-10-05
FUENLABRADA|avprovincias14|ACTA DE APROBACION DEL PRESIDENTE DE LA JUNTA DE VECINOS|formulario|2026-10-05
FUENLABRADA|avprovincias14|APROBACION DE LA SOLUCION POR EL CLIENTE (ANTES DE VISAR)|formulario|2026-10-05
FUENLABRADA|avprovincias16|4431,37|formulario|2026-10-05
FUENLABRADA|avprovincias16|TL/016261/2022|formulario|2026-10-05
FUENLABRADA|avprovincias16|2022/DRN_01/000723|formulario|2026-10-05
FUENLABRADA|avprovincias16|19.59m²|formulario|2026-10-05
FUENLABRADA|avprovincias16|MEMORIA CALIDADES|formulario|2026-10-05
FUENLABRADA|avprovincias16|PRESUPUESTO DEL CLIENTE|formulario|2026-10-05
FUENLABRADA|avprovincias16|ACTA DE APROBACION DEL PROYECTO JUNTA DE VECINOS|formulario|2026-10-05
FUENLABRADA|avprovincias16|ACTA DE APROBACION DEL PRESIDENTE DE LA JUNTA DE VECINOS|formulario|2026-10-05
FUENLABRADA|avprovincias16|APROBACION DE LA SOLUCION POR EL CLIENTE (ANTES DE VISAR)|formulario|2026-10-05
FUENLABRADA|belen7|174410|formulario|2026-10-05
FUENLABRADA|belen7|TL/009363/2023|formulario|2026-10-05
FUENLABRADA|belen7|TL/014341/2023 (con amianto)|formulario|2026-10-05
FUENLABRADA|belen7|TL/018838/2025 (CFO)|formulario|2026-10-05
FUENLABRADA|belen7|Declaración|formulario|2026-10-05
FUENLABRADA|belen7|Ámbito zonal Madrid|formulario|2026-10-05
FUENLABRADA|belen7|293,28|formulario|2026-10-05
FUENLABRADA|belen7|MEMORIA CALIDADES|formulario|2026-10-05
FUENLABRADA|belen7|PRESUPUESTO DEL CLIENTE|formulario|2026-10-05
FUENLABRADA|belen7|ACTA DE APROBACION DEL PROYECTO JUNTA DE VECINOS|formulario|2026-10-05
FUENLABRADA|belen7|ACTA DE APROBACION DEL PRESIDENTE DE LA JUNTA DE VECINOS|formulario|2026-10-05
FUENLABRADA|belen7|APROBACION DE LA SOLUCION POR EL CLIENTE (ANTES DE VISAR)|formulario|2026-10-05
FUENLABRADA|brunete3|277508,47|formulario|2026-10-05
FUENLABRADA|brunete3|TL/004553/2025|formulario|2026-10-05
FUENLABRADA|brunete3|MEMORIA CALIDADES|formulario|2026-10-05
FUENLABRADA|brunete3|PRESUPUESTO DEL CLIENTE|formulario|2026-10-05
FUENLABRADA|brunete3|ACTA DE APROBACION DEL PROYECTO JUNTA DE VECINOS|formulario|2026-10-05
FUENLABRADA|brunete3|ACTA DE APROBACION DEL PRESIDENTE DE LA JUNTA DE VECINOS|formulario|2026-10-05
FUENLABRADA|brunete3|APROBACION DE LA SOLUCION POR EL CLIENTE (ANTES DE VISAR)|formulario|2026-10-05
FUENLABRADA|callao31|328795,88|formulario|2026-10-05
FUENLABRADA|callao31|TL/010149/2023 - TL/004222/2025 CFO|formulario|2026-10-05
FUENLABRADA|callao31|2023/DRN_01/00762|formulario|2026-10-05
FUENLABRADA|callao31|DECLARACION|formulario|2026-10-05
FUENLABRADA|callao31|Ámbito zonal Madrid|formulario|2026-10-05
FUENLABRADA|callao31|338,19|formulario|2026-10-05
FUENLABRADA|callao31|MEMORIA CALIDADES|formulario|2026-10-05
FUENLABRADA|callao31|PRESUPUESTO DEL CLIENTE|formulario|2026-10-05
FUENLABRADA|callao31|ACTA DE APROBACION DEL PROYECTO JUNTA DE VECINOS|formulario|2026-10-05
FUENLABRADA|callao31|ACTA DE APROBACION DEL PRESIDENTE DE LA JUNTA DE VECINOS|formulario|2026-10-05
FUENLABRADA|callao31|APROBACION DE LA SOLUCION POR EL CLIENTE (ANTES DE VISAR)|formulario|2026-10-05
FUENLABRADA|callao35|202.909,65|formulario|2026-10-05
FUENLABRADA|callao35|TL/014532/2023 - TL/011347/2024|formulario|2026-10-05
FUENLABRADA|callao35|2023/DRN_01/000857|formulario|2026-10-05
FUENLABRADA|callao35|Ámbito zonal Madrid|formulario|2026-10-05
FUENLABRADA|callao35|391,92|formulario|2026-10-05
FUENLABRADA|callao35|MEMORIA CALIDADES|formulario|2026-10-05
FUENLABRADA|callao35|PRESUPUESTO DEL CLIENTE|formulario|2026-10-05
FUENLABRADA|callao35|ACTA DE APROBACION DEL PROYECTO JUNTA DE VECINOS|formulario|2026-10-05
FUENLABRADA|callao35|ACTA DE APROBACION DEL PRESIDENTE DE LA JUNTA DE VECINOS|formulario|2026-10-05
FUENLABRADA|callao35|APROBACION DE LA SOLUCION POR EL CLIENTE (ANTES DE VISAR)|formulario|2026-10-05
FUENLABRADA|canarias8|TL/013951/2024|formulario|2026-10-05
FUENLABRADA|canarias8|Ámbito zonal Madrid|formulario|2026-10-05
FUENLABRADA|canarias8|MEMORIA CALIDADES|formulario|2026-10-05
FUENLABRADA|canarias8|PRESUPUESTO DEL CLIENTE|formulario|2026-10-05
FUENLABRADA|canarias8|ACTA DE APROBACION DEL PROYECTO JUNTA DE VECINOS|formulario|2026-10-05
FUENLABRADA|canarias8|ACTA DE APROBACION DEL PRESIDENTE DE LA JUNTA DE VECINOS|formulario|2026-10-05
FUENLABRADA|canarias8|APROBACION DE LA SOLUCION POR EL CLIENTE (ANTES DE VISAR)|formulario|2026-10-05
FUENLABRADA|castillalanueva33|TL/000747/2025 - TL/006219/2025 CFO|formulario|2026-10-05
FUENLABRADA|castillalanueva33|2025/DRN_01/000042|formulario|2026-10-05
FUENLABRADA|castillalanueva33|Ámbito zonal Madrid|formulario|2026-10-05
FUENLABRADA|castillalanueva33|MEMORIA CALIDADES|formulario|2026-10-05
FUENLABRADA|castillalanueva33|PRESUPUESTO DEL CLIENTE|formulario|2026-10-05
FUENLABRADA|castillalanueva33|ACTA DE APROBACION DEL PROYECTO JUNTA DE VECINOS|formulario|2026-10-05
FUENLABRADA|castillalanueva33|ACTA DE APROBACION DEL PRESIDENTE DE LA JUNTA DE VECINOS|formulario|2026-10-05
FUENLABRADA|castillalanueva33|APROBACION DE LA SOLUCION POR EL CLIENTE (ANTES DE VISAR)|formulario|2026-10-05
FUENLABRADA|castillalanueva37bis|8250,12|formulario|2026-10-05
FUENLABRADA|castillalanueva37bis|TL/000499/2026|formulario|2026-10-05
FUENLABRADA|castillalanueva37bis|TL/005365/2026 (CFO)|formulario|2026-10-05
FUENLABRADA|castillalanueva37bis|30,18|formulario|2026-10-05
FUENLABRADA|castillalanueva40|TL/003158/2024 - TL/008364/2024 CFO|formulario|2026-10-05
FUENLABRADA|castillalanueva40|DECLARACION|formulario|2026-10-05
FUENLABRADA|castillalanueva40|Ámbito zonal Madrid|formulario|2026-10-05
FUENLABRADA|castillalanueva40|MEMORIA CALIDADES|formulario|2026-10-05
FUENLABRADA|castillalanueva40|PRESUPUESTO DEL CLIENTE|formulario|2026-10-05
FUENLABRADA|castillalanueva40|ACTA DE APROBACION DEL PROYECTO JUNTA DE VECINOS|formulario|2026-10-05
FUENLABRADA|castillalanueva40|ACTA DE APROBACION DEL PRESIDENTE DE LA JUNTA DE VECINOS|formulario|2026-10-05
FUENLABRADA|castillalanueva40|APROBACION DE LA SOLUCION POR EL CLIENTE (ANTES DE VISAR)|formulario|2026-10-05
FUENLABRADA|castillalavieja8|388952,51|formulario|2026-10-05
FUENLABRADA|castillalavieja8|TL/009084/2023|formulario|2026-10-05
FUENLABRADA|castillalavieja8|TL/007964/2026 (CFO)|formulario|2026-10-05
FUENLABRADA|castillalavieja8|2025/DRN_01/000288|formulario|2026-10-05
FUENLABRADA|castillalavieja8|Ámbito zonal Madrid|formulario|2026-10-05
FUENLABRADA|castillalavieja8|381,12|formulario|2026-10-05
FUENLABRADA|castillalavieja8|MEMORIA CALIDADES|formulario|2026-10-05
FUENLABRADA|castillalavieja8|PRESUPUESTO DEL CLIENTE|formulario|2026-10-05
FUENLABRADA|castillalavieja8|ACTA DE APROBACION DEL PROYECTO JUNTA DE VECINOS|formulario|2026-10-05
FUENLABRADA|castillalavieja8|ACTA DE APROBACION DEL PRESIDENTE DE LA JUNTA DE VECINOS|formulario|2026-10-05
FUENLABRADA|castillalavieja8|APROBACION DE LA SOLUCION POR EL CLIENTE (ANTES DE VISAR)|formulario|2026-10-05
FUENLABRADA|delicias7|86829,59|formulario|2026-10-05
FUENLABRADA|delicias7|TL/002472/2026|formulario|2026-10-05
FUENLABRADA|delicias7|Ámbito zonal Madrid|formulario|2026-10-05
FUENLABRADA|delicias7|53,77|formulario|2026-10-05
FUENLABRADA|delicias7|MEMORIA CALIDADES|formulario|2026-10-05
FUENLABRADA|delicias7|PRESUPUESTO DEL CLIENTE|formulario|2026-10-05
FUENLABRADA|delicias7|ACTA DE APROBACION DEL PROYECTO JUNTA DE VECINOS|formulario|2026-10-05
FUENLABRADA|delicias7|ACTA DE APROBACION DEL PRESIDENTE DE LA JUNTA DE VECINOS|formulario|2026-10-05
FUENLABRADA|delicias7|APROBACION DE LA SOLUCION POR EL CLIENTE (ANTES DE VISAR)|formulario|2026-10-05
FUENLABRADA|eras9|29184,87|formulario|2026-10-05
FUENLABRADA|fatima6|142984,09|formulario|2026-10-05
FUENLABRADA|fatima6|TL/006470/2023|formulario|2026-10-05
FUENLABRADA|fatima6|TL/016475/2025|formulario|2026-10-05
FUENLABRADA|fatima6|2023/DRN_01/000563 DE 19/07/2023|formulario|2026-10-05
FUENLABRADA|fatima6|DECLARACION|formulario|2026-10-05
FUENLABRADA|fatima6|Ámbito zonal Madrid|formulario|2026-10-05
FUENLABRADA|fatima6|47,67|formulario|2026-10-05
FUENLABRADA|fatima6|MEMORIA CALIDADES|formulario|2026-10-05
FUENLABRADA|fatima6|PRESUPUESTO DEL CLIENTE|formulario|2026-10-05
FUENLABRADA|fatima6|ACTA DE APROBACION DEL PROYECTO JUNTA DE VECINOS|formulario|2026-10-05
FUENLABRADA|fatima6|ACTA DE APROBACION DEL PRESIDENTE DE LA JUNTA DE VECINOS|formulario|2026-10-05
FUENLABRADA|fatima6|APROBACION DE LA SOLUCION POR EL CLIENTE (ANTES DE VISAR)|formulario|2026-10-05
FUENLABRADA|francia5|26986,99|formulario|2026-10-05
FUENLABRADA|francia5|TL/004625/2025|formulario|2026-10-05
FUENLABRADA|francia5|Ámbito zonal Madrid|formulario|2026-10-05
FUENLABRADA|francia5|28,28|formulario|2026-10-05
FUENLABRADA|francia5|MEMORIA CALIDADES|formulario|2026-10-05
FUENLABRADA|francia5|PRESUPUESTO DEL CLIENTE|formulario|2026-10-05
FUENLABRADA|francia5|ACTA DE APROBACION DEL PROYECTO JUNTA DE VECINOS|formulario|2026-10-05
FUENLABRADA|francia5|ACTA DE APROBACION DEL PRESIDENTE DE LA JUNTA DE VECINOS|formulario|2026-10-05
FUENLABRADA|francia5|APROBACION DE LA SOLUCION POR EL CLIENTE (ANTES DE VISAR)|formulario|2026-10-05
FUENLABRADA|francia7|TL/015907/2024|formulario|2026-10-05
FUENLABRADA|francia7|2025/DRN_01/000135|formulario|2026-10-05
FUENLABRADA|francia7|Ámbito zonal Madrid|formulario|2026-10-05
FUENLABRADA|francia7|MEMORIA CALIDADES|formulario|2026-10-05
FUENLABRADA|francia7|PRESUPUESTO DEL CLIENTE|formulario|2026-10-05
FUENLABRADA|francia7|ACTA DE APROBACION DEL PROYECTO JUNTA DE VECINOS|formulario|2026-10-05
FUENLABRADA|francia7|ACTA DE APROBACION DEL PRESIDENTE DE LA JUNTA DE VECINOS|formulario|2026-10-05
FUENLABRADA|francia7|APROBACION DE LA SOLUCION POR EL CLIENTE (ANTES DE VISAR)|formulario|2026-10-05
FUENLABRADA|habana41|204149,12|formulario|2026-10-05
FUENLABRADA|habana41|TL/009333/2023 - TL/015613/2024 CFO|formulario|2026-10-05
FUENLABRADA|habana41|2023/DRN_01/000602|formulario|2026-10-05
FUENLABRADA|habana41|DECLARACION|formulario|2026-10-05
FUENLABRADA|habana41|383,47|formulario|2026-10-05
FUENLABRADA|habana41|MEMORIA CALIDADES|formulario|2026-10-05
FUENLABRADA|habana41|PRESUPUESTO DEL CLIENTE|formulario|2026-10-05
FUENLABRADA|habana41|ACTA DE APROBACION DEL PROYECTO JUNTA DE VECINOS|formulario|2026-10-05
FUENLABRADA|habana41|ACTA DE APROBACION DEL PRESIDENTE DE LA JUNTA DE VECINOS|formulario|2026-10-05
FUENLABRADA|habana41|APROBACION DE LA SOLUCION POR EL CLIENTE (ANTES DE VISAR)|formulario|2026-10-05
FUENLABRADA|hungria4|ASCENSOR: 129.655,71 (extraído del presup)|formulario|2026-10-05
FUENLABRADA|hungria4|Total: 257.303,59|formulario|2026-10-05
FUENLABRADA|hungria4|TL/008501/2023|formulario|2026-10-05
FUENLABRADA|hungria4|2023/DRN_01/000604 (SOLO ASCENSOR)|formulario|2026-10-05
FUENLABRADA|hungria4|Declaración|formulario|2026-10-05
FUENLABRADA|hungria4|Ámbito zonal Madrid|formulario|2026-10-05
FUENLABRADA|hungria4|Total: 333,16|formulario|2026-10-05
FUENLABRADA|hungria4|SATE: 287,01|formulario|2026-10-05
FUENLABRADA|hungria4|Ascensor: 46,15|formulario|2026-10-05
FUENLABRADA|hungria4|MEMORIA CALIDADES|formulario|2026-10-05
FUENLABRADA|hungria4|PRESUPUESTO DEL CLIENTE|formulario|2026-10-05
FUENLABRADA|hungria4|ACTA DE APROBACION DEL PROYECTO JUNTA DE VECINOS|formulario|2026-10-05
FUENLABRADA|hungria4|ACTA DE APROBACION DEL PRESIDENTE DE LA JUNTA DE VECINOS|formulario|2026-10-05
FUENLABRADA|hungria4|APROBACION DE LA SOLUCION POR EL CLIENTE (ANTES DE VISAR)|formulario|2026-10-05
FUENLABRADA|islasbritanicas26|115.403,36|formulario|2026-10-05
FUENLABRADA|islasbritanicas26|TL/003747/2023|formulario|2026-10-05
FUENLABRADA|islasbritanicas26|2023/DRN_01/000289|formulario|2026-10-05
FUENLABRADA|islasbritanicas26|DECLARACION|formulario|2026-10-05
FUENLABRADA|islasbritanicas26|80,69|formulario|2026-10-05
FUENLABRADA|islasbritanicas26|MEMORIA CALIDADES|formulario|2026-10-05
FUENLABRADA|islasbritanicas26|PRESUPUESTO DEL CLIENTE|formulario|2026-10-05
FUENLABRADA|islasbritanicas26|ACTA DE APROBACION DEL PROYECTO JUNTA DE VECINOS|formulario|2026-10-05
FUENLABRADA|islasbritanicas26|ACTA DE APROBACION DEL PRESIDENTE DE LA JUNTA DE VECINOS|formulario|2026-10-05
FUENLABRADA|islasbritanicas26|APROBACION DE LA SOLUCION POR EL CLIENTE (ANTES DE VISAR)|formulario|2026-10-05
FUENLABRADA|italia11|182.365,86|formulario|2026-10-05
FUENLABRADA|italia11|TL/007233/2023 - TL/010310/2025 CFO|formulario|2026-10-05
FUENLABRADA|italia11|2023/DRN_01/000333|formulario|2026-10-05
FUENLABRADA|italia11|DECLARACION|formulario|2026-10-05
FUENLABRADA|italia11|Ámbito zonal Madrid|formulario|2026-10-05
FUENLABRADA|italia11|395,44|formulario|2026-10-05
FUENLABRADA|italia11|MEMORIA CALIDADES|formulario|2026-10-05
FUENLABRADA|italia11|PRESUPUESTO DEL CLIENTE|formulario|2026-10-05
FUENLABRADA|italia11|ACTA DE APROBACION DEL PROYECTO JUNTA DE VECINOS|formulario|2026-10-05
FUENLABRADA|italia11|ACTA DE APROBACION DEL PRESIDENTE DE LA JUNTA DE VECINOS|formulario|2026-10-05
FUENLABRADA|italia11|APROBACION DE LA SOLUCION POR EL CLIENTE (ANTES DE VISAR)|formulario|2026-10-05
FUENLABRADA|italia35|268429,96|formulario|2026-10-05
FUENLABRADA|italia35|TL/004566/2023|formulario|2026-10-05
FUENLABRADA|italia35|TL/010131/2026 (CFO)|formulario|2026-10-05
FUENLABRADA|italia35|2023/DRN_01/000195|formulario|2026-10-05
FUENLABRADA|italia35|Declaración|formulario|2026-10-05
FUENLABRADA|italia35|Ámbito zonal Madrid|formulario|2026-10-05
FUENLABRADA|italia35|Jefe de obra|formulario|2026-10-05
FUENLABRADA|italia35|Fachadas: 395,20|formulario|2026-10-05
FUENLABRADA|italia35|Accesibilidad: 38,35|formulario|2026-10-05
FUENLABRADA|italia35|Total: 433,55|formulario|2026-10-05
FUENLABRADA|italia35|MEMORIA CALIDADES|formulario|2026-10-05
FUENLABRADA|italia35|PRESUPUESTO DEL CLIENTE|formulario|2026-10-05
FUENLABRADA|italia35|ACTA DE APROBACION DEL PROYECTO JUNTA DE VECINOS|formulario|2026-10-05
FUENLABRADA|italia35|ACTA DE APROBACION DEL PRESIDENTE DE LA JUNTA DE VECINOS|formulario|2026-10-05
FUENLABRADA|italia35|APROBACION DE LA SOLUCION POR EL CLIENTE (ANTES DE VISAR)|formulario|2026-10-05
FUENLABRADA|leganes14|2025/DRN_01/000026|formulario|2026-10-05
FUENLABRADA|leganes14|Ámbito zonal Madrid|formulario|2026-10-05
FUENLABRADA|leganes14|MEMORIA CALIDADES|formulario|2026-10-05
FUENLABRADA|leganes14|PRESUPUESTO DEL CLIENTE|formulario|2026-10-05
FUENLABRADA|leganes14|ACTA DE APROBACION DEL PROYECTO JUNTA DE VECINOS|formulario|2026-10-05
FUENLABRADA|leganes14|ACTA DE APROBACION DEL PRESIDENTE DE LA JUNTA DE VECINOS|formulario|2026-10-05
FUENLABRADA|leganes14|APROBACION DE LA SOLUCION POR EL CLIENTE (ANTES DE VISAR)|formulario|2026-10-05
FUENLABRADA|lima5|204.463,03 €|formulario|2026-10-05
FUENLABRADA|lima5|TL/008343/2023 - TL/011343/2024|formulario|2026-10-05
FUENLABRADA|lima5|2023/DRN_01/000542|formulario|2026-10-05
FUENLABRADA|lima5|DECLARACION|formulario|2026-10-05
FUENLABRADA|lima5|398,33 m²|formulario|2026-10-05
FUENLABRADA|lima5|MEMORIA CALIDADES|formulario|2026-10-05
FUENLABRADA|lima5|PRESUPUESTO DEL CLIENTE|formulario|2026-10-05
FUENLABRADA|lima5|ACTA DE APROBACION DEL PROYECTO JUNTA DE VECINOS|formulario|2026-10-05
FUENLABRADA|lima5|ACTA DE APROBACION DEL PRESIDENTE DE LA JUNTA DE VECINOS|formulario|2026-10-05
FUENLABRADA|lima5|APROBACION DE LA SOLUCION POR EL CLIENTE (ANTES DE VISAR)|formulario|2026-10-05
FUENLABRADA|malaga22|Ámbito zonal Madrid|formulario|2026-10-05
FUENLABRADA|malaga22|MEMORIA CALIDADES|formulario|2026-10-05
FUENLABRADA|malaga22|PRESUPUESTO DEL CLIENTE|formulario|2026-10-05
FUENLABRADA|malaga22|ACTA DE APROBACION DEL PROYECTO JUNTA DE VECINOS|formulario|2026-10-05
FUENLABRADA|malaga22|ACTA DE APROBACION DEL PRESIDENTE DE LA JUNTA DE VECINOS|formulario|2026-10-05
FUENLABRADA|malaga22|APROBACION DE LA SOLUCION POR EL CLIENTE (ANTES DE VISAR)|formulario|2026-10-05
FUENLABRADA|mostoles3portal2|81963,03|formulario|2026-10-05
FUENLABRADA|mostoles3portal2|TL/000640/2022 - TL/001143/2024 (fin obra) TL/001757/2024 (anulación CFO)|formulario|2026-10-05
FUENLABRADA|mostoles3portal2|TL/006080/2024 (JUSTIF OBRA)|formulario|2026-10-05
FUENLABRADA|mostoles3portal2|2022/DRN_01/000268|formulario|2026-10-05
FUENLABRADA|mostoles3portal2|DECLARACION|formulario|2026-10-05
FUENLABRADA|mostoles3portal2|6,555 m²|formulario|2026-10-05
FUENLABRADA|mostoles3portal2|MEMORIA CALIDADES|formulario|2026-10-05
FUENLABRADA|mostoles3portal2|PRESUPUESTO DEL CLIENTE|formulario|2026-10-05
FUENLABRADA|mostoles3portal2|ACTA DE APROBACION DEL PROYECTO JUNTA DE VECINOS|formulario|2026-10-05
FUENLABRADA|mostoles3portal2|ACTA DE APROBACION DEL PRESIDENTE DE LA JUNTA DE VECINOS|formulario|2026-10-05
FUENLABRADA|mostoles3portal2|APROBACION DE LA SOLUCION POR EL CLIENTE (ANTES DE VISAR)|formulario|2026-10-05
FUENLABRADA|mostoles3portal7|157395,68|formulario|2026-10-05
FUENLABRADA|mostoles3portal7|TL/007153/2024|formulario|2026-10-05
FUENLABRADA|mostoles3portal7|TL/010008/2026 (CFO)|formulario|2026-10-05
FUENLABRADA|mostoles3portal7|2025/DRN_01/000522|formulario|2026-10-05
FUENLABRADA|mostoles3portal7|Dr obra menor|formulario|2026-10-05
FUENLABRADA|mostoles3portal7|Ámbito zonal Madrid|formulario|2026-10-05
FUENLABRADA|mostoles3portal7|MEMORIA CALIDADES|formulario|2026-10-05
FUENLABRADA|mostoles3portal7|PRESUPUESTO DEL CLIENTE|formulario|2026-10-05
FUENLABRADA|mostoles3portal7|ACTA DE APROBACION DEL PROYECTO JUNTA DE VECINOS|formulario|2026-10-05
FUENLABRADA|mostoles3portal7|ACTA DE APROBACION DEL PRESIDENTE DE LA JUNTA DE VECINOS|formulario|2026-10-05
FUENLABRADA|mostoles3portal7|APROBACION DE LA SOLUCION POR EL CLIENTE (ANTES DE VISAR)|formulario|2026-10-05
FUENLABRADA|nazaret32bis|294976,33|formulario|2026-10-05
FUENLABRADA|nazaret32bis|TL/002739/2023|formulario|2026-10-05
FUENLABRADA|nazaret32bis|TL/010022/2026 (cfo)|formulario|2026-10-05
FUENLABRADA|nazaret32bis|2022/DRN_01/000387|formulario|2026-10-05
FUENLABRADA|nazaret32bis|declaracion|formulario|2026-10-05
FUENLABRADA|nazaret32bis|92.24|formulario|2026-10-05
FUENLABRADA|nazaret32bis|MEMORIA CALIDADES|formulario|2026-10-05
FUENLABRADA|nazaret32bis|PRESUPUESTO DEL CLIENTE|formulario|2026-10-05
FUENLABRADA|nazaret32bis|ACTA DE APROBACION DEL PROYECTO JUNTA DE VECINOS|formulario|2026-10-05
FUENLABRADA|nazaret32bis|ACTA DE APROBACION DEL PRESIDENTE DE LA JUNTA DE VECINOS|formulario|2026-10-05
FUENLABRADA|nazaret32bis|APROBACION DE LA SOLUCION POR EL CLIENTE (ANTES DE VISAR)|formulario|2026-10-05
FUENLABRADA|oriente6|138.440,37|formulario|2026-10-05
FUENLABRADA|oriente6|TL/017019/2023|formulario|2026-10-05
FUENLABRADA|oriente6|2024/DRN_01/000311|formulario|2026-10-05
FUENLABRADA|oriente6|86,32 m2|formulario|2026-10-05
FUENLABRADA|oriente6|MEMORIA CALIDADES|formulario|2026-10-05
FUENLABRADA|oriente6|PRESUPUESTO DEL CLIENTE|formulario|2026-10-05
FUENLABRADA|oriente6|ACTA DE APROBACION DEL PROYECTO JUNTA DE VECINOS|formulario|2026-10-05
FUENLABRADA|oriente6|ACTA DE APROBACION DEL PRESIDENTE DE LA JUNTA DE VECINOS|formulario|2026-10-05
FUENLABRADA|oriente6|APROBACION DE LA SOLUCION POR EL CLIENTE (ANTES DE VISAR)|formulario|2026-10-05
FUENLABRADA|paseodegranada2|372596,07|formulario|2026-10-05
FUENLABRADA|paseodegranada2|TL/008519/2024|formulario|2026-10-05
FUENLABRADA|paseodegranada2|Ámbito zonal Madrid|formulario|2026-10-05
FUENLABRADA|paseodegranada2|739|formulario|2026-10-05
FUENLABRADA|paseodegranada2|MEMORIA CALIDADES|formulario|2026-10-05
FUENLABRADA|paseodegranada2|PRESUPUESTO DEL CLIENTE|formulario|2026-10-05
FUENLABRADA|paseodegranada2|ACTA DE APROBACION DEL PROYECTO JUNTA DE VECINOS|formulario|2026-10-05
FUENLABRADA|paseodegranada2|ACTA DE APROBACION DEL PRESIDENTE DE LA JUNTA DE VECINOS|formulario|2026-10-05
FUENLABRADA|paseodegranada2|APROBACION DE LA SOLUCION POR EL CLIENTE (ANTES DE VISAR)|formulario|2026-10-05
FUENLABRADA|paseoolimpo16|TL/014758/2024|formulario|2026-10-05
FUENLABRADA|paseoolimpo16|TL/000788/2026 (CFO)|formulario|2026-10-05
FUENLABRADA|paseoolimpo16|2024/DRN_01/000643|formulario|2026-10-05
FUENLABRADA|paseoolimpo16|Ámbito zonal Madrid|formulario|2026-10-05
FUENLABRADA|paseoolimpo16|MEMORIA CALIDADES|formulario|2026-10-05
FUENLABRADA|paseoolimpo16|PRESUPUESTO DEL CLIENTE|formulario|2026-10-05
FUENLABRADA|paseoolimpo16|ACTA DE APROBACION DEL PROYECTO JUNTA DE VECINOS|formulario|2026-10-05
FUENLABRADA|paseoolimpo16|ACTA DE APROBACION DEL PRESIDENTE DE LA JUNTA DE VECINOS|formulario|2026-10-05
FUENLABRADA|paseoolimpo16|APROBACION DE LA SOLUCION POR EL CLIENTE (ANTES DE VISAR)|formulario|2026-10-05
FUENLABRADA|paseosanantonio3|124142,86|formulario|2026-10-05
FUENLABRADA|paseosanantonio3|TL/001223/2022|formulario|2026-10-05
FUENLABRADA|paseosanantonio3|TL/014137/2026 (CFO)|formulario|2026-10-05
FUENLABRADA|paseosanantonio3|2022/DRN_01/000260|formulario|2026-10-05
FUENLABRADA|paseosanantonio3|declaracion|formulario|2026-10-05
FUENLABRADA|paseosanantonio3|45,82|formulario|2026-10-05
FUENLABRADA|paseosanantonio3|MEMORIA CALIDADES|formulario|2026-10-05
FUENLABRADA|paseosanantonio3|PRESUPUESTO DEL CLIENTE|formulario|2026-10-05
FUENLABRADA|paseosanantonio3|ACTA DE APROBACION DEL PROYECTO JUNTA DE VECINOS|formulario|2026-10-05
FUENLABRADA|paseosanantonio3|ACTA DE APROBACION DEL PRESIDENTE DE LA JUNTA DE VECINOS|formulario|2026-10-05
FUENLABRADA|paseosanantonio3|APROBACION DE LA SOLUCION POR EL CLIENTE (ANTES DE VISAR)|formulario|2026-10-05
FUENLABRADA|paseosanantonio4|TL/011217/2025|formulario|2026-10-05
FUENLABRADA|paular5|152533,14|formulario|2026-10-05
FUENLABRADA|paular5|TL/020378/2022|formulario|2026-10-05
FUENLABRADA|paular5|TL/008625/2026 (CFO)|formulario|2026-10-05
FUENLABRADA|paular5|2023/DRN_01/000008|formulario|2026-10-05
FUENLABRADA|paular5|declaracion|formulario|2026-10-05
FUENLABRADA|paular5|87,21|formulario|2026-10-05
FUENLABRADA|paular5|MEMORIA CALIDADES|formulario|2026-10-05
FUENLABRADA|paular5|PRESUPUESTO DEL CLIENTE|formulario|2026-10-05
FUENLABRADA|paular5|ACTA DE APROBACION DEL PROYECTO JUNTA DE VECINOS|formulario|2026-10-05
FUENLABRADA|paular5|ACTA DE APROBACION DEL PRESIDENTE DE LA JUNTA DE VECINOS|formulario|2026-10-05
FUENLABRADA|paular5|APROBACION DE LA SOLUCION POR EL CLIENTE (ANTES DE VISAR)|formulario|2026-10-05
FUENLABRADA|pelayos11|76161,54|formulario|2026-10-05
FUENLABRADA|pelayos11|TL/001297/2022|formulario|2026-10-05
FUENLABRADA|pelayos11|2022/DRN_01/000266|formulario|2026-10-05
FUENLABRADA|pelayos11|Declaración responsable obra menor:|formulario|2026-10-05
FUENLABRADA|pelayos11|36,43|formulario|2026-10-05
FUENLABRADA|pelayos11|MEMORIA CALIDADES|formulario|2026-10-05
FUENLABRADA|pelayos11|PRESUPUESTO DEL CLIENTE|formulario|2026-10-05
FUENLABRADA|pelayos11|ACTA DE APROBACION DEL PROYECTO JUNTA DE VECINOS|formulario|2026-10-05
FUENLABRADA|pelayos11|ACTA DE APROBACION DEL PRESIDENTE DE LA JUNTA DE VECINOS|formulario|2026-10-05
FUENLABRADA|pelayos11|APROBACION DE LA SOLUCION POR EL CLIENTE (ANTES DE VISAR)|formulario|2026-10-05
FUENLABRADA|plazadenicaragua3|133550|formulario|2026-10-05
FUENLABRADA|plazadenicaragua3|TL/022091/2022|formulario|2026-10-05
FUENLABRADA|plazadenicaragua3|2023/DRN_01/000012|formulario|2026-10-05
FUENLABRADA|plazadenicaragua3|DECLARACION 09/01/2023|formulario|2026-10-05
FUENLABRADA|plazadenicaragua3|Ámbito zonal Madrid|formulario|2026-10-05
FUENLABRADA|plazadenicaragua3|Jefe de obra|formulario|2026-10-05
FUENLABRADA|plazadenicaragua3|65.48m²|formulario|2026-10-05
FUENLABRADA|plazadenicaragua3|MEMORIA CALIDADES|formulario|2026-10-05
FUENLABRADA|plazadenicaragua3|PRESUPUESTO DEL CLIENTE|formulario|2026-10-05
FUENLABRADA|plazadenicaragua3|ACTA DE APROBACION DEL PROYECTO JUNTA DE VECINOS|formulario|2026-10-05
FUENLABRADA|plazadenicaragua3|ACTA DE APROBACION DEL PRESIDENTE DE LA JUNTA DE VECINOS|formulario|2026-10-05
FUENLABRADA|plazadenicaragua3|APROBACION DE LA SOLUCION POR EL CLIENTE (ANTES DE VISAR)|formulario|2026-10-05
FUENLABRADA|plazaparis5|101797,59|formulario|2026-10-05
FUENLABRADA|plazaparis5|TL/013917/2024 cfo|formulario|2026-10-05
FUENLABRADA|plazaparis5|2022/DRN_01/000516|formulario|2026-10-05
FUENLABRADA|plazaparis5|declaracion|formulario|2026-10-05
FUENLABRADA|plazaparis5|68,35 m2|formulario|2026-10-05
FUENLABRADA|plazaparis5|MEMORIA CALIDADES|formulario|2026-10-05
FUENLABRADA|plazaparis5|PRESUPUESTO DEL CLIENTE|formulario|2026-10-05
FUENLABRADA|plazaparis5|ACTA DE APROBACION DEL PROYECTO JUNTA DE VECINOS|formulario|2026-10-05
FUENLABRADA|plazaparis5|ACTA DE APROBACION DEL PRESIDENTE DE LA JUNTA DE VECINOS|formulario|2026-10-05
FUENLABRADA|plazaparis5|APROBACION DE LA SOLUCION POR EL CLIENTE (ANTES DE VISAR)|formulario|2026-10-05
FUENLABRADA|sanandres1|105.147,27€|formulario|2026-10-05
FUENLABRADA|sanandres1|2022/DRN_01/000263|formulario|2026-10-05
FUENLABRADA|sanandres1|DECLARACION|formulario|2026-10-05
FUENLABRADA|sanandres1|46,50 m²|formulario|2026-10-05
FUENLABRADA|sanandres1|MEMORIA CALIDADES|formulario|2026-10-05
FUENLABRADA|sanandres1|PRESUPUESTO DEL CLIENTE|formulario|2026-10-05
FUENLABRADA|sanandres1|ACTA DE APROBACION DEL PROYECTO JUNTA DE VECINOS|formulario|2026-10-05
FUENLABRADA|sanandres1|ACTA DE APROBACION DEL PRESIDENTE DE LA JUNTA DE VECINOS|formulario|2026-10-05
FUENLABRADA|sanandres1|APROBACION DE LA SOLUCION POR EL CLIENTE (ANTES DE VISAR)|formulario|2026-10-05
FUENLABRADA|sanandres2|87025,21|formulario|2026-10-05
FUENLABRADA|sanandres2|TL/021158/2022|formulario|2026-10-05
FUENLABRADA|sanandres2|2022/DRN_01/000921|formulario|2026-10-05
FUENLABRADA|sanandres2|DECLARACION|formulario|2026-10-05
FUENLABRADA|sanandres2|85,15|formulario|2026-10-05
FUENLABRADA|sanandres2|MEMORIA CALIDADES|formulario|2026-10-05
FUENLABRADA|sanandres2|PRESUPUESTO DEL CLIENTE|formulario|2026-10-05
FUENLABRADA|sanandres2|ACTA DE APROBACION DEL PROYECTO JUNTA DE VECINOS|formulario|2026-10-05
FUENLABRADA|sanandres2|ACTA DE APROBACION DEL PRESIDENTE DE LA JUNTA DE VECINOS|formulario|2026-10-05
FUENLABRADA|sanandres2|APROBACION DE LA SOLUCION POR EL CLIENTE (ANTES DE VISAR)|formulario|2026-10-05
FUENLABRADA|sanjose9|125975,71|formulario|2026-10-05
FUENLABRADA|sanjose9|TL/003755/2023|formulario|2026-10-05
FUENLABRADA|sanjose9|TL/011735/2026 (CFO)|formulario|2026-10-05
FUENLABRADA|sanjose9|2023/DRN_01/000192|formulario|2026-10-05
FUENLABRADA|sanjose9|DECLARACION|formulario|2026-10-05
FUENLABRADA|sanjose9|150,17|formulario|2026-10-05
FUENLABRADA|sanjose9|MEMORIA CALIDADES|formulario|2026-10-05
FUENLABRADA|sanjose9|PRESUPUESTO DEL CLIENTE|formulario|2026-10-05
FUENLABRADA|sanjose9|ACTA DE APROBACION DEL PROYECTO JUNTA DE VECINOS|formulario|2026-10-05
FUENLABRADA|sanjose9|ACTA DE APROBACION DEL PRESIDENTE DE LA JUNTA DE VECINOS|formulario|2026-10-05
FUENLABRADA|sanjose9|APROBACION DE LA SOLUCION POR EL CLIENTE (ANTES DE VISAR)|formulario|2026-10-05
FUENLABRADA|turquia22|150004,20|formulario|2026-10-05
FUENLABRADA|turquia22|TL/011689/2024|formulario|2026-10-05
FUENLABRADA|turquia22|Ámbito zonal Madrid|formulario|2026-10-05
FUENLABRADA|turquia22|364,16|formulario|2026-10-05
FUENLABRADA|turquia22|MEMORIA CALIDADES|formulario|2026-10-05
FUENLABRADA|turquia22|PRESUPUESTO DEL CLIENTE|formulario|2026-10-05
FUENLABRADA|turquia22|ACTA DE APROBACION DEL PROYECTO JUNTA DE VECINOS|formulario|2026-10-05
FUENLABRADA|turquia22|ACTA DE APROBACION DEL PRESIDENTE DE LA JUNTA DE VECINOS|formulario|2026-10-05
FUENLABRADA|turquia22|APROBACION DE LA SOLUCION POR EL CLIENTE (ANTES DE VISAR)|formulario|2026-10-05
FUENLABRADA|villaviciosadeodon2|TL/005679/2025|formulario|2026-10-05
FUENLABRADA|villaviciosadeodon2|2025/DRN_01/000252|formulario|2026-10-05
FUENLABRADA|villaviciosadeodon2|CESION SUELO PUBLICO|formulario|2026-10-05
FUENLABRADA|villaviciosadeodon2|2025/ING_03/003907|formulario|2026-10-05
FUENLABRADA|villaviciosadeodon2|Ámbito zonal Madrid|formulario|2026-10-05
FUENLABRADA|villaviciosadeodon2|MEMORIA CALIDADES|formulario|2026-10-05
FUENLABRADA|villaviciosadeodon2|PRESUPUESTO DEL CLIENTE|formulario|2026-10-05
FUENLABRADA|villaviciosadeodon2|ACTA DE APROBACION DEL PROYECTO JUNTA DE VECINOS|formulario|2026-10-05
FUENLABRADA|villaviciosadeodon2|ACTA DE APROBACION DEL PRESIDENTE DE LA JUNTA DE VECINOS|formulario|2026-10-05
FUENLABRADA|villaviciosadeodon2|APROBACION DE LA SOLUCION POR EL CLIENTE (ANTES DE VISAR)|formulario|2026-10-05
FUENLABRADA|zamora1-3-5|821683,45|formulario|2026-10-05
FUENLABRADA|zamora1-3-5|TL/015475/2023|formulario|2026-10-05
FUENLABRADA|zamora1-3-5|TL/010026/2026 (CFO)|formulario|2026-10-05
FUENLABRADA|zamora1-3-5|2025/DRN_01/000640|formulario|2026-10-05
FUENLABRADA|zamora1-3-5|DECLARACION RESPONSABLE|formulario|2026-10-05
FUENLABRADA|zamora1-3-5|Ámbito zonal Madrid|formulario|2026-10-05
FUENLABRADA|zamora1-3-5|Jefe de obra|formulario|2026-10-05
FUENLABRADA|zamora1-3-5|MEMORIA CALIDADES|formulario|2026-10-05
FUENLABRADA|zamora1-3-5|PRESUPUESTO DEL CLIENTE|formulario|2026-10-05
FUENLABRADA|zamora1-3-5|ACTA DE APROBACION DEL PROYECTO JUNTA DE VECINOS|formulario|2026-10-05
FUENLABRADA|zamora1-3-5|ACTA DE APROBACION DEL PRESIDENTE DE LA JUNTA DE VECINOS|formulario|2026-10-05
FUENLABRADA|zamora1-3-5|APROBACION DE LA SOLUCION POR EL CLIENTE (ANTES DE VISAR)|formulario|2026-10-05
FUENLABRADA|zamora25|TL/002151/2024|formulario|2026-10-05
FUENLABRADA|zamora25|2024/DRN_01/000109 -|formulario|2026-10-05
FUENLABRADA|zamora25|MEMORIA CALIDADES|formulario|2026-10-05
FUENLABRADA|zamora25|PRESUPUESTO DEL CLIENTE|formulario|2026-10-05
FUENLABRADA|zamora25|ACTA DE APROBACION DEL PROYECTO JUNTA DE VECINOS|formulario|2026-10-05
FUENLABRADA|zamora25|ACTA DE APROBACION DEL PRESIDENTE DE LA JUNTA DE VECINOS|formulario|2026-10-05
FUENLABRADA|zamora25|APROBACION DE LA SOLUCION POR EL CLIENTE (ANTES DE VISAR)|formulario|2026-10-05
