nombre_en_la_ficha|resultado|es|detalle
Addendum Abogados|ya estaba|ABOGADOS Y FINCAS COSLADA|lo resolvio Monica en la primera pasada; la ficha es de Coslada
Addendum Abogados ABOGADOS Y FINCAS COSLADA|ya estaba|ABOGADOS Y FINCAS COSLADA|idem
IMPE|ya estaba|ASERPEMAR|es PEDRO SANCHO, persona con puesto en ASERPEMAR
ANGEL FARELO|ya estaba|AEA FINCAS LEGANES|persona con puesto alli; por eso Administraciones FARO comparte fijo con AEA
Alfredo Armenteros|ya estaba|AFJLINARES|"es un despacho con dos personas, uno Alfredo y otro Jose" (Monica)
SUSANA MEJIAS|ya estaba|NOVAFINCAS|Susana Mejias Perez, administradora unica
INMA|ya estaba|IGM SERVICIOS JURIDICOS|Inmaculada Garcia Moreno
ANTONIO|ya estaba|LORMAN ADMINISTRACIONES, S.L.|Antonio es la persona de Lorman que lo lleva
FINCAS M3 de Fuenlabrada|ya estaba|M3 GESTION|dominio m3gestion.es. Calle Reinosa 4 Lc 2, 28941 Fuenlabrada. 914921889
Torres & Asociados Pedidos docs a novillo|ya estaba|TORRES & ASOCIADOS|el nombre llevaba el diario pegado
ONIX ABOGADOS (SEPT 2022)|ya estaba|ONIX ABOGADOS|idem
AGV ASOCIADOS - EDUARDO GARIJO|ya estaba|AGV ASOCIADOS|idem
ROEN|no es administrador|ROEN (contrata)|"es una contrata de SATE, no un admin" (Monica). Ya estaba en contratas
SERGIO|a mano, ficha a ficha|varios|11 fichas en 5 municipios. Los 6 de GETAFE son el Sergio de ADMINISTRACIONES JUANAS, que es de Getafe. Los otros 5 (Fuenlabrada x2, Alcala, Alcorcon, Pozuelo) son personas distintas
SANFER|alta nueva|ADMINISTRACIONES Y FINCAS SANFER, S.L|contacto: "Marcos". OJO: en nardos 2 esta tachado y pasa a ONIX ABOGADOS (Sandra Quero, fincas@onixabogados.com)
FINCASE|alta nueva|FINCASE|dominio fincase.net. NO es FINCAS ENCASA, son dos distintas (Monica). Administradores alli: Daniel en Naciones 22, Oscar en Chipre 1 y Plaza Paris 8. En Pozuelo 17 ya no lo lleva: paso a ONIX ABOGADOS en mayo 2023
ELITE GESTION|alta nueva|ELITE GESTION|
SERVICASA|alta nueva|SERVICASA|
JORGE ADMINISTRADOR|alta nueva|ASESORIA ROMBO SL|Calle Serranillos 22 bajo local, 28902 Getafe. 916837560 / 916813054. Administrador alli: "Jorge"
ADMINISTRACION GEINSA|alta nueva|ASESORIA JURIDICO-FINANCIERA GEINSA SL|Plaza Posada de San Antonio 2, 28912 Leganes. Contacto: Gonzalo Fernandez Partido, 636173514, gonferpar@yahoo.es
PURIFICACION FERNANDEZ|alta nueva|PURIFICACION FERNANDEZ ABOGADA|Calle la Sal 52, 28981 Parla. 916057305. info@pfabogada.com. La administradora: Purificacion Fernandez del Olmo. Comprobado que NO esta en la base por nombre, correo ni telefono
PURIFICACIÓN FERNÁNDEZ|alta nueva|PURIFICACION FERNANDEZ ABOGADA|idem
ASESORES PORTILLO|alta nueva|ASES PORTILLO SLP|Avenida Plaza de Toros 3, 1o y 2o B, 28701 San Sebastian de los Reyes. 916516755 / 916545138 / 916516532. CIF B80144579
ADMON ?|alta nueva|JOSE TERRATS ASESORES|"es de Alvaro, no localizo ningun dato mas, le pregunto a el" (Monica)
