tanda|municipio|carpetas|nombres
1|CUBAS DE LA SAGRA|1|losbrezos14-2
1|FRESNEDILLAS DE LA OLIVA|1|granjadesanantonio7
1|MECO|1|avenidadelaluz11
1|SEVILLA LA NUEVA|1|carrildelascharcas18
1|TORRELAGUNA|1|santabarbara20
1|VELILLA DE SAN ANTONIO|1|avilustración24
1|VILLAFRANCA DEL CASTILLO|1|castillodemalpica32
1|ARROYOMOLINOS|2|direccion pendiente concretar, islacristina1
1|ESTREMERA|2|EL MOLAR, paz5
1|GUADARRAMA|2|pradodesanjuan46, santamonica4
2|SAN MARTIN DE VALDEIGLESIAS|2|avmadrid42, carrefourmarket
2|AJALVIR|3|avjuancarlosI10A-B, valentinagarcialopez1, valentinagarcialopez3
2|ALGETE|3|avmonte89 - urb santodomingo, mercado8, montealbillo5
2|ARGANDA DEL REY|3|colonialosalmendros9, laton8, valladolid5
2|COLLADO VILLALBA|3|lassuertes60, picodecotos63, plazalosbelgas12
2|GRIÑON|3|carlosruiz3, cañadatoledana2, nuevogriñon1
2|SAN LORENZO DEL ESCORIAL|3|lepanto9, sanfrancisco2, velazquez21a31
2|VALDEMORO|3|andalucia9-9b-11, avmarmediterraneo79-109garaje, paseodelarambla13
2|LAS ROZAS|4|mieses2, miradordelpardo7, rondaplazuela9, tajo8
2|TORRELODONES|4|avdelosrobles22, carreterradegalapagar, josemariamoreno8, julioherrero6
2|COLMENAR VIEJO|5|losresidenciales10, madrid2, planetas5, sanjuandelacruz38, santodomingodeguzman5
2|HUMANES DE MADRID|5|madrid38-40, madrid79, osiris17-19, santiagoramonycajal9, vicentealeixandre15
2|MEJORADA DEL CAMPO|5|elgreco12, elgreco13, elgreco5, losolivos2, ter25
2|POZUELO DE ALARCON|5|angelbarajas4, aragon-cerrolaza, callejón Felipe González 1, sevilla7(solo hay escaneo), tubo5
2|TRESCANTOS|5|foresta17, literatos27, sectordescubridores2, sectordescubridores46, sectormusicos15
2|VILLAREJO DE SALVANES|5|juandeaustria9, lopedevega2, lopedevega4, mesones3, urbjardindevillarejo
2|MAJADAHONDA|6|Urb. Puente Blanca, avespaña37-39-41, puertodecanencia10, realalta1, sanjuan10 12 14, viento5
2|BOADILLA DEL MONTE|7|BUITRAGO DE LOZOYA, avisabeldefarnesio6, gaudi10, joseantonio38, juancarlosI31, nueva2, paseomadrid8
2|SAN FERNANDO DE HENARES|9|avirun7, avzarauz29, eugeniademontijo4, federicogarcialorca8, libertad3, lisboa8, nazariogalonge5-7, rafaelsanchezferlosio17, vergara18
2|COSLADA|14|albacete3, avenidalisboa28, avenidaroma 33, 35, 37, avlosprincipesdeespaña17, avlosprincipesdeespaña17-19pry_conj, avlosprincipesdeespaña19, avsanpablo55, begoña2, caceres2, honduras20, iglesia2, iglesia4, mejico39, nuestraseñoradelloreto1
2|VILLAVICIOSA DE ODON|16|abrevadero2portal10, abrevadero2portal12, abrevadero2portal14, abrevadero2portal16, abrevadero2portal2, abrevadero2portal4, abrevadero2portal42, abrevadero2portal6, abrevadero2portal8, abrevadero2zonascomunes-garaje, alférezluismartíndevidales2, federicolatorre1, fuentecilla12, guadalajara22, guadarrama22, riansares7
2|PINTO|18|PedroRubindeCelis28, avespaña27, buenamadre6, buenamadre9, castilla13, costarica11, costarica9, darro8, delmolino8, egidodelafuente13, federicogarcialorca42, galicia6, galicia8, islascanarias24, perales11, poetavillaespesa2, salvadordali6, travesiadesanemilio2
2|TORREJON DE ARDOZ|28|arroyo1, belgrado1, belgrado2, belgrado3, chile5, ciudadreal11, cobre18, copenhague14, delacruz9, delasfuentes3portal4, hernancortes5-7, hilados12, iglesia4, londres13, londres15, maestroturina12, milan1, milan19-31 florencia19-21 avmadrid 19, milan3, milan7, milan9, palermo7, pizarro4, sanfelipe3, sanfelipe4, segovia18, silicio23, torrejon12
2|ARANJUEZ|34|San Pascual 17 rehabilitacion, abastos78, alondra4, andresmartinez20, cuarteles130, cuestadelasperdices33, cuestadelasperdices37, delrey37, eras3, faisanes15, faisanes25, florida32, foso104, foso124, glorietadetamarindo2, glorietadetamarindo4, hospital1, inasa4, infantas13, jesus3, jesus40, manuelsaavedra11, mariblanca10, mariblanca8, moreras1, moreras19, moreras7, postas80, principe34, sanpascual17 ascensor, sanpedro6, santiagorusiñol12, virgendelasnieves40, zorzales3
