carpeta,estado,comunidad,comunidad_id,cif_en_base,parecido,n_tarjetas,ruta,nif_leido,denominacion_leida,como_se_lee
arroyo1,casa,ARROYO 1 TORREJON DE ARDOZ,47b2591d-eeaa-46e3-ae79-f8c36bf8719c,H79740551,1.0,1,MADRID\1APROVINCIA\TORREJON DE ARDOZ\arroyo1\1.DATOS\2.DOCUMENTACION\CIF ARROYO 1.pdf,,,mirar
belgrado1,sin pareja,MILAN 1 TORREJON DE ARDOZ,1f76e438-2b66-445b-ac01-6bfe6e7ff7e7,H79887956,0.4,0,,,,sin tarjeta
belgrado2,casa,BELGRADO 2 TORREJON DE ARDOZ,b631b782-4861-421d-8173-405de7f8c581,H80572191,1.0,1,MADRID\1APROVINCIA\TORREJON DE ARDOZ\belgrado2\1.DATOS\2.DOCUMENTACION\CIF.pdf,,,mirar
belgrado3,casa,BELGRADO 3 TORREJON DE ARDOZ,f7488881-fe3f-4553-ab67-2a3f9b6b72b4,,1.0,1,MADRID\1APROVINCIA\TORREJON DE ARDOZ\belgrado3\PROYECTO\SUBVENCION CAM 2021\34 cif.pdf,,,mirar
chile5,sin pareja,,,,0.0,0,,,,sin tarjeta
ciudadreal11,sin pareja,,,,0.0,0,,,,sin tarjeta
cobre18,casa,COBRE 18 TORREJON DE ARDOZ,e5c71cab-f2e1-4875-84ac-05fabb7ceca4,52118110H,1.0,0,,,,sin tarjeta
copenhague14,sin pareja,,,,0.0,1,MADRID\1APROVINCIA\TORREJON DE ARDOZ\copenhague14\PROYECTO\SUBVENCION CAM 2021\93 cif (2).pdf,,,mirar
delacruz9,sin pareja,MILAN 9 TORREJON DE ARDOZ,80609745-dbc7-4c75-8945-d12510408b6d,H79888012,0.4,0,,,,sin tarjeta
delasfuentes3portal4,sin pareja,,,,0.0,0,,,,sin tarjeta
hernancortes5-7,casa,HERNAN CORTES 5-7 TORREJON DE ARDOZ,5d02b4d4-475e-4883-bee1-3a06b52738b8,,1.0,0,,,,sin tarjeta
hilados12,sin pareja,MAESTRO TURINA 12 TORREJON DE ARDOZ,5b6ad511-d601-4fb3-bc97-bc8670d4e9c3,H82385857,0.33,0,,,,sin tarjeta
iglesia4,sin pareja,,,,0.0,0,,,,sin tarjeta
londres13,casa,LONDRES 13 TORREJON DE ARDOZ,24e881a3-9780-4940-9495-9ac07bbff503,H79888046,1.0,1,MADRID\1APROVINCIA\TORREJON DE ARDOZ\londres13\1.DATOS\2.DOCUMENTACION\CIF LONDRES  13.pdf,,,mirar
londres15,casa,LONDRES 15 TORREJON DE ARDOZ,65eb9219-e13c-48d2-b745-5a62574c24b9,H78912938,1.0,1,MADRID\1APROVINCIA\TORREJON DE ARDOZ\londres15\1.DATOS\2.DOCUMENTACION\CIF LONDRES 15.pdf,,,mirar
maestroturina12,casa,MAESTRO TURINA 12 TORREJON DE ARDOZ,5b6ad511-d601-4fb3-bc97-bc8670d4e9c3,H82385857,1.0,1,MADRID\1APROVINCIA\TORREJON DE ARDOZ\maestroturina12\1.DATOS\2.DOCUMENTACION\CIF.pdf,,,mirar
milan1,casa,MILAN 1 TORREJON DE ARDOZ,1f76e438-2b66-445b-ac01-6bfe6e7ff7e7,H79887956,1.0,1,MADRID\1APROVINCIA\TORREJON DE ARDOZ\milan1\1.DATOS\2.DOCUMENTACION\CIF MILAN 1.pdf,,,mirar
milan19-31 florencia19-21 avmadrid 19,sin pareja,,,,0.0,0,,,,sin tarjeta
milan3,casa,MILAN 3 TORREJON DE ARDOZ,9cfa0a50-3c1c-4e0a-a55c-a054cc80ee5a,H79887980,1.0,1,MADRID\1APROVINCIA\TORREJON DE ARDOZ\milan3\1.DATOS\2.DOCUMENTACION\CIF MILAN 3.pdf,,,mirar
milan7,casa,MILAN 7 TORREJON DE ARDOZ,3891eed3-3c28-4de9-8bf9-74354bb25220,H79888087,1.0,1,MADRID\1APROVINCIA\TORREJON DE ARDOZ\milan7\1.DATOS\2.DOCUMENTACION\CIF MILAN 7.pdf,,,mirar
milan9,casa,MILAN 9 TORREJON DE ARDOZ,80609745-dbc7-4c75-8945-d12510408b6d,H79888012,1.0,1,MADRID\1APROVINCIA\TORREJON DE ARDOZ\milan9\1.DATOS\2.DOCUMENTACION\CIF MILAN 9.pdf,,,mirar
palermo7,casa,PALERMO 7 TORREJON DE ARDOZ,d670593a-6486-433f-8095-4b566096ae68,H80688732,1.0,3,"MADRID\1APROVINCIA\TORREJON DE ARDOZ\palermo7\1.DATOS\2.DOCUMENTACION\CIF PALERMO, 7.pdf",,,mirar
pizarro4,sin pareja,,,,0.0,0,,,,sin tarjeta
sanfelipe3,casa,SAN FELIPE 3 TORREJON DE ARDOZ,8f67e749-0801-41b7-9461-706e0fceb218,,1.0,0,,,,sin tarjeta
sanfelipe4,sin pareja,,,,0.0,0,,,,sin tarjeta
segovia18,sin pareja,COBRE 18 TORREJON DE ARDOZ,e5c71cab-f2e1-4875-84ac-05fabb7ceca4,52118110H,0.38,0,,,,sin tarjeta
silicio23,sin pareja,,,,0.0,0,,,,sin tarjeta
torrejon12,casa,TORREJON 12 TORREJON DE ARDOZ,ae5ab020-2f11-4334-966e-5ec17f4b1128,H79888145,1.0,1,MADRID\1APROVINCIA\TORREJON DE ARDOZ\torrejon12\1.DATOS\2.DOCUMENTACION\CIF TORREJON 12.pdf,H79888145,CDAD PROP CALLE TORREJON 12,texto
