E203	HONTANILLAS, 2 SSR - 15 07 2025 - PROY ASCENSOR CONS VINCULANTE
E204	MAGDALENA 3 GETAFE - 31 03 2026 - MEMORIA
E205	NUESTRA SEÑORA DE SOLEDAD 20 MADRID - 23 10 2025 - TRAM SUB
E206	NURIA 28-32 MADRID - 06 02 2026 - SUB
E207	POLVORANCA 26 LEGANES - 23 01 2026 - CONSASC
E208	PUERTO DE COTOS 11 MADRID - 16 05 2026 - PRY BAJADA COTA 0 Y MODIF.ASC
E209	Pinguino, 9 Madrid - 30 05 2025 - PRY ACCESIBILIDAD
E210	SAN CLAUDIO 99 MADRID - 29 04 2026 - PRY ASC+CSS
E211	VIRGEN DE ICIAR 17 ALCORCON - 02 10 2025 - NUEVA DR
E237	HOJA DE ENCARGO JARAMA 24 ALCOBENDAS  pry y df (3) (1)
E239	REPULLES Y VARGAS 7 MADRID HOJA ENCARGO SUBVENCION fijo pry propio 13-05-2025
E242	SAN NICOLAS 19 LEGANES HOJA ENCARGO SUBVENCION fijo pry propio 28-03-2025
E245	HOJA DE ENCARGO REAL VIEJA 8 SAN SEBASTIAN DE LOS REYES  pry y df 18 03 2025
E246	HOJA ENCARGO real vieja 8 san sebastian de los reyes SUBVENCION fijo pry propio 18 03 2025
