Arec_000		ALBUFERA 250 MADRID - 09 06 2025 - SUBV CON CESION CAES
Arec_001		AV DOCTOR GARCIA TAPIA NUM 133-135-137 MADRID - 23 03 2026 - DR
Arec_002		AV ESPAÑA 9 FUENLABRADA  - 27 11 2025 - PRY ACC RAMPA
Arec_003		AV MORATALAZ 21 MADRID - 06 11 2025 - IEE
Arec_004		AVILA 3 ALCORCON - 15 09 2026 - CSS
Arec_005		BARBIERI 9 MADRID - 20 08 2025 - PRY+SUBV
Arec_006		BATALLA DE CLAVIJO 7 LEGANES - 22 01 2026 - LIBRO DEL EDIFICIO
Arec_007		CALLE TURQUIA 22 FUENLABRADA - 20 08 2026 - SUBVENCIÓN EFICIENCIA ENERGÉTICA
Arec_008		CARRETERA DE LLIRIA 10 BURJASOT VALENCIA - 23 12 2025 - CSS Y DF
Arec_009		CAÑADA 8 MADRID - 26 01 2026 - INFORME TÉCNICO DE SUBSANACIÓN DE DEFICIENCIAS
Arec_010		CONDESA DE TEBA 21 MADRID - 10 12 2025 - INS ASCENSOR
Arec_011		DELICIAS 7 FUENLABRADA - 31 10 2025 - PRY ASC
Arec_012		ERAS 9 FUENLABRADA - 14 10 2025 - DECLARACION RESPONSABLE
Arec_013		GENERAL SERRANO ORIVE 1 MADRID - 16 05 2026 - PRY ASC + SUBV
Arec_014		GUADALETE 6 MADRID - 07 04 2026 - SUBV SATE PRY EXT
Arec_015		ITALIA 35 FUENLABRADA - 07 04 2026 - CSS PARA OBRA DE ACCESIBILIDAD
Arec_016		MARTELL 28 - 07 04 2026 - TRAMITACIÓN SUBVENCIONES
Arec_017		PLAZA DE PARÍS 7 FUENLABRADA - 26 01 2026 - PROY ASC PENDIENTE DE PAGO
Arec_018		ZAMORA 1,3 Y 5 FUENLABRADA - 28 10 2025 - CSS
