A24_000		CACERES 20 ALCORCON - 14 07 2025 - PRY+SUBV
A24_001		CAMINO DE VALDERRIBAS 96 MADRID - 19 06 2025 - PRY+SUBV-modif
A24_002		CARDEÑOSA 34 MADRID - 05 06 2025 - PRY+SUB
A24_003		DOCTOR VALLEJO 39 MADRID - 23 07 2025 - PRY+SUBV
A24_004		Datil, 7 Madrid - 02 06 2025 - PRY ASCENSOR
A24_005		GENERAL RICARDOS 238 MADRID - 26 12 2025 - PRY ASC + SUBV
A24_006		HERMANOS MACHADO 41 MADRID - 24 06 2025 - PRY+SUBV
A24_007		HERMENEGILDO BIELSA 27 MADRID - 16 06 2025 - PRY+SUBV
A24_008		Jarama, 1 San Sebastian de los Reyes - 03 06 2025 - PRY
A24_009		SIERRA GADOR 50 MADRID - 23 09 2025 - PRY+SUBV
A24_010		VALDECANILLAS 51 MADRID - 09 09 2025 - PRY RAMPA+SUBV
