E188	ALFREDO CASTRO CAMBA 24 MADRID  - 03 06 2025 - SUB CAM25 DEL BRIO
E189	ALZINA 3 MADRID - 03 11 2025 - TRAM SUB
E190	ANTONIO MORENO 18 MADRID - 23 02 2026 - SUBEXTER
E191	AV COLMENAR VIEJO 8 SAN SEBASTIAN DE LOS REYES - 21 05 2026 - PRY ASC+CSS
E192	AV DOCTOR GARCIA TAPIA NUM 133-135-137 MADRID - 20 02 2026 - DF Y CERTIFICADO DE IDONIEDAD
E193	AV LOS PRINCIPES DE ESPAÑA 17 Y 19 COSLADA . - 16 01 2026 - PRY ACC RAMPA
E194	BRAVO MURILLO 177 MADRID - 22 05 2026 - PRY 2 ASCENSORES Y ENVOLVENTE TÉRMICA
E195	BRUNO AYLLON 3 MADRID - 29 09 2025 - RH PARCIAL (2)
E196	CALLE CAÑADA 22 ALCORCÓN  - 20 05 2026 - PRY ASC
E197	CASTILLA LA NUEVA 37 FUENLABRADA - 15 12 2025 - ACCE RAMPA
E198	CASTILLO DE SIMANCAS 7 MADRID - 20 10 2025 - RH PARCIAL
E199	ESTOCOLMO 6 MOSTOLES  - 26 05 2026 - PRY SATE
E200	FRANCISCO FATOU 24 MADRID - 26 05 2026 - TRAMITACIÓN SUBVENCIONES EXTERNO
E201	GENIL 5 MADRID - 11 09 2026 - PROYECTO PARA SUSTITUCIÓN ASCENSORES
E202	HACIENDA PAVONES 151 MADRID - 14 07 2025 - SATE + ASC + SUBV
E203	HONTANILLAS, 2 SSR - 15 07 2025 - PROY ASCENSOR CONS VINCULANTE
E204	MAGDALENA 3 GETAFE - 31 03 2026 - MEMORIA
E205	NUESTRA SEÑORA DE SOLEDAD 20 MADRID - 23 10 2025 - TRAM SUB
E206	NURIA 28-32 MADRID - 06 02 2026 - SUB
E207	POLVORANCA 26 LEGANES - 23 01 2026 - CONSASC
E208	PUERTO DE COTOS 11 MADRID - 16 05 2026 - PRY BAJADA COTA 0 Y MODIF.ASC
E209	Pinguino, 9 Madrid - 30 05 2025 - PRY ACCESIBILIDAD
E210	SAN CLAUDIO 99 MADRID - 29 04 2026 - PRY ASC+CSS
E211	VIRGEN DE ICIAR 17 ALCORCON - 02 10 2025 - NUEVA DR
E237	HOJA DE ENCARGO JARAMA 24 ALCOBENDAS  pry y df (3) (1)
E239	REPULLES Y VARGAS 7 MADRID HOJA ENCARGO SUBVENCION fijo pry propio 13-05-2025
E242	SAN NICOLAS 19 LEGANES HOJA ENCARGO SUBVENCION fijo pry propio 28-03-2025
E245	HOJA DE ENCARGO REAL VIEJA 8 SAN SEBASTIAN DE LOS REYES  pry y df 18 03 2025
E246	HOJA ENCARGO real vieja 8 san sebastian de los reyes SUBVENCION fijo pry propio 18 03 2025
