E000	ALBALATE DEL ARZOBISPO 5 MADRID - 03 06 2025 - SUBV CAM 25 DEL BRIO
E004	ALZINA 3 MADRID - 03 11 2025 - INS ASCENSOR
E008	AV CASTILLA 2-4-6 ALCALA DE HENARES - 29 05 2026 - CSS
E012	AVDA PORTUGAL 23 LEGANES - 22 05 2026 - PRY ASCENSOR
E016	AYAMONTE 2 A-B MADRID - 16 02 2026 - SUBVENCIONES
E020	BOLSA 3 MADRID - 22 05 2026 - PRY ASCENSOR
E024	CARLOS ARNICHES 25 MADRID - 28 01 2026 - CSS
E028	CASTELLON 1 MOSTOLES - 06 11 2025 - CSS
E032	CAÑADA 8 MADRID - 14 07 2025 - SATE + SUBV + CESION CAES
E037	ESTOCOLMO 6 MOSTOLES  - 26 05 2026 - SUBV PRY PROP
E041	FELIPE CASTRO 5 MADRID - 22 01 2026 - CSS
E045	GUADALETE 6 MADRID - 07 07 2025 - TRA SUBVENCIONES
E049	IGLESIA 22 ALCORCON - 23 03 2026 - CSS Y DF 02-06-26 modif forma de pago
E053	LAS PALMAS 43 MOSTOLES - 06 03 2026 - PRY ACCS
E057	MARTELL 27 MADRID - 16 06 2025 - PRY + SUBV
E061	MOSTOLES 3 PORTAL 7 FUENLABRADA - 03 03 2026 - CSS
E065	NUESTRA SEÑORA DE SOLEDAD 20 MADRID - 23 10 2025 - INS ASC
E069	PASEO DE LA HABANA 80 MADRID - 09 07 2026 - PRY SATE Y ACC +CSS
E073	PASEO DE SAN ILLAN 3 MADRID  - 05 06 2026 - TRAMITACIÓN SUBVENCIONES
E077	PAULAR 1 FUENLABRADA  - 17 09 2025 - SATE +SUBV
E081	PRINCIPE 18 MADRID - 23 06 2026 - TRAMITACIÓN SUBVENCIONES
E085	RIO DUERO 12 LEGANES - 27 02 2026 - CSS
E089	SAN DAMASO 4 MADRID - 18 06 2025-MODIFICACION DE CONDICIONES  - PRY+SUBV
E093	SAN IGNACIO 6 ALCORCON - 17 07 2026 - SUBV PROY PROP
E097	VALDEVERDEJA 31 MADRID - 26 08 2025 - PRY+SUBV
E101	ZAMORA 6 FUENLABRADA - 11 12 2025 - PROY ASC
E161	LICENCIADO VIDRIERA 5 MADRID HOJA ENCARGO SUBVENCION fijo pry propio 04-04-2025
