2024-10-28	PRESUPUESTOS FIRMADOS/valdesangil 14 a 24 madrid subvenciones a exito pry externo 28-10-2024.pdf	PRESUPUESTOS ENVIADOS/HOJA ENCARGO VALDESANGIL 14 AL 24 MADRID SUBVENCION .docx
2024-11-05	PRESUPUESTOS FIRMADOS/FERNANDEZ DE LOS RIOS 38 MADRID INFORME ESTRUCTURAL 05-11-2024.pdf	PRESUPUESTOS ENVIADOS/HOJA ENCARGO FERNANDEZ DE LOS RIOS 38 MADRID.docx
2024-11-15	PRESUPUESTOS FIRMADOS/av dos de mayo 73 mostoles subvenciones 15-11-2024.pdf	PRESUPUESTOS ENVIADOS/HOJA ENCARGO av dos de mayo 73 mostoles SUBVENCION fijo pry propio transferencia (1).pdf
2024-11-20	PRESUPUESTOS FIRMADOS/VILLALON 1 FUENLABRADA - SUBVENCIONES PRY EXTERNO 20-11-2024.pdf	PRESUPUESTOS ENVIADOS/HOJA DE ENCARGO villalon 1 fuenlabrada SUBVENCIONES SATE Y NG fijo + EXITO.docx
2024-11-21	PRESUPUESTOS FIRMADOS/solsona 7 madrid pry df css e iee 21-11-2024.pdf	PRESUPUESTOS ENVIADOS/HOJA DE ENCARGO solsona 7 madrid ASCENSOR + CSS + IEE UREKA .docx
2024-11-27	PRESUPUESTOS FIRMADOS/no vale ESCUELAS PIAS 1 ALCALA DF Y CSS PRY EXTERNO 27-11-2024.pdf	PRESUPUESTOS MODELOS/CEGA ASCENSORES/no vale ESCUELAS PIAS 1 ALCALA DF Y CSS PRY EXTERNO 27-11-2024.pdf
2024-12-17	PRESUPUESTOS FIRMADOS/JOSUE LILLO 5 MADRID 17-12-2024 (2).pdf	PRESUPUESTOS ENVIADOS/HOJA DE ENCARGO JOSUE LILLO 5 MADRID PRY ASC.docx
2025-01-03	PRESUPUESTOS FIRMADOS/ALTAMIRANO 48 MADRID SUBVENCIONES 03-01-2025.pdf	PRESUPUESTOS ENVIADOS/HOJA DE ENCARGO ALTAMIRANO 48 MADRID SUBV ENERGETICA.docx
2025-01-03	PRESUPUESTOS FIRMADOS/GINZO DE LIMIA 55 MADRID calculo estructural 03-01-2025.pdf	PRESUPUESTOS ENVIADOS/HOJA ENCARGO GINZO DE LIMIA 55 MADRID.docx
2025-01-04	PRESUPUESTOS FIRMADOS/GINZO DE LIMIA 55 MADRID INSTRUCCIONES FAIN FACTURAS A 04-01-2025.pdf	PRESUPUESTOS ENVIADOS/HOJA ENCARGO GINZO DE LIMIA 55 MADRID.docx
2025-01-13	PRESUPUESTOS FIRMADOS/CASTILLA LA NUEVA 33 FUENLABRADA 13-01-2025.pdf	PRESUPUESTOS ENVIADOS/HOJA DE ENCARGO castilla la nueva 33 fuenlabrada ACCESIBILIDAD PRY+DF.docx
2025-01-30	PRESUPUESTOS FIRMADOS/PEIRONCELY 40 MADRID SUBV CUBIERTA 30-01-2025.pdf	PRESUPUESTOS ENVIADOS/PEIRONCELY 40 MADRID HOJA DE ENCARGO SUBVENCIONES 22-01-2025.docx
2025-02-05	PRESUPUESTOS FIRMADOS/SANTA EDUVIGIS 5 MADRID ASC 05-02-2025.gdoc	PRESUPUESTOS ENVIADOS/SANTA EDUVIGIS 5 MADRID ASCENSOR + SUBV 31-01-2025.docx
2025-02-05	PRESUPUESTOS FIRMADOS/SANTA EDUVIGIS 5 MADRID ASC 05-02-2025.pdf	PRESUPUESTOS ENVIADOS/SANTA EDUVIGIS 5 MADRID ASCENSOR + SUBV 31-01-2025.docx
2025-02-17	PRESUPUESTOS FIRMADOS/HUMERA 16 FUENLABRADA FAIN BAJADA A COTA CERO 17-02-2025.pdf	PRESUPUESTOS ENVIADOS/HUMERA 16 FUENLABRADA COTA CERO FAIN PRY.docx
2025-02-18	PRESUPUESTOS FIRMADOS/av marques de corbera 30b madrid pry y subv 18-02-2025.pdf	PRESUPUESTOS ENVIADOS/HOJA DE ENCARGO av marques de corbera 30b madrid pry css df subvenciones.docx
2025-02-18	PRESUPUESTOS FIRMADOS/severo ochoa 10 fuenlabrada ascensor fain 18-02-2025.pdf	PRESUPUESTOS ENVIADOS/SEVERO OCHOA 10 FUENLABRADA HOJA DE ENCARGO ASCENSOR 18-02-2025.docx
2025-02-20	PRESUPUESTOS FIRMADOS/AVDA DE LA MANCHA 15 LEGANES SATE 20-02-2025.pdf	PRESUPUESTOS ENVIADOS/AV MANCHA 15 LEGANES SATE 17-02-2025.docx
2025-02-24	PRESUPUESTOS FIRMADOS/ANGEL BARAJAS 4 POZUELO ASCENSOR pry css df subvenciones_firmada 24-02-2025.pdf	PRESUPUESTOS ENVIADOS/ANGEL BARAJAS 4 POZUELO pry css df subvenciones.docx
2025-02-24	PRESUPUESTOS FIRMADOS/ESCUELAS PIAS 1 ALCALA DF Y CSS 24-02-2025.pdf	PRESUPUESTOS ENVIADOS/HOJA DE ENCARGO ESCUELAS PIAS 1 ALCALA solo DF y CSS.docx
2025-02-27	PRESUPUESTOS FIRMADOS/ILIADA 19 MADRID ASCENSOR Y SUBVENCIONES 27-02-2025.pdf	PRESUPUESTOS ENVIADOS/HOJA DE ENCARGO iliada 19 madrid ASCENSOR Y SUBV (2).docx
2025-03-07	PRESUPUESTOS FIRMADOS/RIO TORMES 1 MOSTOLES HE DF+CSS 07-03-2025 (1).pdf	PRESUPUESTOS ENVIADOS/RIO TORMES 1 MOSTOLES HE DF+CSS 05-03-2025.docx
2025-03-07	PRESUPUESTOS FIRMADOS/SALVADOR DALI 6 PINTO RAMPA Y REMODELACION PORTAL 07-03-2025.pdf	PRESUPUESTOS ENVIADOS/HOJA DE ENCARGO SALVADOR DALI 6 PINTO.docx
2025-03-12	PRESUPUESTOS FIRMADOS/AV PROVINCIAS 46 FUENLABRADA TRAMITACION DR 12-03-2025.pdf	PRESUPUESTOS ENVIADOS/AVENIDA DE LAS PROVINCIAS 46 FUENLABRADA TRAMITACION DR 11-03-2025.docx
2025-03-19	PRESUPUESTOS FIRMADOS/CASTILLA 20 LEGANES ASCENSOR CONSULTA Y LIC 19-03-2025.pdf	PRESUPUESTOS ENVIADOS/HOJA DE ENCARGO CASTILLA 20 LEGANES CONSULTA FAIN.docx
2025-03-21	PRESUPUESTOS FIRMADOS/AV PRESIDENTE CARMONA 5D MADRID 21-03-2025  pry y df_FIRMADO(1).pdf	HOJAS ENCARGO AUTOMATICAS/AV PRESIDENTE CARMONA 5 ESC D MADRID - 08 01 2026 - CSS.gdoc
2025-03-26	PRESUPUESTOS FIRMADOS/AV DEL OESTE 1-3 ALCORCON bajada a cota cero 26-03-2025.pdf	PRESUPUESTOS ENVIADOS/AV DEL OESTE 1-3 ALCORCON COTA CERO PRY COINSA 25-03-2025.docx
2025-04-02	PRESUPUESTOS FIRMADOS/FLORIDA 32 ARANJUEZ - CODIGOS DE PEDIDO desglose 02-04-2025.pdf	PRESUPUESTOS ENVIADOS/HOJA ENCARGO florida 32 aranjuez SUBVENCION fijo pry propio.pdf
2025-04-23	PRESUPUESTOS FIRMADOS/NAZARET 14 FUENLABRADA ASCENSOR DF Y CSS 23-04-2025.pdf	PRESUPUESTOS ENVIADOS/NAZARET 14 FUENLABRADA ASCENSOR 07-04-2025.docx
2025-05-28	PRESUPUESTOS FIRMADOS/CAMARENA 75 MADRID ASCENSOR SCHINDLER 28-05-2025.pdf	PRESUPUESTOS ENVIADOS/CAMARENA 75 MADRID HOJA DE ENCARGO ASCENSOR 27-03-2025.docx
2025-05-28	PRESUPUESTOS FIRMADOS/CAMARENA 75 MADRID SCHINDLER OC 28-05-2025.pdf	PRESUPUESTOS ENVIADOS/CAMARENA 75 MADRID HOJA DE ENCARGO ASCENSOR 27-03-2025.docx
2025-06-03	PRESUPUESTOS FIRMADOS/CAMINO DE LOS VINATEROS 138 MADRID informe pericial 03-06-2025.pdf	HOJAS ENCARGO AUTOMATICAS/CAMINO DE LOS VINATEROS 138 MADRID- 02 06 2025 - INFORME FIN DE OBRA CORNISA.gdoc
2025-06-04	PRESUPUESTOS FIRMADOS/ENCOMIENDA DE PALACIOS 320 MADRID ascensor PRY+CSS 04-06-2025.pdf	PRESUPUESTOS ENVIADOS/ENCOMIENDA DE PALACIOS 320 MADRID ascensor PRY+CSS.docx
2025-06-04	PRESUPUESTOS FIRMADOS/SIENA 55 MADRID ascensor PRY+CSS 04-06-2025.pdf	PRESUPUESTOS ENVIADOS/SIENA 55 MADIRD ascensor PRY+CSS.docx
2025-06-10	PRESUPUESTOS FIRMADOS/CAÑADA 46 MADRID SUBVENCIONES RENOVACION 10-06-2025.pdf	PRESUPUESTOS ENVIADOS/CAÑADA 46 MADRID RENOVACION SUBV 23-01-2025.docx
2025-06-11	PRESUPUESTOS FIRMADOS/IMAGEN 32 MADRID SUBV EXTERNA 11-06-2025.pdf	HOJAS ENCARGO AUTOMATICAS/IMAGEN 32 MADRID - 03 06 2025 - SUB CAM25 DEL BRIO.gdoc
2025-06-12	PRESUPUESTOS FIRMADOS/VIRGEN DE LA OLIVA 47 MADRID SUBV PROY EXTERNO 12-06-2025.pdf	HOJAS ENCARGO AUTOMATICAS/VIRGEN DE LA OLIVA 47 MADRID - 12 06 2025 - SUBV PRY EXT.gdoc
2025-06-13	PRESUPUESTOS FIRMADOS/PLATINO 36 MADRID SATE DF CSS SUBV con CAES 13-06-2025.pdf	PRESUPUESTOS ENVIADOS/PLATINO 36 MADRID ASC+ SATE SUBV CON CESION CAES 31-03-2025.docx
2025-06-17	PRESUPUESTOS FIRMADOS/ALBERTO AGUILERA 68 MADRID SUBV EXTERNA A EXITO 17-06-2025.pdf	HOJAS ENCARGO AUTOMATICAS/Alberto Aguilera, 68 Madrid - 03 06 2025 - tra subvencion.gdoc
2025-06-17	PRESUPUESTOS FIRMADOS/AMANIEL 34 MADRID SUBV EXTERNA A EXITO 17-06-2025.pdf	HOJAS ENCARGO AUTOMATICAS/Amaniel, 34 - 03 06 2025 - TRA SUBVENCIONES.gdoc
2025-06-19	PRESUPUESTOS FIRMADOS/ALHELI 6 LEGANES ASC DF CSS SUBV 19-06-2025.pdf	HOJAS ENCARGO AUTOMATICAS/ALHELÍ 6 LEGANES - 12 06 2025 - PRY+SUBV FAIN.gdoc
2025-06-19	PRESUPUESTOS FIRMADOS/AV MARQUES DE CORBERA 32B MADRID PRY ASC CSS Y SUBV 19-06-2025.pdf	PRESUPUESTOS ENVIADOS/AV MARQUES DE CORBERA 32B MADRID HE ASCENSOR Y SUBV 05-05-2025.docx
2025-06-23	PRESUPUESTOS FIRMADOS/CASTILLEJOS 23 FUENLABRADA - 23-06-2025 - RENOVACION SUBV.pdf	HOJAS ENCARGO AUTOMATICAS/CASTILLEJOS 23 FUENLABRADA - 23 06 2025 - RENOVACION SUBV.gdoc
2025-06-26	PRESUPUESTOS FIRMADOS/PEDRO LABORDE 58 MADRID SUBV EXTERNA 26-06-2025.pdf	HOJAS ENCARGO AUTOMATICAS/PEDRO LABORDE 58 MADRID   - 03 06 2025 - SUBV CAM 25 DEL BRIO.gdoc
2025-06-27	PRESUPUESTOS FIRMADOS/SIERRA DEL VALLE 52 MADRID SUBV EXTERNA 27-06-2025.pdf	HOJAS ENCARGO AUTOMATICAS/SIERRA DEL VALLE 52 MADRID - 03 06 2025 - SUBV CAM 25 DEL BRIO.gdoc
2025-06-30	PRESUPUESTOS FIRMADOS/CASABERMEJA 2 MADRID SUBVENCION EXTERNA 30-06-2025.pdf	HOJAS ENCARGO AUTOMATICAS/CASABERMEJA 2 MADRID - 03 06 2025 - SUBV CAM 25 DEL BRIO.gdoc
2025-06-30	PRESUPUESTOS FIRMADOS/LLANOS DE ESCUDERO 8 MADRID ASCENSOR ROSERSESE 30-06-2025.pdf	HOJAS ENCARGO AUTOMATICAS/LLANOS DE ESCUDERO 8 MADRID - 27 06 2025 - PRY ROSERSESE.gdoc
2025-07-07	PRESUPUESTOS FIRMADOS/BILBAO 1 ALCORCON SOLO IEE 07-07-2025.pdf	HOJAS ENCARGO AUTOMATICAS/BILBAO 1 ALCORCON - 02 07 2025 - IEE.gdoc
2025-07-07	PRESUPUESTOS FIRMADOS/CARLOS MARTIN ALVAREZ 104 MADRID SUBV EXTERNA 07-07-2025.pdf	HOJAS ENCARGO AUTOMATICAS/CARLOS MARTIN ALVAREZ 104 MADRID - 03 06 2025 - SUBV CAM 25 DEL BRIO.gdoc
2025-07-07	PRESUPUESTOS FIRMADOS/PRINCESA 25 ALCORCON SOLO IEE 07-07-2025.pdf	HOJAS ENCARGO AUTOMATICAS/PRINCESA 25 ALCORCON - 02 07 2025 - IEE.gdoc
2025-07-07	PRESUPUESTOS FIRMADOS/SIERRA DE MOLINA 11 MADRID SUBV EXTERNA 07-07-2025.pdf	HOJAS ENCARGO AUTOMATICAS/SIERRA DE MOLINA 11 MADRID - 03 06 2025 - SUBV CAM 25 DEL BRIO.gdoc
2025-07-07	PRESUPUESTOS FIRMADOS/VIRGEN DE ICIAR 22 ALCORCON SOLO IEE 07-07-2025.pdf	HOJAS ENCARGO AUTOMATICAS/VIRGEN DE ICIAR 22 ALCORCON - 02 07 2025 - IEE.gdoc
2025-07-08	PRESUPUESTOS FIRMADOS/GUANCHA 1 MADRID ASC DF CSS Y SUBV 08-07-2025.pdf	HOJAS ENCARGO AUTOMATICAS/GUANCHA 1 MADRID - 25 06 2025 - PRY+SUBV.gdoc
2025-07-11	PRESUPUESTOS FIRMADOS/FRAY JOSE CERDEIRIÑA 66 MADRID CEGA ASCENSOR Y SUBV 11-07-2025.PDF	HOJAS ENCARGO AUTOMATICAS/FRAY JOSÉ CERDEIRIÑA 66 MADRID - 07 07 2025 - PRY+SUBV.gdoc
2025-07-11	PRESUPUESTOS FIRMADOS/NUÑO GOMEZ 16 MADRID CEGA ASCENSOR Y SUBV 11-07-2025.PDF	HOJAS ENCARGO AUTOMATICAS/NUÑO GOMEZ 16 MADRID - 07 07 2025 - PRY+SUBV.gdoc
2025-07-11	PRESUPUESTOS FIRMADOS/VIDRIERIA 3 MADRID CEGA ASCENSOR Y SUBV 11-07-2025.PDF	HOJAS ENCARGO AUTOMATICAS/VIDRIERIA 3 MADRID - 07 07 2025 - PRY+SUBV.gdoc
2025-07-15	PRESUPUESTOS FIRMADOS/LOPEZ GRASS 42 MADRID SUBV EXTERNA 15-07-2025.pdf	HOJAS ENCARGO AUTOMATICAS/LOPEZ GRASS 42 MADRID - 03 06 2025 - SUB CAM25 DEL BRIO.gdoc
2025-07-16	PRESUPUESTOS FIRMADOS/PONTEVEDRA 1 MOSTOLES rosersese asc df y css 16-07-2025.pdf	HOJAS ENCARGO AUTOMATICAS/PONTEVEDRA 1 MOSTOLES - 16 07 2025 - PRY+CSS.gdoc
2025-07-18	PRESUPUESTOS FIRMADOS/GONZALO CESPEDES 21 MADRID SATE 18-07-2025.pdf	HOJAS ENCARGO AUTOMATICAS/GONZALO DE CESPEDES 21 MADRID - 10 06 2025 - SATE SIN CAES ROEN.gdoc
2025-07-24	PRESUPUESTOS FIRMADOS/HACIENDA PAVONES 222 MADRID SATE+ASC+SUBV 24-07-2025 cobrar en octubre.pdf	HOJAS ENCARGO AUTOMATICAS/HACIENDA PAVONES 222 MADRID - 18 07 2025 - SATE+ASC+SUBV.gdoc
2025-07-31	PRESUPUESTOS FIRMADOS/JESUS 40 ARANJUEZ PRY+CSS 31-07-2025.pdf	HOJAS ENCARGO AUTOMATICAS/JESUS 40 ARANJUEZ - 30 07 2025 - PRY+CSS.gdoc
2025-08-29	PRESUPUESTOS FIRMADOS/BENIMAMET 59 SOLO IEE - CP BENIMAMET 59 - 29-08-2025.pdf	HOJAS ENCARGO AUTOMATICAS/BENIMAMET 59 MADRID - 25 08 2025 - IEE.gdoc
2025-09-01	PRESUPUESTOS FIRMADOS/MONTEJURRA 33 MADRID PRY SALVAESCALERAS_signed 01-09-2025.pdf	HOJAS ENCARGO AUTOMATICAS/MONTEJURRA 33 MADRID - 29 08 2025 - PRY SALVAESCALERAS.gdoc
2025-09-03	PRESUPUESTOS FIRMADOS/FRANCISCA DELGADO 7 ALCOBENDAS - SUSTITUCION 7 ASCENSORES 03-09-2025.pdf	HOJAS ENCARGO AUTOMATICAS/FRANCISCA DELGADO 7 ALCOBENDAS - 03 09 2025 - PRY SUST ASC.gdoc
2025-09-03	PRESUPUESTOS FIRMADOS/RONDA DE SEGOVIA 29 MADRID PRY COTA CERO + SUBV 03-09-2025.pdf	HOJAS ENCARGO AUTOMATICAS/RONDA DE SEGOVIA 29 MADRID - 03 09 2025 - PRY + SUBV.gdoc
2025-09-04	PRESUPUESTOS FIRMADOS/MIRADOR DEL PARDO 7 LAS ROZAS - ASCENSORES 04-09-2025.pdf	HOJAS ENCARGO AUTOMATICAS/MIRADOR DEL PARDO 7 LAS ROZAS - 04 09 2025 - PRY SUST ASC.gdoc
2025-09-09	PRESUPUESTOS FIRMADOS/BERASTEGUI 33 MADRID - PRY ASC- 9-09-2025.pdf	HOJAS ENCARGO AUTOMATICAS/BERASTEGUI 33 MADRID - 09 09 2025 - PRY ASC.gdoc
2025-09-09	PRESUPUESTOS FIRMADOS/BERASTEGUI 33 MADRID ascensor 09-09-2025.pdf	HOJAS ENCARGO AUTOMATICAS/BERASTEGUI 33 MADRID - 09 09 2025 - PRY ASC.gdoc
2025-09-09	PRESUPUESTOS FIRMADOS/RIO DUERO 65 LEGANES - SUBV EXTERNA 09-09-2025.pdf	HOJAS ENCARGO AUTOMATICAS/RIO DUERO 65 LEGANES - 30 07 2025 - TRA SUBVENCION.gdoc
2025-09-18	PRESUPUESTOS FIRMADOS/PLAZA LUCA DE TENA 11 MADRID PRY - SATE (CON CESION CAES)- ACCESIB - LE - IEE - SUBV - 18-09-2025.pdf	HOJAS ENCARGO AUTOMATICAS/PLAZA LUCA DE TENA 11 MADRID SATE CON CESION CAES 26-06-2025.docx
2025-10-02	PRESUPUESTOS FIRMADOS/ISLA CRISTINA 1 ARROYOMOLINOS SUST DE VIGA 02-10-2025.pdf	HOJAS ENCARGO AUTOMATICAS/ISLA CRISTINA 1 ARROYOMOLINOS - 01 10 2025 - ESTUDIO TECNICO FAIN.gdoc
2025-10-06	PRESUPUESTOS FIRMADOS/VICENTE CAMARON 1 MADRID PRY + ASC 06-10-2025.pdf	PRESUPUESTOS ENVIADOS/HOJA DE ENCARGO vicente camaron 1 madrid ASCENSOR Y SUBV.docx
2025-10-06	PRESUPUESTOS FIRMADOS/VICENTE CAMARON 1 MADRID SUBV 06-10-2025.pdf	PRESUPUESTOS ENVIADOS/HOJA DE ENCARGO vicente camaron 1 madrid ASCENSOR Y SUBV.docx
2025-10-15	PRESUPUESTOS FIRMADOS/CANCION DEL OLVIDO 33 MADRID PRY SATE+ASC+SUBV CP 15-10-2025.pdf	HOJAS ENCARGO AUTOMATICAS/CANCION DEL OLVIDO 33 MADRID - 17 09 2025 - SATE+ASC CON CAES.gdoc
2025-10-15	PRESUPUESTOS FIRMADOS/JUAN TORNERO 62 HE ELEVADOR IBERLEAN 15-10-2025.docx.pdf	PRESUPUESTOS ENVIADOS/JUAN TORNERO 62 HE ELEVADOR IBERLEAN 15-10-2025.docx
2025-10-28	PRESUPUESTOS FIRMADOS/PIEDRAHITA 2 MADRID ASC 28-10-2025.pdf	PRESUPUESTOS ENVIADOS/PIEDRAHITA 2 MADRID HE ASCENSOR Y SUBV 11-03-2025.docx
2025-11-05	PRESUPUESTOS FIRMADOS/ESTANISLAO FIGUERAS 8 MADRID - IEE 05-11-2025.pdf	PRESUPUESTOS ENVIADOS/HOJA DE ENCARGO estanislao figueras 8 madrid IEE .docx
2025-11-20	PRESUPUESTOS FIRMADOS/ALGODRE 2 MADRID SATE 20-11-2025.pdf	HOJAS ENCARGO AUTOMATICAS/ALGODRE 2 MADRID - 08 10 2025 - SATE CAES.gdoc
2025-12-03	PRESUPUESTOS FIRMADOS/SEGOVIA 49 MADRID PRY ASC 03-12-2025.pdf	HOJAS ENCARGO AUTOMATICAS/SEGOVIA 49 MADRID - 26 11 2025 - INS ASCENSOR.gdoc
2025-12-09	PRESUPUESTOS FIRMADOS/ALCARRIA 60 LEGANES PRY SATE 09-12-2025.pdf	HOJAS ENCARGO AUTOMATICAS/ALCARRIA 60 LEGANES - 09 10 2025 - PRY SATE.gdoc
2025-12-18	PRESUPUESTOS FIRMADOS/SANCHEZ PRECIADO 40 MADRID SATE 18-12-2025.pdf	HOJAS ENCARGO AUTOMATICAS/SÁNCHEZ PRECIADO 40 MADRID - 07 11 2025 - PRY SATE CON CESION DE CAES.gdoc
2026-01-08	PRESUPUESTOS FIRMADOS/AV PRESIDENTE CARMONA 5 ESC D MADRID - 08-01-2026 CSS.pdf	HOJAS ENCARGO AUTOMATICAS/AV PRESIDENTE CARMONA 5 ESC D MADRID - 08 01 2026 - CSS.gdoc
2026-01-13	PRESUPUESTOS FIRMADOS/PARLA 20 GETAFE PRY SATE + ACCES 13-01-2026.pdf	HOJAS ENCARGO AUTOMATICAS/PARLA 20 GETAFE - 27 11 2025 - PRY SATE+SUBV.gdoc
2026-01-22	PRESUPUESTOS FIRMADOS/MALDONADO 33 MADRID INF FOSO REDUCIDO - 22-01-2026.pdf	HOJAS ENCARGO AUTOMATICAS/MALDONADO 33 MADRID - 22 01 2026 - INFORME FOSO REDUCIDO.gdoc
2026-01-27	PRESUPUESTOS FIRMADOS/INDEPENDENCIA 43 SAN SEBASTIAN DE LOS REYES - PRY ASC - 27-01-2026.pdf	HOJAS ENCARGO AUTOMATICAS/INDEPENDENCIA 43 SAN SEBASTIAN DE LOS REYES - 26 01 2026 - PRY ASC+CSS.gdoc
2026-01-28	PRESUPUESTOS FIRMADOS/SAN ROQUE 14 MADRID - SUBV - 28-01-2026.pdf	HOJAS ENCARGO AUTOMATICAS/SAN ROQUE 14 MADRID - 14 01 2026 - SUBACC.gdoc
2026-02-02	PRESUPUESTOS FIRMADOS/ARROYO DE FONTARRON 381 MADRID PRY SATE + ASC + SUBV 02-02-2026.pdf	HOJAS ENCARGO AUTOMATICAS/ARROYO DE FONTARRÓN 381 MADRID - 23 01 2026 - PRY ASC+SATE+SUBV.gdoc
2026-02-04	PRESUPUESTOS FIRMADOS/AV MARQUES DE CORBERA 24B MADRID PRY ASC + SUBV 04-02-2026 (SIN EFECTO).pdf	HOJAS ENCARGO AUTOMATICAS/MARQUES DE CORBERA 24B MADRID - 30 01 2026 - PRY ASC+SUBV.gdoc
2026-02-04	PRESUPUESTOS FIRMADOS/MARQUES DE CORBERA 22C MADRID ASC 04-02-2026.pdf	HOJAS ENCARGO AUTOMATICAS/MARQUES DE CORBERA 22C MADRID - 24 10 2025 - PRY ASC+SUBV.gdoc
2026-02-09	PRESUPUESTOS FIRMADOS/ALFREDO ALEIX 20 MADRID SATE 09-02-2026.pdf	HOJAS ENCARGO AUTOMATICAS/ALFREDO ALEIX 20 MADRID - 22 01 2026 - SATECAES.gdoc
2026-02-09	PRESUPUESTOS FIRMADOS/AV EUROPA 20 ALCOBENDAS INF SUST ASC 09-02-2026.pdf	HOJAS ENCARGO AUTOMATICAS/AV EUROPA 20 ALCOBENDAS - 06 02 2026 - INFORME.gdoc
2026-02-09	PRESUPUESTOS FIRMADOS/FARO 4-6 MADRID SATE 09-02-2026.pdf	HOJAS ENCARGO AUTOMATICAS/FARO 4-6 MADRID  - 16 12 2025 - ENVOL.gdoc
2026-02-09	PRESUPUESTOS FIRMADOS/LONDRES 13 TORREJON DE ARDOZ ASC 09-02-2026.pdf	HOJAS ENCARGO AUTOMATICAS/LONDRES 13 TORREJON DE ARDOZ - 06 02 2026 - PRY SUST ASC.gdoc
2026-02-09	PRESUPUESTOS FIRMADOS/LONDRES 15 TORREJON DE ARDOZ 09-02-2026.pdf	HOJAS ENCARGO AUTOMATICAS/LONDRES 15 TORREJON DE ARDOZ - 06 02 2026 - PRY SUST ASC.gdoc
2026-02-09	PRESUPUESTOS FIRMADOS/MILAN 1 TORREJON DE ARDOZ ASC 09-02-2026.pdf	HOJAS ENCARGO AUTOMATICAS/MILAN 1 TORREJON DE ARDOZ - 06 02 2026 - PRY SUST ASC.gdoc
2026-02-09	PRESUPUESTOS FIRMADOS/MILAN 3 TORREJON DE ARDOZ ASC 09-02-2026.pdf	HOJAS ENCARGO AUTOMATICAS/MILAN 3 TORREJON DE ARDOZ - 06 02 2026 - PRY SUST ASC.gdoc
2026-02-09	PRESUPUESTOS FIRMADOS/MILAN 7 TORREJON DE ARDOZ ASC 09-02-2026.pdf	HOJAS ENCARGO AUTOMATICAS/MILAN 7 TORREJON DE ARDOZ - 06 02 2026 - PRY SUST ASC.gdoc
2026-02-09	PRESUPUESTOS FIRMADOS/MILAN 9 TORREJON DE ARDOZ ASC 09-02-2026.pdf	HOJAS ENCARGO AUTOMATICAS/MILAN 9 TORREJON DE ARDOZ - 06 02 2026 - PRY SUST ASC.gdoc
2026-02-09	PRESUPUESTOS FIRMADOS/SAN CLAUDIO 117 MADRID SATE 09-02-2026.pdf	HOJAS ENCARGO AUTOMATICAS/SAN CLAUDIO 117 MADRID - 17 09 2025 - SATE + SUBV CON CAES.gdoc
2026-02-10	PRESUPUESTOS FIRMADOS/MIESES 2 LAS ROZAS - BAJADA A COTA 0 -10-02-2026.pdf	HOJAS ENCARGO AUTOMATICAS/MIESES 2 LAS ROZAS - 06 02 2026 - PRY BAJADA COTA 0.gdoc
2026-02-11	PRESUPUESTOS FIRMADOS/POLVORANCA 18 LEGANES LEE 11-02-2026.pdf	HOJAS ENCARGO AUTOMATICAS/POLVORANCA 18 LEGANES - 12 11 2025 - LEX.gdoc
2026-02-17	PRESUPUESTOS FIRMADOS/PEDRO UNANUE 22 MADRID - INFORME 17-02-2026.pdf	HOJAS ENCARGO AUTOMATICAS/PEDRO UNANUE 22 MADRID - 16 02 2026 - INFORME.gdoc
2026-03-06	PRESUPUESTOS FIRMADOS/MARIA PEDRAZA 25 MADRID SATE 06-03-2026.pdf	HOJAS ENCARGO AUTOMATICAS/MARIA PEDRAZA 25 MADRID - 15 01 2026 - PRY SATE +SUBV.gdoc
2026-03-16	PRESUPUESTOS FIRMADOS/PLAZA VALSAIN 3 Y 4 MADRID - SUBV 16-03-2026.pdf	HOJAS ENCARGO AUTOMATICAS/PLAZA VALSAIN 3 Y 4  MADRID - 04 03 2026 - SUBV PRY PROP.gdoc
2026-03-17	PRESUPUESTOS FIRMADOS/ISAAC PERAL 5 MOSTOLES SATE + CUBIERTA 17-03-2026.pdf	HOJAS ENCARGO AUTOMATICAS/ISAAC PERAL 5 MOSTOLES - 25 02 2026 - PRY SATE+SUBV.gdoc
2026-03-17	PRESUPUESTOS FIRMADOS/SIMON HERNANDEZ 43-45 MOSTOLES SATE + CUB 17-03-2026.pdf	HOJAS ENCARGO AUTOMATICAS/SIMON HERNANDEZ 43-45 MOSTOLES - 25 02 2026 - PRY SATE+SUBV.gdoc
2026-03-19	PRESUPUESTOS FIRMADOS/AV MARQUES DE CORBERA 28B ASC 19-03-2026.pdf	HOJAS ENCARGO AUTOMATICAS/MARQUES DE CORBERA 28B MADRID - 30 01 2026 - PRY ASC+SUBV.gdoc
2026-04-06	PRESUPUESTOS FIRMADOS/CAMARENA 304 MADRID ASC + SUBV 06-04-2026.pdf	HOJAS ENCARGO AUTOMATICAS/CAMARENA 304 MADRID - 23 01 2026 - ASCSUB.gdoc
2026-04-07	PRESUPUESTOS FIRMADOS/ZARAGOZA 7 FUENLABRADA MEMORIA - 07-04-2026.pdf	HOJAS ENCARGO AUTOMATICAS/ZARAGOZA 7 FUENLABRADA - 25 03 2026 - PRY MEMORIA VALORADA.gdoc
2026-04-08	PRESUPUESTOS FIRMADOS/VALMOJADO 243 MADRID ASC 08-04-2026.pdf	HOJAS ENCARGO AUTOMATICAS/VALMOJADO 243 MADRID - 01 10 2025 - PRY + SUBV.gdoc
2026-04-10	PRESUPUESTOS FIRMADOS/RIO GENIL 10 MOSTOLES ASC - 10-04-2026.pdf	HOJAS ENCARGO AUTOMATICAS/RIO GENIL 10 MOSTOLES - 24 03 2026 - ASC.gdoc
2026-04-14	PRESUPUESTOS FIRMADOS/EL PROVENCIO 31 MADRID ASC - 14-04-2026.pdf	HOJAS ENCARGO AUTOMATICAS/EL PROVENCIO 31 MADRID - 08 04 2026 - PRY ASC.gdoc
2026-04-14	PRESUPUESTOS FIRMADOS/KERRIA 30 ALCOBENDAS - ASC - 14-04-2026.pdf	HOJAS ENCARGO AUTOMATICAS/KERRIA 30 ALCOBENDAS - 22 12 2025 - PRY MODF 2 ASC.gdoc
2026-04-14	PRESUPUESTOS FIRMADOS/OLESA DE MONTSERRAT 34 MADRID - ASC - 14-04-2026.pdf	HOJAS ENCARGO AUTOMATICAS/OLESA DE MONTSERRAT 34 MADRID - 12 03 2026 - INSASC.gdoc
2026-05-08	PRESUPUESTOS FIRMADOS/REAL VIEJA 5 SSRR - DF + SUBV (EXT)- 08-05-2026.pdf	HOJAS ENCARGO AUTOMATICAS/REAL VIEJA 5 SAN SEBASTIAN DE LOS REYES - 09 02 2026 - ASC.gdoc
2026-05-11	PRESUPUESTOS FIRMADOS/CASIMIRO ESCUDERO 11 MADRID IEE 11-05-2026.pdf	HOJAS ENCARGO AUTOMATICAS/CASIMIRO ESCUDERO 11 MADRID - 25 02 2026 - IEE.gdoc
2026-05-12	PRESUPUESTOS FIRMADOS/EMPECINADO 23 MOSTOLES CUBIERTA 12-05-2026.pdf	HOJAS ENCARGO AUTOMATICAS/EMPECINADO 23 MOSTOLES - 25 02 2026 - PRY REP CUBIERTA+SUBV.gdoc
2026-05-12	PRESUPUESTOS FIRMADOS/SALAMANCA 1 MOSTOLES CUBIERTA 12-05-2026.pdf	HOJAS ENCARGO AUTOMATICAS/SALAMANCA 1 MOSTOLES - 25 02 2026 - PRY REP CUBIERTA+SUBV.gdoc
2026-05-12	PRESUPUESTOS FIRMADOS/SALAMANCA 3 MOSTOLES CUBIERTA 12-05-2026.pdf	HOJAS ENCARGO AUTOMATICAS/SALAMANCA 3 MOSTOLES - 25 02 2026 - PRY CUBIERTA+SUBV.gdoc
2026-05-12	PRESUPUESTOS FIRMADOS/SALAMANCA 5 MOSTOLES CUBIERTA 12-05-2026.pdf	HOJAS ENCARGO AUTOMATICAS/SALAMANCA 5 MOSTOLES - 25 02 2026 - PRY CUBIERTA+SUBV.gdoc
2026-05-12	PRESUPUESTOS FIRMADOS/SALAMANCA 7 MOSTOLES CUBIERTA 12-05-2026.pdf	HOJAS ENCARGO AUTOMATICAS/SALAMANCA 7 MOSTOLES - 25 02 2026 - PRY CUBIERTA+SUBV.gdoc
2026-05-13	PRESUPUESTOS FIRMADOS/CASTELLON 15 MOSTOLES SATE + SUBV 13-05-2026.pdf	HOJAS ENCARGO AUTOMATICAS/CASTELLON 15 MOSTOLES - 25 02 2026 - PRY SATE+SUBV.gdoc
2026-05-14	PRESUPUESTOS FIRMADOS/AV MARQUES DE CORBERA 24B MADRID ASC + SATE + SUBV 14-05-2026.pdf	HOJAS ENCARGO AUTOMATICAS/MARQUES DE CORBERA 24B MADRID - 30 01 2026 - PRY ASC+SUBV.gdoc
2026-05-29	PRESUPUESTOS FIRMADOS/TUBO 5 HUMERA ASC (4) + ELEVADOR 29-05-2026.pdf	HOJAS ENCARGO AUTOMATICAS/TUBO 5 HUMERA - 11 05 20256- ASC SUB.gdoc
2026-06-01	PRESUPUESTOS FIRMADOS/RIO GENIL 7 MOSTOLES - ASC - 01-06-2026 - .pdf	HOJAS ENCARGO AUTOMATICAS/RIO GENIL 7 MOSTOLES - 01 06 2026 - PRY ASC +CSS.gdoc
2026-06-03	PRESUPUESTOS FIRMADOS/BALAGUER 4 MADRID - SUBV EXT 03-06-2026.pdf	HOJAS ENCARGO AUTOMATICAS/BALAGUER 4 MADRID - 20 04 2026 - SUBVENCIONES ACCESIBILIDAD.gdoc
2026-06-08	PRESUPUESTOS FIRMADOS/ISTURIZ 9 MADRID - ASC + SUBV - 08-06-2026.pdf	HOJAS ENCARGO AUTOMATICAS/ISTURIZ 9 MADRID - 05 05 2026 - PRY ASC + SUBV.gdoc
2026-06-08	PRESUPUESTOS FIRMADOS/PABLO LAFARGUE 38 MADRID - ASC+SUBV - 08-06-2026.pdf	HOJAS ENCARGO AUTOMATICAS/PABLO LAFARGUE 38 MADRID - 22 12 2025 - ASC.gdoc
2026-06-09	PRESUPUESTOS FIRMADOS/ACEUCHAL 18 MADRID - SUBV - 09-06-2026.pdf	PRESUPUESTOS ENVIADOS/ya firmados/HOJA DE ENCARGO aceuchal 18 madrid PRY+CSS.pdf
2026-06-15	PRESUPUESTOS FIRMADOS/FRANCISCO FATOU 26 MADRID SUBV EXT 15-06-2026.pdf	HOJAS ENCARGO AUTOMATICAS/FRANCISCO FATOU 26 MADRID - 26 05 2026 - SUBVENCIONES EXTERNO.gdoc
2026-06-18	PRESUPUESTOS FIRMADOS/GALLEGOS 12 ALCALA DE HENARES (INTERIOR) - ASC - 18-06-2026 CONTRATO TKE.pdf	HOJAS ENCARGO AUTOMATICAS/GALLEGOS 12 ALCALA DE HENARES - 22 05 2026 - INSTALACIÓN ASCENSOR.gdoc
2026-07-02	PRESUPUESTOS FIRMADOS/CARLOS SOLE 44 MADRID - IEE - 02-07-2026.pdf	HOJAS ENCARGO AUTOMATICAS/CARLOS SOLE 44 MADRID - 16 03 2026 - IEE.gdoc
2026-07-29	PRESUPUESTOS FIRMADOS/NAVARRA 28-30 MADRID - SUBV EXT- 29-07-2026.pdf	HOJAS ENCARGO AUTOMATICAS/NAVARRA 28-30 MADRID - 17 07 2026 - SUBV PROY EXT.gdoc
2026-07-30	PRESUPUESTOS FIRMADOS/HONDURAS 20 COSLADA - INFORME - 30-07-2026.pdf	HOJAS ENCARGO AUTOMATICAS/HONDURAS 20 COSLADA - 28 07 2026 - INFORME.gdoc
2026-07-30	PRESUPUESTOS FIRMADOS/PIZARRO 4 TORREJON DE ARDOZ - INFORME - 30-07-2026.pdf	HOJAS ENCARGO AUTOMATICAS/PIZARRO 4 TORREJON DE ARDOZ - 28 07 2026 - INFORME.gdoc
2026-09-25	PRESUPUESTOS FIRMADOS/FERENC PUSKAS 28 MADRID - MEDICIONES Y CIEGO - 25-09-2026.pdf	HOJAS ENCARGO AUTOMATICAS/FERENC PUSKAS 28 MADRID - 11 09 2026 - MEDICIONES Y CIEGO.gdoc
